id,sales
3000888,4.505069839401402
3000889,0.0036920471198169146
3000890,5.23738293484903
3000891,2421.1562533379843
3000892,0.07016301777318162
3000893,404.5120038663428
3000894,12.112384105241869
3000895,848.6234554424237
3000896,868.7758972497206
3000897,146.2430901751309
3000898,148.16372761221317
3000899,127.14928468120812
3000900,2983.51941752133
3000901,22.987850147056285
3000902,1.861289649399364
3000903,29.728290342025584
3000904,31.895066146036203
3000905,0.1252415392836963
3000906,178.3695270109934
3000907,14.296682453118267
3000908,32.26526046986021
3000909,25.78382614537799
3000910,115.10725741577374
3000911,6.378545695115191
3000912,287.26763245550944
3000913,190.62554128798217
3000914,4.775564595265536
3000915,7.866678952762489
3000916,299.0121205085462
3000917,74.60474963947823
3000918,4155.127541302544
3000919,16.33358277854868
3000920,28.551083539045045
3000921,1.7568281252075986
3000922,0.06357527480185293
3000923,3.0659861762435634
3000924,1278.8590398159326
3000925,0.002870993796362447
3000926,101.61665927458198
3000927,3.3403205752021963
3000928,682.3601500849885
3000929,306.79782067846793
3000930,245.91129898574974
3000931,41.92725379251167
3000932,31.681910618911594
3000933,2558.908189611942
3000934,4.296629289777644
3000935,0.45752352989906087
3000936,9.995610984859667
3000937,11.306636547636874
3000938,0.15099660693105527
3000939,150.86822156756412
3000940,3.4628920970951027
3000941,0.544553985336579
3000942,10.81834370886854
3000943,21.01152598216179
3000944,0.3637269621136808
3000945,161.1341096872359
3000946,165.6049512883701
3000947,0.7683824635786352
3000948,3.3597090422896403
3000949,120.14590946422733
3000950,23.72345756786773
3000951,255.0428117660699
3000952,36.02261936014009
3000953,2.148301515420507
3000954,6.750941027185354
3000955,0.22456845546101206
3000956,6.0243651876374615
3000957,4145.816022041298
3000958,0.0030573939037037558
3000959,619.9433701547845
3000960,13.203475581768808
3000961,1769.576552688799
3000962,663.100894952584
3000963,431.09769502577046
3000964,207.85125524871478
3000965,75.04414543322314
3000966,6364.49840929078
3000967,21.707425069507092
3000968,0.6742401827450096
3000969,31.52337712440405
3000970,22.636734608976813
3000971,0.20051604517172286
3000972,425.37057813321786
3000973,7.264675055328052
3000974,23.404292071221995
3000975,14.048395148829087
3000976,45.76866147182301
3000977,2.1043834225971336
3000978,537.0666158068157
3000979,378.02763442126695
3000980,2.095661866449651
3000981,14.293975076340024
3000982,410.87415628743366
3000983,81.0076354848874
3000984,1524.2690156134424
3000985,46.08150324093717
3000986,8.445469022815383
3000987,4.872097824296907
3000988,0.04364558569047864
3000989,2.695342174665053
3000990,1571.2708143175334
3000991,0.0028176370685570277
3000992,178.43915238164297
3000993,9.553017780567588
3000994,819.4195043805377
3000995,391.44879146918043
3000996,196.66970660535117
3000997,50.78841101902697
3000998,36.57709663514717
3000999,2517.5222102504777
3001000,6.993892873658725
3001001,0.5461426680818023
3001002,13.897698748746656
3001003,23.274755130922408
3001004,0.15209807008677778
3001005,154.30290618871967
3001006,4.948344089046326
3001007,0.14033161983514675
3001008,18.586236586900604
3001009,37.605597857325975
3001010,1.2688761922424563
3001011,131.18718193199444
3001012,168.81341738926054
3001013,1.1388772299040868
3001014,5.4956660393996435
3001015,139.4782936058034
3001016,36.67516026527837
3001017,385.8764672148098
3001018,65.60979523637445
3001019,3.2499554737502083
3001020,4.552225635800983
3001021,0.0028017846103345887
3001022,3.553143020020791
3001023,1426.0568406497857
3001024,0.0028085915577301104
3001025,133.90704149983938
3001026,6.1210025907448244
3001027,691.945426449774
3001028,301.1393009670294
3001029,139.6023496015082
3001030,36.27971847896126
3001031,28.709574497027834
3001032,2486.473676271334
3001033,8.996704606501204
3001034,0.24509453041341223
3001035,14.154742030537408
3001036,13.856286580803065
3001037,0.07114681526563942
3001038,133.79684592023813
3001039,1.6115205550932792
3001040,0.1255908942644033
3001041,6.34549647672819
3001042,37.87256554355559
3001043,0.861102183792655
3001044,124.39007269476403
3001045,176.08974576394928
3001046,0.4433162126238762
3001047,4.219934642165122
3001048,67.84489759424156
3001049,23.851392276857638
3001050,189.73145727513378
3001051,67.56743489698931
3001052,1.4467990705139908
3001053,3.4821177465645547
3001054,0.004420881754138439
3001055,2.717791426069307
3001056,1367.3044440504111
3001057,0.0030467829314250474
3001058,165.54806908198475
3001059,8.170946400798769
3001060,934.3296897590997
3001061,399.25685026928767
3001062,234.66439147420996
3001063,31.849716757549427
3001064,42.280148233162976
3001065,2595.031454440609
3001066,5.690256710205086
3001067,0.2600255776228036
3001068,13.056940965618072
3001069,24.4019525668089
3001070,0.12041719381678978
3001071,182.1509552872717
3001072,1.020895225099036
3001073,0.10376852478012856
3001074,11.288277401426837
3001075,27.861529759374434
3001076,1.7182161796901794
3001077,196.89743833747525
3001078,292.04574670515433
3001079,0.832374692413915
3001080,5.020980947338026
3001081,62.680461823788654
3001082,80.16270855192707
3001083,376.1727511184351
3001084,27.566830863360863
3001085,4.137138965298682
3001086,3.3160434810144603
3001087,0.9675895254789959
3001088,4.176825522101338
3001089,1690.3153514507994
3001090,0.0028296296321241214
3001091,162.97303318879793
3001092,3.6828860671037704
3001093,863.9343188633726
3001094,404.39779412785936
3001095,267.7336704973085
3001096,83.33125262737315
3001097,54.68145655720507
3001098,3297.5054003366454
3001099,7.185165947361814
3001100,1.0861273926840458
3001101,27.249800115589288
3001102,21.73135930355693
3001103,0.14394494729239066
3001104,221.80724576044315
3001105,6.911275412017716
3001106,0.11614482183376487
3001107,16.048365842924774
3001108,28.980184613429913
3001109,1.6642607571617236
3001110,119.62762349931201
3001111,184.65042869483125
3001112,0.7894581569768617
3001113,4.6910058971947715
3001114,111.72630138578145
3001115,37.23236705382316
3001116,725.9587090848127
3001117,56.426892236677915
3001118,4.671412995055343
3001119,4.567852006119519
3001120,0.2513436024204523
3001121,2.3266351487234673
3001122,1298.630277225786
3001123,0.0029793339113970804
3001124,152.49396434837436
3001125,4.262247790183755
3001126,781.8712653993072
3001127,249.67544779481193
3001128,158.90407676517768
3001129,109.7131343822582
3001130,30.242661646548395
3001131,2112.760409710004
3001132,5.064735848925328
3001133,0.24616060083312583
3001134,13.194856310060427
3001135,17.58463356653761
3001136,0.1495200254583678
3001137,146.44266884962525
3001138,0.0036970603520725225
3001139,0.45623641353129313
3001140,11.184127279955296
3001141,30.660327239353897
3001142,1.0286738945601912
3001143,50.15490126629343
3001144,142.15185226127483
3001145,0.729500192343958
3001146,2.7417450976652034
3001147,63.0424705727811
3001148,33.090797711430824
3001149,597.6367226243195
3001150,19.930319362466744
3001151,1.557914665682893
3001152,6.9233118743568145
3001153,0.4035781491783448
3001154,3.3991422745321804
3001155,2587.7265357435112
3001156,0.0030254653682488474
3001157,289.936168327893
3001158,5.871508858082151
3001159,994.9133460089973
3001160,713.4284736934958
3001161,442.373165208545
3001162,142.917145434919
3001163,77.90194439459957
3001164,3927.719159005459
3001165,12.780020722946311
3001166,1.0274525811644097
3001167,23.109206523625282
3001168,28.65068805915553
3001169,0.12218472438052527
3001170,251.76287570416406
3001171,0.9183646925086177
3001172,5.781310294758024
3001173,12.528967120040829
3001174,41.81214024543707
3001175,3.2967861340638875
3001176,230.61842338187768
3001177,246.79803828521244
3001178,2.0026823973967236
3001179,7.539986203006897
3001180,272.6512191177421
3001181,55.66761267730026
3001182,1627.5021922222131
3001183,64.49544990969525
3001184,11.416589540502672
3001185,3.200984134360204
3001186,0.24890317530155687
3001187,3.9927113324316994
3001188,1870.2145491741408
3001189,0.0025158822788477224
3001190,541.0991051975575
3001191,6.899903016066293
3001192,547.659596677829
3001193,549.7839142400649
3001194,169.05420638259358
3001195,127.41873519834698
3001196,42.54377404471363
3001197,2620.6950928184538
3001198,11.43529388890513
3001199,0.896084573135805
3001200,20.14330975761926
3001201,24.226037599411317
3001202,0.06263084104145573
3001203,161.32079479474658
3001204,6.962161691938248
3001205,20.88795330935219
3001206,11.31249629229767
3001207,57.74069843608151
3001208,1.8194901546760536
3001209,67.93727053683567
3001210,147.140379436163
3001211,2.790506413750883
3001212,5.973769060411373
3001213,134.84253658424825
3001214,46.03073063499643
3001215,1712.3842417440155
3001216,64.35714520871812
3001217,10.649880187309462
3001218,5.1044486163745155
3001219,0.27962152036881244
3001220,3.4310625977606124
3001221,2431.948474776921
3001222,0.0028279785695761207
3001223,158.578743663196
3001224,6.4721540175120555
3001225,804.7679635495875
3001226,339.83592137544986
3001227,286.63448254563394
3001228,49.4434430592305
3001229,40.53803877991092
3001230,3162.1642480200576
3001231,12.623037373370472
3001232,1.162836176411222
3001233,15.068514971688044
3001234,20.645789175524925
3001235,0.1410490131528009
3001236,165.08130756004567
3001237,7.126529258063723
3001238,0.1307303660280067
3001239,9.321039668132322
3001240,39.58698146565345
3001241,2.3259376211267186
3001242,121.17778278157404
3001243,186.11832076273438
3001244,1.093745844536222
3001245,4.661709833001076
3001246,83.46375279876005
3001247,28.079541692647325
3001248,506.2354430885074
3001249,61.363225744195816
3001250,4.627892340855768
3001251,5.908205221655156
3001252,0.038452317248023365
3001253,7.088050073205542
3001254,2756.773255742696
3001255,0.02932454775252373
3001256,583.3463413277641
3001257,10.34293449175506
3001258,858.8050488613812
3001259,847.7890352369814
3001260,222.63724197301931
3001261,153.73144507441754
3001262,110.80179866913069
3001263,3914.9970769803176
3001264,27.28541374610351
3001265,1.2199566334223273
3001266,20.40686080058928
3001267,36.32968198128232
3001268,0.11426535303563978
3001269,221.35700652629416
3001270,17.92290377719768
3001271,28.095012234540437
3001272,23.23654008389976
3001273,83.43881076119533
3001274,7.9195076334202446
3001275,448.58679160899453
3001276,268.0493108509307
3001277,8.097964867393124
3001278,7.3327987194319295
3001279,403.10538454868066
3001280,93.2996672927024
3001281,3311.8433289809814
3001282,31.25500117421918
3001283,29.05819946726078
3001284,5.7204211159887555
3001285,0.21483203118778016
3001286,5.124452077607626
3001287,3144.0092022008416
3001288,0.0029988803351803416
3001289,397.1863219575142
3001290,5.448257148270193
3001291,1178.6650064337387
3001292,696.0522857505904
3001293,489.9052724566942
3001294,73.39454726826753
3001295,67.29289029384371
3001296,4330.978937176028
3001297,9.869889194424784
3001298,0.5460995022922671
3001299,18.813386181667003
3001300,20.296721565460253
3001301,0.04082901411665009
3001302,257.86136406670636
3001303,2.048321115583348
3001304,18.664326065085355
3001305,9.010110521992239
3001306,45.87399066151173
3001307,1.263539194619843
3001308,219.99963409867598
3001309,306.9019396272407
3001310,3.0373855629172315
3001311,5.312766204078377
3001312,232.51295090633792
3001313,56.32028912217156
3001314,1046.5560422100918
3001315,95.953460725319
3001316,9.505783258004902
3001317,8.28276494831647
3001318,0.412795967031797
3001319,4.838429213716833
3001320,2749.0758081836952
3001321,0.0031569310555873715
3001322,393.28401306422916
3001323,6.638250240619406
3001324,1330.517446852084
3001325,650.4654639489903
3001326,272.3759202496261
3001327,199.2921548733006
3001328,75.78326406686618
3001329,3455.3403649905003
3001330,11.761614290893888
3001331,0.6103790958267926
3001332,31.330074636028293
3001333,33.45696523155625
3001334,0.1866765519704594
3001335,252.90118667537433
3001336,2.931964517438255
3001337,36.9822749400345
3001338,14.035561756097707
3001339,72.99362013267476
3001340,1.8984488805388422
3001341,103.6842797816997
3001342,239.84687918594494
3001343,2.338328291576587
3001344,6.2635809095837764
3001345,152.00005973587506
3001346,122.65574001646699
3001347,1887.656023349671
3001348,38.12205852325745
3001349,4.389169976981664
3001350,3.8427457944458303
3001351,0.18607101651708413
3001352,3.366187481072815
3001353,1812.720517628489
3001354,0.002980686294482179
3001355,127.9991776507267
3001356,6.483898527247085
3001357,643.0526127806578
3001358,369.40455472954585
3001359,142.8390126173047
3001360,44.39114268017172
3001361,52.445038180200505
3001362,2342.3017073514516
3001363,7.03797963045578
3001364,0.8809763878767048
3001365,28.761004776253
3001366,26.272367037149806
3001367,0.04184765301802689
3001368,161.86646263499887
3001369,0.49102911270397676
3001370,0.15186974638779713
3001371,6.252013173737728
3001372,70.07111184013164
3001373,2.379934167839771
3001374,85.80876486274941
3001375,148.5156349688584
3001376,1.0001967368181943
3001377,5.06083352925298
3001378,144.9650910879955
3001379,32.2048033846911
3001380,584.7594852331794
3001381,51.09778259782898
3001382,1.6170008477535522
3001383,2.1673374095151394
3001384,0.003160898530610814
3001385,3.553168811427737
3001386,1355.2979280201566
3001387,0.16279824866591186
3001388,271.24196722792055
3001389,9.734388816885055
3001390,603.4459738919774
3001391,534.0414167507234
3001392,128.30539906472856
3001393,45.78191376398889
3001394,65.22977443509626
3001395,2097.482089444834
3001396,22.985161075382283
3001397,0.3852631285651593
3001398,9.978085537730763
3001399,22.735889600472603
3001400,0.26632845539119526
3001401,124.16168332797672
3001402,11.436384470412362
3001403,18.115657019192856
3001404,16.54641119618837
3001405,55.11196329675959
3001406,3.998542983199912
3001407,507.2932779069846
3001408,151.99852676935163
3001409,3.4416109737183715
3001410,4.818411809929463
3001411,299.73088745331694
3001412,33.04621386164721
3001413,1495.9767213328773
3001414,5.261338037142564
3001415,8.823726452822529
3001416,2.768684567655965
3001417,0.11525321455131451
3001418,5.869713341618761
3001419,3645.637847768163
3001420,0.04599154466543082
3001421,817.456825671072
3001422,15.30969773002483
3001423,1262.6354477420387
3001424,1412.1288801338098
3001425,288.9130235452107
3001426,224.55265334329854
3001427,173.27353045239374
3001428,4270.7877571702065
3001429,28.18991553659876
3001430,1.026684416262044
3001431,22.278056020099378
3001432,41.6660130848341
3001433,0.07839009735369332
3001434,246.92017997382487
3001435,11.692931525545433
3001436,48.00313679114103
3001437,17.641957331881372
3001438,94.85538561488364
3001439,11.539981323672539
3001440,379.6940331201847
3001441,300.9400574672458
3001442,16.16520484488825
3001443,9.60268382753148
3001444,496.8036597120203
3001445,113.75542677045375
3001446,6335.858040727317
3001447,18.471544023515868
3001448,28.154116992159807
3001449,2.6755914668285405
3001450,0.06681785720305508
3001451,4.316163465935971
3001452,1966.5021586180887
3001453,0.022759599341949585
3001454,358.32135049245
3001455,6.205384142431923
3001456,461.3267477157168
3001457,584.4420764483349
3001458,143.58175237665228
3001459,114.4622520074186
3001460,92.549213353152
3001461,1695.697565415055
3001462,16.462866941709393
3001463,1.0428205916797362
3001464,22.971817552083508
3001465,20.357256482673996
3001466,0.059825729099740974
3001467,96.47719439341876
3001468,0.0028900085252269525
3001469,35.58072445796554
3001470,16.93840408954721
3001471,147.44012635721512
3001472,6.9555239115764085
3001473,203.64257654912439
3001474,114.75617933113158
3001475,4.104367055432526
3001476,5.27578841934513
3001477,156.88980739663901
3001478,40.03503892228147
3001479,2240.1636823070376
3001480,21.404817000946544
3001481,4.500770224596498
3001482,3.717129093183312
3001483,0.024369428011543064
3001484,3.4983275584626057
3001485,884.1171994370084
3001486,0.004269118238057235
3001487,227.13672723733436
3001488,4.895365183217365
3001489,362.4843370603327
3001490,256.04023965609673
3001491,84.30255688028595
3001492,32.70755524948328
3001493,45.56195682896799
3001494,1537.1486577426585
3001495,6.057688695042514
3001496,0.7675965785711353
3001497,11.603328001907382
3001498,14.38431336452708
3001499,0.27308646371515444
3001500,69.03761623304445
3001501,0.3509008188342224
3001502,15.779242834491896
3001503,19.176679616266565
3001504,34.386545153577146
3001505,0.25535795937663286
3001506,224.3066854956257
3001507,137.02479733773342
3001508,1.992347763068919
3001509,1.4881068698682243
3001510,127.31598948215019
3001511,21.180474290566572
3001512,1039.9343112863926
3001513,17.553204532069586
3001514,2.5630533739622865
3001515,5.68094139388872
3001516,0.25858563428881126
3001517,4.6216661171917295
3001518,2967.87526421181
3001519,0.11342875297249458
3001520,615.0118065418499
3001521,14.261375629815044
3001522,805.8754202732836
3001523,965.9553017123503
3001524,284.9365632373739
3001525,208.66141138671594
3001526,106.64161829562315
3001527,3526.044827492889
3001528,26.90980154709598
3001529,2.5647510823136366
3001530,20.963724154345947
3001531,30.146416817497027
3001532,0.2067852895564822
3001533,208.24307741836387
3001534,5.959544988807451
3001535,53.82753834887484
3001536,16.080275132175174
3001537,116.26213011134837
3001538,3.8777780043548407
3001539,262.7831625265067
3001540,247.49406423555388
3001541,9.132639042396146
3001542,8.56982887975878
3001543,351.0871824926139
3001544,72.18889756802807
3001545,4154.433815071257
3001546,21.179885038238517
3001547,16.892204549001193
3001548,5.462094295862437
3001549,0.022923600969587378
3001550,3.5909533758259964
3001551,2859.1185165183156
3001552,0.0033466132289755265
3001553,514.9727678481514
3001554,10.879285673788207
3001555,979.364306283873
3001556,783.1171987713474
3001557,302.22063802275727
3001558,190.1601038854531
3001559,64.91455302815606
3001560,4192.908740838045
3001561,11.637251711827023
3001562,0.8884029047456368
3001563,29.926580252873187
3001564,22.688857887818767
3001565,0.7096069794571224
3001566,222.2531079230213
3001567,0.004050179632952134
3001568,23.662679304751077
3001569,13.637268724772422
3001570,69.91472060104203
3001571,1.0172578532704628
3001572,160.9238886574425
3001573,276.680268898167
3001574,4.105740658479415
3001575,4.3541457391147205
3001576,175.14715232530136
3001577,65.32704412535618
3001578,1695.5202236664172
3001579,61.468774253025586
3001580,4.537590741566489
3001581,5.24692571025592
3001582,0.49205378741613637
3001583,4.118470563555546
3001584,2759.4699734066503
3001585,0.0033387804606256136
3001586,533.9080753917765
3001587,9.666334105713394
3001588,853.8405257674837
3001589,724.519183715129
3001590,243.0241889993768
3001591,170.29102560529057
3001592,63.40234024886431
3001593,3636.22919765573
3001594,11.4524535031261
3001595,1.1576809566402164
3001596,24.18832531964435
3001597,25.048748821219796
3001598,0.0653750498547952
3001599,217.80483930709886
3001600,0.004009843264018563
3001601,24.697645795858286
3001602,8.981074831577345
3001603,81.36397428857039
3001604,1.328081107681271
3001605,101.01127254938994
3001606,221.37809897695354
3001607,3.7069670052798167
3001608,4.6180228065496
3001609,154.46351796675714
3001610,61.48676965648106
3001611,1627.5264850882606
3001612,51.09987211229994
3001613,5.685929996544577
3001614,9.228988199822284
3001615,0.9284500554352872
3001616,13.47803621198836
3001617,7390.962857585537
3001618,0.07029850050671702
3001619,1247.242353013868
3001620,35.217541051036676
3001621,1902.4788269683982
3001622,2073.6618807996088
3001623,359.3913241579949
3001624,435.0708325921049
3001625,311.2889622678784
3001626,7470.040628358315
3001627,69.57775238035501
3001628,2.696557782294858
3001629,57.75620192712081
3001630,51.22321131968099
3001631,1.4041025499949806
3001632,452.97014954156816
3001633,35.868153744286914
3001634,69.23125836146122
3001635,35.01565697453564
3001636,200.81776685772812
3001637,22.199820736391942
3001638,657.6281721002973
3001639,472.53522875882874
3001640,17.04203300877601
3001641,22.58668690735348
3001642,1023.3754485801337
3001643,241.88053138005503
3001644,10711.345717522212
3001645,30.955607750377148
3001646,81.28283527737005
3001647,3.194601734123285
3001648,0.27015793117091474
3001649,2.8699091369380656
3001650,1736.5917947292821
3001651,0.0029710905639651775
3001652,171.7090575003242
3001653,4.7169567078183405
3001654,619.0558250527398
3001655,300.51152579031543
3001656,119.59393644606243
3001657,112.24263159388128
3001658,48.45292287518872
3001659,2288.78711244947
3001660,5.04356686080668
3001661,0.5464218323548921
3001662,13.699247764368195
3001663,12.03891538662584
3001664,0.14166909943994735
3001665,159.07573348092245
3001666,0.4863010605348188
3001667,0.11346692813137567
3001668,8.869596407271036
3001669,52.267837078872546
3001670,0.770560066832755
3001671,53.467724485836285
3001672,104.27758333410749
3001673,1.7491792921036509
3001674,4.220400162053242
3001675,95.26056695912105
3001676,20.611073460181355
3001677,686.7827375362448
3001678,25.200100528377185
3001679,4.149689761780017
3001680,7.719576403136588
3001681,0.44703144183564253
3001682,4.56015697498493
3001683,3172.754206841884
3001684,0.0030226303539715744
3001685,476.3244021369317
3001686,8.524872804411604
3001687,1031.636943404281
3001688,711.0319316463083
3001689,227.09269192913987
3001690,243.48214603315918
3001691,82.25375837747502
3001692,3892.4259462697923
3001693,11.896108242741832
3001694,0.5687795033007066
3001695,19.553966200675582
3001696,21.924057002730223
3001697,0.10897319337263696
3001698,232.18087714282186
3001699,1.0751896890721637
3001700,24.309057444438288
3001701,15.68693274761195
3001702,32.0973169031066
3001703,1.0789446011021147
3001704,263.1720897000524
3001705,260.9217829840313
3001706,3.503447282463666
3001707,5.945368751001464
3001708,108.92915318624154
3001709,59.97165850151226
3001710,1567.4563982280679
3001711,48.7635368319808
3001712,4.9206216037736645
3001713,1.5873050250380074
3001714,0.03759313960006098
3001715,2.1424341875690063
3001716,1182.4578935518393
3001717,0.0026867324356516873
3001718,117.66339497932606
3001719,3.4311614676403144
3001720,634.9855675186657
3001721,177.51965388933968
3001722,93.97085962833827
3001723,156.72477616204577
3001724,20.04127554344322
3001725,1823.8459195036216
3001726,1.4966200640185028
3001727,0.4315981361564327
3001728,10.57428458896473
3001729,10.02758804736699
3001730,0.2135198874142325
3001731,82.53928828845847
3001732,0.003301341280588785
3001733,0.1311351364715481
3001734,21.372496648277167
3001735,38.08529996711314
3001736,0.2242682538793216
3001737,58.73319780928083
3001738,92.31112910544532
3001739,0.449492628757521
3001740,1.3597969856215235
3001741,50.2501339553583
3001742,11.11129833004781
3001743,196.6590256075418
3001744,15.853625538270496
3001745,1.7881202787030972
3001746,6.224682104184315
3001747,0.058528702147268644
3001748,3.1312449268348863
3001749,2017.8591741662904
3001750,0.003010412715025529
3001751,238.74793227358143
3001752,7.64743778788425
3001753,855.5409019333879
3001754,438.50332087758267
3001755,174.35023965015608
3001756,137.57109330467972
3001757,56.539694733444335
3001758,2781.0193613564434
3001759,3.495955893730674
3001760,0.559482803432382
3001761,34.586574822124675
3001762,21.74283974842894
3001763,0.23133676139236056
3001764,203.86424083280855
3001765,0.003713736643572447
3001766,0.6094230277565545
3001767,16.865422872997616
3001768,50.04715605593307
3001769,1.4608819418585761
3001770,210.80993576606144
3001771,216.1954226088838
3001772,1.7432830547333935
3001773,3.8075237459414986
3001774,194.5154347707039
3001775,31.969105883919013
3001776,1978.4493317945041
3001777,19.853011660931003
3001778,1.014877257492631
3001779,3.3678776826123857
3001780,0.3758398386083783
3001781,4.530475326014462
3001782,2428.499058094062
3001783,0.003030924355251519
3001784,652.5928786693867
3001785,8.227453629315225
3001786,831.7734162224572
3001787,677.6488051297213
3001788,235.17700951821652
3001789,102.6848558129915
3001790,81.3836945785923
3001791,3739.0509663613702
3001792,6.988612871546154
3001793,2.803023340573845
3001794,27.393974043259725
3001795,37.35094382465968
3001796,0.17996152329329418
3001797,207.01712313071303
3001798,2.1389908865168032
3001799,20.787069808196115
3001800,34.18513032075921
3001801,39.98528867643591
3001802,2.1185742641982355
3001803,157.28692709926787
3001804,284.1988407954095
3001805,2.957685420770082
3001806,5.68114284233949
3001807,122.97838849613389
3001808,30.74317668650718
3001809,812.9803459562339
3001810,63.024057655881094
3001811,2.6984686159190425
3001812,4.055742755621507
3001813,0.038551312010627156
3001814,2.054809369087173
3001815,1519.9110961476172
3001816,0.0029540129141568785
3001817,116.54124004859082
3001818,2.2195399168307164
3001819,494.5499704220171
3001820,179.34591334181465
3001821,96.32853854325694
3001822,120.9814198151275
3001823,42.20878116362749
3001824,1874.2716942246896
3001825,4.7180340563031
3001826,0.6428490436929866
3001827,10.765042188145927
3001828,12.060626283197767
3001829,0.19346417882931433
3001830,83.97157661429729
3001831,0.003637647827248092
3001832,0.14572251648158305
3001833,13.617670569978749
3001834,62.305688413747724
3001835,0.598959542419629
3001836,150.40547086143974
3001837,83.6340114064129
3001838,0.7623884164266042
3001839,1.1365190545487107
3001840,38.23408212330205
3001841,18.092980286230627
3001842,412.0551441453058
3001843,18.029735869337554
3001844,0.9341475209804481
3001845,4.462374799578123
3001846,0.02748909345986161
3001847,2.974369560294361
3001848,3421.29361316809
3001849,0.0033753735784897566
3001850,510.45709414465705
3001851,8.767603870783658
3001852,837.0689754801463
3001853,667.4688844235611
3001854,200.15973738590043
3001855,116.0682443771747
3001856,77.76121445862269
3001857,3498.697824868781
3001858,7.343264344141527
3001859,0.47003085634461367
3001860,42.834855535275054
3001861,16.391450481562185
3001862,0.11849899525067611
3001863,207.77188103072174
3001864,0.02076008172476381
3001865,32.0228082134272
3001866,11.884677560337181
3001867,82.06740270649203
3001868,0.9853379367309327
3001869,200.29552300606517
3001870,230.68003940283222
3001871,3.2849444436999273
3001872,3.53074683142022
3001873,106.5776629503282
3001874,41.566787334562505
3001875,1639.9902568703808
3001876,42.57102907847863
3001877,1.264952017309918
3001878,3.8848313529298837
3001879,0.023498417018313525
3001880,7.223715596112496
3001881,2752.8163440175726
3001882,0.042877160938421435
3001883,571.7347117961056
3001884,7.391147865539578
3001885,1060.4976346279152
3001886,976.9210887117554
3001887,157.37443182766083
3001888,125.78357305014488
3001889,123.32529251855956
3001890,3695.657258577977
3001891,40.02553860686214
3001892,1.6517549743815003
3001893,32.18260185287291
3001894,32.545799379307276
3001895,0.2452364703789622
3001896,217.29283888275728
3001897,19.8570975570266
3001898,33.880243626631575
3001899,21.10471958082087
3001900,101.81365985829966
3001901,9.008516198518146
3001902,218.50855504180186
3001903,278.14891903120395
3001904,10.964210294489941
3001905,11.622711633497348
3001906,238.11601063981203
3001907,89.59433876379347
3001908,4289.041075307812
3001909,10.345901125627574
3001910,13.746373235535557
3001911,5.068516881699727
3001912,0.012590389648755392
3001913,7.031932364137202
3001914,2298.009290896198
3001915,0.03008409141903088
3001916,454.98586094351725
3001917,11.941407388841899
3001918,884.3691150556103
3001919,837.4493728218699
3001920,144.75007408776486
3001921,79.4971241556229
3001922,130.67936914579585
3001923,3454.837336167157
3001924,25.356853767814638
3001925,1.2102190579604837
3001926,36.89976314646883
3001927,30.46217856759018
3001928,0.03829752253975813
3001929,271.93669383496444
3001930,19.419419914222182
3001931,25.771783873014034
3001932,18.0549196761578
3001933,109.00539207464703
3001934,9.594061215665201
3001935,163.1254947515523
3001936,337.26331932610685
3001937,7.008058948751842
3001938,9.589103117695752
3001939,123.39575487051178
3001940,88.82800927317027
3001941,3165.3592669443033
3001942,64.63898740216885
3001943,15.019701929407631
3001944,7.999362345667825
3001945,0.2651791950918905
3001946,4.715429216485873
3001947,3142.9146888533915
3001948,0.0032247230040584633
3001949,629.3626100948729
3001950,5.80347041453382
3001951,1508.887072723904
3001952,621.2305399386623
3001953,172.12923764599353
3001954,301.3503861521873
3001955,59.2435759469483
3001956,4632.398920555179
3001957,25.271828218333443
3001958,1.5165703123691652
3001959,26.229452671108632
3001960,22.208785196501243
3001961,0.15913006385056788
3001962,310.19778360559485
3001963,4.655509180390439
3001964,21.735321866521044
3001965,15.912748813775774
3001966,54.12263829216582
3001967,3.6143774428041535
3001968,142.47406368457672
3001969,283.6345556941646
3001970,5.550709398161979
3001971,8.352586213396993
3001972,176.75683840938402
3001973,52.794848677485035
3001974,1623.005294649437
3001975,36.732388435768684
3001976,11.815450684151205
3001977,4.103149023263031
3001978,0.028095923500319232
3001979,5.847775742506758
3001980,2272.1149283198442
3001981,0.0679959015010124
3001982,371.8996111344967
3001983,6.837386009353126
3001984,814.5060867649938
3001985,827.9326252219687
3001986,196.90864670064377
3001987,127.27724631378052
3001988,93.18537982541585
3001989,3169.1788052017378
3001990,22.449830722301048
3001991,1.2210203062391072
3001992,18.986633064665934
3001993,15.639567237321984
3001994,0.2501518508888336
3001995,183.60493708713517
3001996,16.451029350245882
3001997,28.789080760886975
3001998,25.720795739882533
3001999,75.05598818641842
3002000,6.696205368805383
3002001,324.82213826366615
3002002,238.1585905178427
3002003,5.902027122648521
3002004,8.305816983428548
3002005,353.03771126689867
3002006,62.89419619947136
3002007,3220.64560665159
3002008,25.899957268422945
3002009,24.982057522119042
3002010,3.2422283056506638
3002011,0.3270190672734949
3002012,3.442768883951685
3002013,4677.135145898676
3002014,0.003062671719723017
3002015,411.95164222017866
3002016,9.445057332209773
3002017,1629.9294006267442
3002018,676.2904336677973
3002019,266.5778102394251
3002020,152.52060527720863
3002021,64.74935833405289
3002022,5188.546994706968
3002023,10.146279793831285
3002024,1.66789709230523
3002025,29.44839948866332
3002026,26.0209394245645
3002027,0.17662483882489532
3002028,334.31769033802976
3002029,0.0038044935106856482
3002030,4.683536526036249
3002031,14.43358714419411
3002032,55.36353045845405
3002033,2.0191994532307023
3002034,121.51075049393089
3002035,302.4542756188536
3002036,2.965155021678743
3002037,8.875605064402802
3002038,163.843479024627
3002039,49.52292402351877
3002040,1333.765830017926
3002041,47.85767368237596
3002042,4.487896656919965
3002043,6.253628600398746
3002044,0.052480235626987476
3002045,7.264760741728166
3002046,2314.227381558209
3002047,0.027906669987772217
3002048,439.8350639406207
3002049,10.097754752442102
3002050,964.9056008065995
3002051,740.4697231851501
3002052,208.9253632855287
3002053,112.84045845841811
3002054,129.9914567662222
3002055,3398.409402531895
3002056,26.948908194628608
3002057,1.1840715685354484
3002058,27.33308093940417
3002059,34.17956801526161
3002060,0.10201527086160664
3002061,214.66499017150085
3002062,13.019704631911669
3002063,26.650504925326622
3002064,17.067017258363293
3002065,74.22531544400198
3002066,10.08240049743279
3002067,174.99573827287864
3002068,310.2911199855055
3002069,10.23657349521644
3002070,8.712823920148518
3002071,165.49676080962757
3002072,58.62633459772313
3002073,2872.1973754592586
3002074,17.540127015950592
3002075,6.609460939598773
3002076,3.042045163024007
3002077,0.01434796651396352
3002078,5.658751115941146
3002079,2365.801542025169
3002080,0.06279478150376239
3002081,400.3664707351071
3002082,8.599301767176847
3002083,682.2003540000711
3002084,802.8497239805412
3002085,161.39215008410113
3002086,104.56868134897262
3002087,95.40751173427496
3002088,2646.5140405251323
3002089,26.714792255391806
3002090,0.9145115433888504
3002091,26.109793287437586
3002092,29.96852247209948
3002093,0.09551498358181812
3002094,183.54799492976358
3002095,11.855137922055421
3002096,53.591952022295175
3002097,9.121083182086988
3002098,63.84152206827063
3002099,8.52583556264279
3002100,189.6574433078845
3002101,200.57322995139936
3002102,8.19175579543021
3002103,7.825230723967807
3002104,201.16663539510435
3002105,47.865177583736646
3002106,3218.7104204377647
3002107,13.682470750335103
3002108,12.491066934518294
3002109,6.249954204115583
3002110,0.08154071226913606
3002111,4.658948441515275
3002112,4243.2221123586405
3002113,0.003325704114024504
3002114,493.231619059472
3002115,10.13638868353248
3002116,1075.3170966925186
3002117,671.3544409279492
3002118,266.0125697316034
3002119,181.64173518390325
3002120,62.49907985008986
3002121,4125.766734210305
3002122,8.706713045569089
3002123,0.5307573816212572
3002124,18.938078184954637
3002125,24.11903065808926
3002126,0.11821968614485731
3002127,214.53629601351034
3002128,0.004041877717074551
3002129,20.00155608145571
3002130,13.880373457328623
3002131,66.7189069463598
3002132,2.8169527327517923
3002133,170.1174469752077
3002134,261.57193469055693
3002135,2.618120148808278
3002136,2.7037684779481745
3002137,190.29134009322644
3002138,101.82552873904388
3002139,1521.1451038504506
3002140,44.45859386281787
3002141,0.7877581479345211
3002142,14.46386603018804
3002143,0.0030268417869386806
3002144,14.28047335314751
3002145,8076.305961499041
3002146,0.06193219017748561
3002147,1468.0162528226194
3002148,25.142314692525918
3002149,2307.292479323183
3002150,2418.416341233727
3002151,508.11627535307343
3002152,538.0404285870136
3002153,385.67917367842097
3002154,8863.950676007815
3002155,76.94605993180997
3002156,4.1423126336826215
3002157,108.53065931374267
3002158,109.17453155318364
3002159,1.397106585265032
3002160,555.3061766333367
3002161,29.864384568574035
3002162,36.098681794786096
3002163,60.15864850715895
3002164,305.54174060996354
3002165,20.514949838919463
3002166,736.2974784452734
3002167,529.9449058824393
3002168,32.056614595116606
3002169,33.33695069830268
3002170,1044.4832223727105
3002171,319.92912397968877
3002172,12472.158782743174
3002173,312.4118908746047
3002174,89.46795625718383
3002175,14.180375512574109
3002176,0.003025463863787637
3002177,12.98846993858059
3002178,7463.713716976297
3002179,0.08780353946976846
3002180,1138.0324799464338
3002181,26.309173214640204
3002182,2236.9998258272162
3002183,2062.7649691741512
3002184,563.4780321854239
3002185,328.2339705765975
3002186,308.3486645514354
3002187,9064.714846568837
3002188,80.23342495260516
3002189,1.5076587211937489
3002190,65.95026702218414
3002191,81.81749092734795
3002192,0.9715790376368364
3002193,535.0126860167336
3002194,24.932728700294014
3002195,42.02625894529176
3002196,23.601670096700456
3002197,182.0653453820029
3002198,16.927716491357373
3002199,900.6728603370035
3002200,585.7835191758438
3002201,20.053656373743173
3002202,26.67261389525921
3002203,1085.669674867335
3002204,230.77620181314575
3002205,8379.091800149039
3002206,314.88238393150425
3002207,73.15010922742954
3002208,10.930758782563082
3002209,0.002855571509868883
3002210,17.927517866324028
3002211,4291.2364533392565
3002212,0.11487075721514597
3002213,733.8236802888036
3002214,13.844630806823472
3002215,1860.766420986966
3002216,1271.8911413931853
3002217,599.3865789752373
3002218,109.47055156369495
3002219,227.53931957919465
3002220,7272.056884866625
3002221,36.784057702108576
3002222,2.4613673261894444
3002223,47.95958240246049
3002224,33.387941706286824
3002225,0.7561340596364735
3002226,483.42595657482207
3002227,25.93015209980931
3002228,37.24344656912854
3002229,15.861151343304577
3002230,108.47324745084758
3002231,8.944025314425492
3002232,859.0198934296
3002233,583.7812205653701
3002234,18.845580869452778
3002235,30.608598878396915
3002236,643.5550986216178
3002237,110.30369422087949
3002238,3381.24057695185
3002239,264.5765264511623
3002240,37.998114041029794
3002241,13.894356635740923
3002242,0.0029055025488690946
3002243,19.32930638509166
3002244,7001.820168090684
3002245,0.094266449443699
3002246,1017.7535473457933
3002247,18.897812990299517
3002248,1937.2547728400195
3002249,1891.3432731561147
3002250,541.0286641144593
3002251,289.36003529554097
3002252,231.22317095078256
3002253,8611.5819512076
3002254,46.25488689640734
3002255,1.5356971798135621
3002256,72.47200870270464
3002257,63.60898878617515
3002258,1.1758951279748766
3002259,515.791569830371
3002260,30.41712919184305
3002261,42.1551374483723
3002262,32.94855113926266
3002263,181.602345011311
3002264,12.145418123619889
3002265,697.9643421027242
3002266,608.997900372193
3002267,18.98644589977235
3002268,24.097297207938805
3002269,901.214937751625
3002270,200.26853412189746
3002271,7588.458179553569
3002272,301.89028130350664
3002273,60.497962707268705
3002274,10.71082400072478
3002275,0.002855571509868883
3002276,16.538970175649343
3002277,3496.170462322031
3002278,0.02412511053451503
3002279,634.1771619226714
3002280,15.85930478151481
3002281,1660.3562509615251
3002282,995.6881484801223
3002283,503.5620673386114
3002284,82.78295083102469
3002285,161.75348431920366
3002286,6005.984574857999
3002287,31.484525137218593
3002288,0.4820921852866771
3002289,33.024580820227584
3002290,34.863017785968324
3002291,0.28714133857212415
3002292,444.2057743151026
3002293,25.964483002274235
3002294,19.825983028342336
3002295,16.61619563661978
3002296,97.60578172387086
3002297,4.995904778548777
3002298,649.2541391140913
3002299,577.900904289694
3002300,14.233486698734644
3002301,19.89089620418492
3002302,610.8360099486927
3002303,77.96345652964645
3002304,2398.9534742362434
3002305,349.5523783818422
3002306,19.888412333134895
3002307,10.38724785205991
3002308,0.0030764437664893085
3002309,12.890631625208417
3002310,6577.19442467506
3002311,0.05809230244913653
3002312,1147.4827716830714
3002313,26.633142760382068
3002314,1711.2889218668965
3002315,2136.910411231268
3002316,379.6806858839291
3002317,406.4378179827153
3002318,306.7525361196421
3002319,6874.032215376982
3002320,63.69939047207499
3002321,1.6988629801003565
3002322,51.20926411639765
3002323,53.13981586988356
3002324,0.7547008191553106
3002325,399.6006356163841
3002326,13.728794335334918
3002327,41.22591208645875
3002328,17.652348332214743
3002329,233.19751935303498
3002330,16.451001971668397
3002331,633.8367599126532
3002332,489.6538749818056
3002333,16.17573280793741
3002334,27.62056499398851
3002335,801.3261473714412
3002336,221.09109343569872
3002337,10915.095704000736
3002338,245.56699982188758
3002339,71.82484754096895
3002340,5.533122512242308
3002341,0.3458050590724466
3002342,6.694720407750174
3002343,1773.9515276515085
3002344,0.031519010847861975
3002345,356.38911728194216
3002346,21.37809654868865
3002347,829.0428463813137
3002348,575.7508816822289
3002349,226.99154072446336
3002350,78.70951844648154
3002351,91.95926190458533
3002352,2768.020018658778
3002353,23.90493233515659
3002354,1.2009014627205326
3002355,27.941184884638893
3002356,29.701217913601518
3002357,0.11512778266908351
3002358,183.84002581091696
3002359,10.81132115284299
3002360,15.748488710206079
3002361,19.436831731444137
3002362,65.29266832471924
3002363,6.925732777846346
3002364,217.87887886385414
3002365,246.4652739382181
3002366,3.4194101115886317
3002367,6.561155913771175
3002368,208.32932750612065
3002369,59.344758287371775
3002370,2100.1747549754978
3002371,29.317437492933713
3002372,9.273228103831268
3002373,9.756311219175481
3002374,0.002899289217636874
3002375,11.701485686795415
3002376,3635.8870106542827
3002377,0.06601763848249223
3002378,541.1842676152289
3002379,33.76966897025471
3002380,1378.566272968347
3002381,999.9071350171918
3002382,401.006397513402
3002383,85.97899823082749
3002384,142.06201744616135
3002385,5492.545003407749
3002386,53.6589583626367
3002387,1.6675127125554612
3002388,55.074885274891514
3002389,42.00697586628741
3002390,0.25722073249023736
3002391,298.0907378444606
3002392,14.652227749736845
3002393,29.691928095427865
3002394,26.158730026585552
3002395,131.4549123488409
3002396,8.456416134497214
3002397,509.37908261846314
3002398,448.216454683093
3002399,9.878941127074551
3002400,19.735780893894244
3002401,347.47159917764657
3002402,86.07905284916993
3002403,2612.8140150135173
3002404,286.75718916738737
3002405,17.625163293109114
3002406,6.440090046796422
3002407,0.0026533239554571465
3002408,6.789131758599692
3002409,4724.585619892163
3002410,0.05187842285143376
3002411,870.4111976391193
3002412,10.139046720547636
3002413,1478.3839284165429
3002414,1632.5436289709648
3002415,272.00636932383554
3002416,323.33677275245304
3002417,251.2957280586508
3002418,5354.980078033923
3002419,38.73331578812522
3002420,1.767918536795578
3002421,34.781878646821674
3002422,55.84537095829145
3002423,0.5818131558057794
3002424,293.24796819731483
3002425,2.727312648392448
3002426,54.497268541035915
3002427,19.087279070392167
3002428,134.20994039888006
3002429,9.871995097135457
3002430,533.7683417185352
3002431,308.5583397869688
3002432,17.214612016163954
3002433,10.279091577676272
3002434,733.2231555755368
3002435,134.3714856988856
3002436,8211.308466429919
3002437,229.04106733657147
3002438,48.08558908522057
3002439,8.281953633401098
3002440,0.003664632810739008
3002441,8.719106733095018
3002442,4070.459333792146
3002443,0.0036791138648812633
3002444,816.272125148862
3002445,10.345429911599531
3002446,1451.7421789768193
3002447,1116.4057527311265
3002448,327.9525168170026
3002449,215.53454109657156
3002450,261.6640828080693
3002451,5352.259147883523
3002452,36.54562879653392
3002453,3.1361029010747625
3002454,47.30529659661289
3002455,44.14803361666159
3002456,0.12924490205859687
3002457,306.24456417654164
3002458,7.731987971556643
3002459,66.34934814023292
3002460,10.825477184888824
3002461,262.4866099132956
3002462,9.908574189079456
3002463,376.6316438130756
3002464,319.9991594006317
3002465,11.7606817712617
3002466,23.280119322308998
3002467,401.21770659950613
3002468,120.07987898313858
3002469,7478.271442282224
3002470,97.61646771577794
3002471,7.575018304201097
3002472,7.36414055923102
3002473,0.04922033547074159
3002474,4.894571981939507
3002475,2107.3605935034016
3002476,0.02321343095360502
3002477,443.93798561768625
3002478,6.8406782224551215
3002479,874.7663952044775
3002480,587.1039379031301
3002481,228.89519330436644
3002482,82.90219844167318
3002483,98.71842330062515
3002484,2747.5458458422345
3002485,14.718657539011545
3002486,1.2763190761379624
3002487,27.61816387721987
3002488,26.52566381720478
3002489,0.11906429897715647
3002490,195.7705315770341
3002491,5.018050566448855
3002492,22.084046484554825
3002493,12.3402236906899
3002494,84.7369522235175
3002495,4.182893313591361
3002496,233.5354149876356
3002497,228.68685889208382
3002498,4.293284483008655
3002499,6.599069647379675
3002500,167.908968924153
3002501,65.17354661947236
3002502,3043.147999770786
3002503,28.571860690757028
3002504,4.2399016317622875
3002505,6.197675886927524
3002506,0.05689665866230436
3002507,2.1264415126799534
3002508,2810.302555371609
3002509,0.0031432171876375433
3002510,219.09148762423044
3002511,4.492523189207722
3002512,952.8961824620427
3002513,253.92073418739386
3002514,195.99072902395065
3002515,58.6929765908265
3002516,30.067654899361543
3002517,3618.1405177692545
3002518,10.803948990155254
3002519,0.8635655486858388
3002520,19.985597845557034
3002521,17.702820724194446
3002522,0.16218246933192906
3002523,195.9886894686812
3002524,0.0038946654607726586
3002525,0.12112791547145682
3002526,9.691070905539362
3002527,55.95367730965463
3002528,0.940482262610034
3002529,42.046211185123596
3002530,162.31616593635417
3002531,0.08952548443261422
3002532,2.1388264508435797
3002533,52.980002748555506
3002534,72.85872684341237
3002535,717.8975323974043
3002536,18.77762790535172
3002537,2.459094708297013
3002538,6.10523646065621
3002539,0.009238358965822913
3002540,6.664249291555052
3002541,2939.2067948874865
3002542,0.025906635834896823
3002543,513.6297937814705
3002544,11.230083986083336
3002545,1156.330841555962
3002546,937.5088823668164
3002547,314.19265685721086
3002548,159.2163260369134
3002549,141.52120361235944
3002550,4659.45369197566
3002551,30.76851802031841
3002552,1.0067122764673015
3002553,26.249917471901497
3002554,48.34827504241801
3002555,0.07340175909792793
3002556,253.1996154759108
3002557,19.30544096619417
3002558,29.319434957604017
3002559,17.768354243580866
3002560,84.54741977754232
3002561,6.454273380537373
3002562,383.79880894982927
3002563,309.8875656649672
3002564,8.610576229783062
3002565,13.08950747574318
3002566,493.33704534459144
3002567,97.96583318976357
3002568,3808.4060921347864
3002569,20.11629369508384
3002570,33.264794029853405
3002571,4.883246977894833
3002572,0.04598653836282567
3002573,6.574395551966428
3002574,4452.712869928112
3002575,0.20184437449944226
3002576,699.3003645715971
3002577,15.55367905813091
3002578,1148.1109638569278
3002579,1540.8613286433902
3002580,183.59017962557598
3002581,284.2501952987093
3002582,195.57322480742565
3002583,4525.595661192451
3002584,36.509200305459586
3002585,2.6281729000362737
3002586,32.78516554877685
3002587,38.75145498349403
3002588,0.85355880381729
3002589,243.86148957215437
3002590,12.144427060061497
3002591,52.351378711669504
3002592,16.31722055059647
3002593,137.98800829795022
3002594,12.596353754411886
3002595,433.80505647632094
3002596,263.914377136995
3002597,6.622555913376342
3002598,13.006762581887429
3002599,630.3335999978458
3002600,151.12860854836558
3002601,7314.979365593571
3002602,33.49995138871059
3002603,45.672375268029086
3002604,4.570289018891969
3002605,0.41061832425512723
3002606,9.731414099847129
3002607,4367.036689357009
3002608,0.060853201142902276
3002609,820.957910217847
3002610,19.20545817209962
3002611,1276.8715895995706
3002612,1498.9208311078596
3002613,272.1034797253053
3002614,293.2391206243939
3002615,161.52968991599784
3002616,4831.323629525215
3002617,36.67143025889
3002618,2.919152737741386
3002619,41.52027718753265
3002620,47.01755020188635
3002621,0.2541482866702942
3002622,306.17826553161103
3002623,26.678304720053834
3002624,50.57279569543478
3002625,33.15403984291386
3002626,142.77736542597458
3002627,14.502046787149252
3002628,374.0939435806766
3002629,331.6313206802286
3002630,15.073273766931454
3002631,17.04745164673027
3002632,528.5528412555861
3002633,150.0990635435878
3002634,7052.675259048901
3002635,32.57171209089411
3002636,36.734379301745385
3002637,11.831832034565716
3002638,0.3056313087788277
3002639,7.290269767813361
3002640,2841.881260237091
3002641,0.003134722292710885
3002642,444.4586675561791
3002643,13.620071248475162
3002644,1473.4279787602716
3002645,766.1331210445886
3002646,477.1945586257681
3002647,144.1586475253438
3002648,87.8947476666402
3002649,5663.063911859088
3002650,10.126614776115726
3002651,1.4434348960723127
3002652,45.849467362637995
3002653,38.869523368136534
3002654,0.07370940042591866
3002655,342.72671057867336
3002656,8.907005375587682
3002657,25.93595216147495
3002658,17.145838758599048
3002659,50.480854525187866
3002660,3.3799655856428283
3002661,296.73647674385563
3002662,400.00744205087085
3002663,6.126343389766314
3002664,6.986978044106764
3002665,349.1193770346176
3002666,93.16539926801045
3002667,1488.139322113337
3002668,167.8803338794864
3002669,14.654032836123456
3002670,4.355003981193647
3002671,0.003683833293226658
3002672,4.406044921757692
3002673,1897.5360778170796
3002674,0.05733872319551772
3002675,357.1716503411691
3002676,12.330150326736916
3002677,668.040496875758
3002678,620.5016452040068
3002679,118.4166720202808
3002680,114.99640997320965
3002681,109.28762353519804
3002682,2413.6160127313688
3002683,20.80926378967327
3002684,1.7853502552742377
3002685,28.90614432512958
3002686,26.808821669516924
3002687,0.12855323701648105
3002688,145.91491388357986
3002689,13.679974802797897
3002690,15.463625137651858
3002691,7.5868841946815495
3002692,100.90983882746309
3002693,6.1465937678220985
3002694,257.95238071706603
3002695,158.12777134199683
3002696,4.539335055836217
3002697,7.7937129338950255
3002698,246.25654152828292
3002699,62.80199998459775
3002700,2133.674411796018
3002701,0.05035807176163415
3002702,22.899229333634437
3002703,1.7363569015271172
3002704,0.05140456820192166
3002705,2.5218701761060505
3002706,1097.2688095417407
3002707,0.002865723822863998
3002708,83.8498571187188
3002709,3.333275470135732
3002710,620.610403744412
3002711,216.05071570206735
3002712,206.4450283984773
3002713,38.37747297564209
3002714,28.74448679433013
3002715,2217.0845022564936
3002716,4.24760069820118
3002717,0.45600748197949054
3002718,8.573717057421728
3002719,6.463718239658766
3002720,0.13844342856219508
3002721,133.26958033178036
3002722,3.500386574002891
3002723,0.02165963076847164
3002724,2.011494030511182
3002725,15.713374989424246
3002726,0.33558066980255813
3002727,197.6627205497404
3002728,145.42817509222118
3002729,0.5718721399899837
3002730,3.3066433805270083
3002731,125.37748898821147
3002732,23.20445665018842
3002733,190.38779470924362
3002734,1.969496705141575
3002735,2.257034185668118
3002736,6.555694753645021
3002737,0.20470693787954514
3002738,5.065900986352625
3002739,4124.66531145231
3002740,0.003052080379231083
3002741,649.414035018597
3002742,13.433884843286814
3002743,1575.4425288123361
3002744,493.9393799372021
3002745,412.2512454741134
3002746,186.2044890051856
3002747,70.38928250048014
3002748,6105.24892683066
3002749,22.42257804783182
3002750,0.714544776219073
3002751,29.394658917120665
3002752,17.994426762237
3002753,0.19506540018022012
3002754,376.3508525485291
3002755,7.255099643603748
3002756,2.4401407456294715
3002757,9.387539673017004
3002758,41.8074605934426
3002759,2.183095772081412
3002760,737.007945309163
3002761,330.17681190102286
3002762,2.0637809366918054
3002763,13.151771414637322
3002764,407.8766303520223
3002765,77.72374314053326
3002766,1092.0268063843473
3002767,18.63904576975009
3002768,8.774544408140493
3002769,4.844098062871585
3002770,0.040397519902262216
3002771,1.0255138130137882
3002772,1425.032052319391
3002773,0.0028079082228506078
3002774,149.6529929980844
3002775,9.680719216944839
3002776,679.8622923123069
3002777,295.7685137400753
3002778,169.2666850376053
3002779,53.172818725945255
3002780,35.63235702957246
3002781,2389.3427034502038
3002782,6.9582453196164735
3002783,0.5844828801994773
3002784,12.56448521515446
3002785,15.4081154626121
3002786,0.1279511803217087
3002787,139.00366472510268
3002788,4.927366113768394
3002789,0.012434977916617148
3002790,13.018811830349339
3002791,34.209199050188005
3002792,1.5073554066611792
3002793,252.28563965749788
3002794,142.60709159114654
3002795,1.1155270165446831
3002796,6.012419396757522
3002797,161.84745393680805
3002798,31.596214346981068
3002799,299.2377587150347
3002800,5.789482137723132
3002801,3.2112917067516573
3002802,4.244777017539294
3002803,0.002792127397929921
3002804,2.3339142091246226
3002805,1238.4274809910917
3002806,0.002798903586429256
3002807,111.15614252336181
3002808,6.073071492369132
3002809,631.1989574902922
3002810,214.38541370124042
3002811,121.3597561867662
3002812,37.044215649001195
3002813,25.78276211352471
3002814,2349.212233736906
3002815,9.901169927198149
3002816,0.24334387884547565
3002817,13.944665499993311
3002818,8.139019196262515
3002819,0.05935081587499107
3002820,113.49391805251692
3002821,1.6063089159313153
3002822,0.0045105572682290354
3002823,2.419087806357772
3002824,32.903861254276116
3002825,0.8649410144408651
3002826,158.5001386280378
3002827,142.25303207679826
3002828,0.44120085071176124
3002829,4.173515353930169
3002830,94.98456143077371
3002831,20.685217543895607
3002832,163.91637325328452
3002833,4.717560586428795
3002834,1.596636299609521
3002835,3.46210317602939
3002836,0.01758326342196204
3002837,2.3209821709674396
3002838,1283.080430416992
3002839,0.0030363633256155894
3002840,157.14511056555398
3002841,8.222951533319545
3002842,867.0811300845182
3002843,312.03943791792756
3002844,216.93130856782784
3002845,31.485038426695446
3002846,42.12273751306896
3002847,2451.3576579360033
3002848,5.681715084819798
3002849,0.2590837832148118
3002850,11.117591738893095
3002851,18.88787118806421
3002852,0.11988739264165515
3002853,163.31591170258676
3002854,1.0508953829059469
3002855,0.004017250110868948
3002856,3.1925750945270592
3002857,19.635202372282407
3002858,1.6983807213768358
3002859,327.6173776028173
3002860,206.9471209537336
3002861,0.829519857764347
3002862,4.881123931784715
3002863,69.5228642425544
3002864,78.6370847240884
3002865,304.9997492818135
3002866,5.185644332486529
3002867,4.9808186257857185
3002868,3.128397314656529
3002869,0.8156825745335344
3002870,3.3784071877632234
3002871,1580.3459247277488
3002872,0.002819835249353835
3002873,145.6461732910631
3002874,3.9194536739528036
3002875,736.3305495702136
3002876,285.0501311347788
3002877,250.99234146955808
3002878,80.03750464546769
3002879,58.112022655702916
3002880,2478.0134639914722
3002881,7.278065496887057
3002882,2.6128686739196514
3002883,19.4158485897183
3002884,14.556086011737909
3002885,0.14351643080560336
3002886,187.9328985028537
3002887,6.746882931628656
3002888,0.0037377052697553604
3002889,3.610136168423578
3002890,23.84778427195207
3002891,1.4782059489840502
3002892,146.00103162314917
3002893,167.29862611596752
3002894,0.7619144856458893
3002895,4.639441809937424
3002896,104.84713220093316
3002897,37.95447069300883
3002898,505.4667153384755
3002899,10.018123292918496
3002900,4.8127774640637355
3002901,4.439161385298832
3002902,0.233862389540907
3002903,1.0142805314166876
3002904,1178.4654985871234
3002905,0.0029651121460246765
3002906,136.31515742874575
3002907,4.565941636988298
3002908,670.6632386512406
3002909,197.9381637163234
3002910,136.20309826855268
3002911,106.16754382953745
3002912,27.979026709605154
3002913,1856.9823901721177
3002914,4.861362369290539
3002915,0.2727703162605733
3002916,11.500886535695921
3002917,11.005570289019394
3002918,0.14880481638049228
3002919,131.51990571670854
3002920,0.00368541427450669
3002921,0.014162338045063842
3002922,2.866806893069894
3002923,26.406970866946008
3002924,1.0564336465932918
3002925,60.13040893944191
3002926,120.23934952257707
3002927,0.7289186165075126
3002928,2.933801262497437
3002929,60.77474365114445
3002930,29.859643435517405
3002931,409.4167156656546
3002932,0.13187567842980422
3002933,1.580694262207109
3002934,6.415949791958081
3002935,0.43834982017688023
3002936,2.8152132407654746
3002937,2362.8716088601777
3002938,0.0030202077764165847
3002939,247.46921058916377
3002940,6.184680603910745
3002941,870.3644969531332
3002942,527.1382004640496
3002943,387.78194441877963
3002944,146.23312834376077
3002945,76.92804918635615
3002946,3559.2860973044194
3002947,12.641153527177776
3002948,1.0474070167685752
3002949,20.592007135213738
3002950,23.1650376553309
3002951,0.11794319157033209
3002952,208.15056236434197
3002953,1.214677813082084
3002954,0.03107850157581056
3002955,5.890568247278387
3002956,34.97111668209144
3002957,3.2816072760915813
3002958,298.10778457179515
3002959,209.79049435362043
3002960,2.1792440398818362
3002961,7.7345050275747385
3002962,275.970721781346
3002963,54.7922736170873
3002964,1014.1550769625152
3002965,11.048076062887047
3002966,11.812292861747421
3002967,3.19565209556525
3002968,0.24150202614768254
3002969,3.4495506645270795
3002970,1727.1696712787475
3002971,0.002515468650432671
3002972,507.3305841850807
3002973,7.190054240712328
3002974,479.52568084922257
3002975,446.36643382747604
3002976,162.97743742530434
3002977,129.2923638932371
3002978,39.368230573695726
3002979,2324.963590949119
3002980,11.618718220457845
3002981,0.8955716790786021
3002982,15.040960538476867
3002983,13.489818328546226
3002984,0.06345525925482683
3002985,151.85557666555673
3002986,6.586187108954851
3002987,1.8676299132060126
3002988,8.953038810881285
3002989,54.3963765214674
3002990,1.812432257601306
3002991,184.0750442166627
3002992,144.01232038046837
3002993,2.7000239650753945
3002994,5.738671929971088
3002995,153.33205485810922
3002996,41.18882039849549
3002997,1144.1152770331694
3002998,64.75406330218973
3002999,11.646647101806378
3003000,5.0881822266398
3003001,0.31173724442408035
3003002,2.9548454465277487
3003003,2086.9208032434008
3003004,0.0028264076091814114
3003005,138.29814675021836
3003006,6.504553840744136
3003007,708.182350878001
3003008,262.1956491745208
3003009,250.38399555436504
3003010,50.4507937619324
3003011,38.73655761137753
3003012,2871.4132889403777
3003013,12.98586570316376
3003014,1.229825998220661
3003015,12.799652276782272
3003016,11.869046855715721
3003017,0.14095530008228824
3003018,138.71226473538232
3003019,6.573869341655091
3003020,0.013760983370963327
3003021,3.7921214107003216
3003022,35.132667635455896
3003023,2.2254094372065873
3003024,146.1345830474347
3003025,152.6213798559249
3003026,1.0743597211396803
3003027,4.622241726020887
3003028,166.16079658567838
3003029,27.024212394060534
3003030,376.792025483827
3003031,9.507003347578596
3003032,5.0109643877393175
3003033,5.506715302476499
3003034,0.03860029150412243
3003035,6.893086004022383
3003036,2277.498258209236
3003037,0.029371926770489352
3003038,521.1934902812204
3003039,10.581018550307933
3003040,718.2339057334156
3003041,695.722225831813
3003042,178.9195997083103
3003043,126.04218031002978
3003044,91.12115567991982
3003045,3201.1692981622414
3003046,26.098371885913487
3003047,1.2235096207399851
3003048,17.629517617586583
3003049,29.138410956646133
3003050,0.11150202864999108
3003051,194.52082756512652
3003052,17.438393342778433
3003053,12.707785479296389
3003054,5.545412114961822
3003055,87.36833571239691
3003056,8.013894848719566
3003057,391.99017257074337
3003058,219.46055165732798
3003059,8.089448658397398
3003060,6.996650306884457
3003061,345.4762377002312
3003062,85.83393052738333
3003063,1763.728028187196
3003064,0.06011205651827872
3003065,26.345226638998966
3003066,5.70726956108487
3003067,0.22735508405893254
3003068,4.462511269998446
3003069,3023.279119902721
3003070,0.0029983711531558666
3003071,360.945109746409
3003072,5.990115136747221
3003073,1104.8581207049644
3003074,534.5537515754968
3003075,454.7806213078936
3003076,72.43407195839403
3003077,66.35527833014065
3003078,4490.899093627944
3003079,11.354732459054965
3003080,0.5531783276341921
3003081,17.2680467337621
3003082,12.628201834389829
3003083,0.03987950419142247
3003084,241.43347234173686
3003085,1.9814945316878432
3003086,5.2753436960120235
3003087,4.007844464206223
3003088,38.09871548641775
3003089,1.230838522599096
3003090,509.80185018311823
3003091,260.464651531169
3003092,3.0223198386437904
3003093,5.110040130796885
3003094,247.78992518705965
3003095,54.59768782598894
3003096,757.3899589144733
3003097,56.3888543001039
3003098,9.540112984821322
3003099,8.296533903489458
3003100,0.40888305152380866
3003101,3.24401425985061
3003102,2453.665834011241
3003103,0.003151539577519202
3003104,329.2988322804776
3003105,6.602653130592812
3003106,1248.8260673511593
3003107,448.04512766280595
3003108,233.36630435923854
3003109,186.93536815615417
3003110,71.44558176295943
3003111,3012.700153906631
3003112,11.629016947078616
3003113,0.6164260085670862
3003114,27.26770843509218
3003115,25.893009113569956
3003116,0.1855003167997252
3003117,231.7291194898648
3003118,2.8997943732653733
3003119,2.5215817545426678
3003120,7.0895863697405455
3003121,74.91317392167454
3003122,1.877845167278148
3003123,119.67608521596705
3003124,216.9186564357132
3003125,2.115369013628297
3003126,5.873318982552158
3003127,144.49251429004428
3003128,115.92334839900754
3003129,951.0812549799239
3003130,0.7990525513824212
3003131,4.30917462918355
3003132,3.815303625593698
3003133,0.17643393786907396
3003134,1.7255388736756727
3003135,1646.7972322771566
3003136,0.00298697945614275
3003137,114.57579696393697
3003138,6.918120809288826
3003139,542.3514295494381
3003140,262.5526428303364
3003141,126.07382229304443
3003142,43.06973482456632
3003143,46.06743536410201
3003144,2124.8578647811655
3003145,6.982815558375699
3003146,0.8480547950352312
3003147,27.701195790496303
3003148,14.95805273455366
3003149,0.041879000090130875
3003150,150.24386707529374
3003151,0.49098913152271495
3003152,0.0050923649996728725
3003153,4.012011468381013
3003154,57.51061320058683
3003155,2.3607147749859254
3003156,109.16136467129604
3003157,132.6808100467109
3003158,0.9952148865582867
3003159,4.991727244835522
3003160,141.40562044306344
3003161,28.383531036616354
3003162,406.36779772549187
3003163,7.433311837991025
3003164,1.785324565557681
3003165,2.1638990933907776
3003166,0.003158006336917464
3003167,2.6427745319566815
3003168,1140.204815133773
3003169,0.16091978153446773
3003170,222.34242869150845
3003171,9.973931534366308
3003172,443.48351593513365
3003173,406.65408123008706
3003174,109.7582339196223
3003175,40.106919496681954
3003176,56.66669095070325
3003177,1903.5824148938507
3003178,22.948156229095087
3003179,0.3232414337987534
3003180,9.969193540937976
3003181,15.31882760485616
3003182,0.26581265296671563
3003183,102.39887542445038
3003184,10.315152951462883
3003185,1.4187620960621494
3003186,4.017938673358728
3003187,55.34767308312246
3003188,3.979592939206223
3003189,671.483813052814
3003190,135.56049889316802
3003191,3.2985458052896455
3003192,4.397517632234428
3003193,248.63872664704968
3003194,32.15530060397158
3003195,959.6553630253054
3003196,0.049999506517261316
3003197,7.794660454875158
3003198,2.852546974174856
3003199,0.13684084508856198
3003200,4.289133360050007
3003201,2805.942886238942
3003202,0.031010973128315314
3003203,640.9847687362264
3003204,15.980580729506146
3003205,958.6465364122861
3003206,1017.1477785501477
3003207,222.37470613096448
3003208,178.8671485440699
3003209,151.14021696907082
3003210,3156.8714733892766
3003211,32.375490750216926
3003212,0.9343230427468491
3003213,17.89489573272221
3003214,27.305124894342057
3003215,0.07324904470084591
3003216,189.98433362255344
3003217,9.79420161260704
3003218,27.914647457732727
3003219,9.054291581063659
3003220,80.76655560891042
3003221,11.63353709285395
3003222,320.2560440331715
3003223,222.59228101282557
3003224,15.232379794266976
3003225,9.479756072809678
3003226,422.8116964700963
3003227,97.44696646683775
3003228,2856.2581136395193
3003229,0.0749427598997794
3003230,22.35100568684974
3003231,2.8443534504676298
3003232,0.06305300963937976
3003233,2.9481176979024424
3003234,1717.7488322182624
3003235,0.022700428129112722
3003236,329.15007260560265
3003237,6.582930430807181
3003238,361.7861045043221
3003239,455.46004825168507
3003240,121.37733814323364
3003241,107.94866167180591
3003242,87.11750420828238
3003243,1500.9084044804813
3003244,16.340109145231285
3003245,1.030120924594105
3003246,22.3719298225444
3003247,15.776930791757477
3003248,0.06701348291359133
3003249,79.1810637525702
3003250,0.0029031098717503374
3003251,16.695747487128756
3003252,4.909585570832977
3003253,136.3926279444743
3003254,6.955278882041675
3003255,160.3356209441558
3003256,104.79688844104541
3003257,4.104532067136397
3003258,5.653691909418141
3003259,142.3533845746505
3003260,36.97847468373746
3003261,1060.9298227065167
3003262,0.6383033063095619
3003263,4.577001430887617
3003264,3.650424703605523
3003265,0.04398752520021785
3003266,0.6318807066492269
3003267,704.0221222830835
3003268,0.0032121467178212295
3003269,184.25749618237776
3003270,4.968112178069804
3003271,287.2055207031051
3003272,189.9917923196241
3003273,65.28804706527569
3003274,28.132191706766676
3003275,38.749517389363774
3003276,1195.429807428527
3003277,5.742893553010632
3003278,0.6256920431354251
3003279,9.691542042262338
3003280,7.72414356575156
3003281,0.27416569748971303
3003282,58.27125190320423
3003283,0.34555550190577117
3003284,3.8067502056954603
3003285,1.434212177249202
3003286,27.545257027581755
3003287,0.31618980328866064
3003288,245.45801062234077
3003289,123.64637524977937
3003290,2.006054044334699
3003291,1.4530026188631415
3003292,120.86647389006433
3003293,20.67638668462279
3003294,400.97749827809434
3003295,0.681762285711778
3003296,2.4441887228206185
3003297,5.6197024250988346
3003298,0.1936217032851878
3003299,3.674243419706771
3003300,2398.238617561632
3003301,0.10066199351747188
3003302,515.7459307939346
3003303,14.504830705364046
3003304,671.1698735601944
3003305,751.5599320026828
3003306,231.95394224668934
3003307,175.39065435994837
3003308,101.4253056173893
3003309,3050.071206936857
3003310,25.88588533271399
3003311,2.531879225286647
3003312,15.900374916421997
3003313,25.59379593651247
3003314,0.19106957806965782
3003315,170.95945204389972
3003316,5.275705179439431
3003317,27.64451604944544
3003318,8.290660771265731
3003319,114.87499037703766
3003320,3.7233109185811974
3003321,222.088158088704
3003322,192.21556901579137
3003323,9.034526819995268
3003324,8.042320470785375
3003325,285.9685198421379
3003326,66.85228716549354
3003327,2038.8075277511632
3003328,0.9370096365402889
3003329,14.855972687900532
3003330,5.745207072423771
3003331,0.023945680786043866
3003332,3.1263507455974398
3003333,2678.353824380005
3003334,0.003342931165190863
3003335,496.59317803120456
3003336,11.105225237350666
3003337,926.366836274771
3003338,633.9579405045984
3003339,303.62226359061236
3003340,198.70484457788672
3003341,64.03339445029667
3003342,4014.2459944511734
3003343,11.640535413532081
3003344,0.8893041244164843
3003345,31.193014471093676
3003346,16.00238166749496
3003347,0.7035221125594713
3003348,197.0917120271361
3003349,0.004052085952856877
3003350,5.2393310842956495
3003351,5.258617776972069
3003352,58.573986551216215
3003353,1.0182231226933578
3003354,265.6591080663174
3003355,247.22663172796857
3003356,4.081702055643422
3003357,4.062212856360108
3003358,192.28214298823204
3003359,64.73773738023883
3003360,1131.7772280095144
3003361,2.3775085756187724
3003362,4.7101607528844
3003363,4.9396736574628095
3003364,0.38868223107596345
3003365,3.309872035400535
3003366,2574.470660083576
3003367,0.0033412991272989997
3003368,479.4517193477561
3003369,10.14572569273383
3003370,752.5264217276649
3003371,537.9453553665292
3003372,218.8907276334181
3003373,167.77281531303635
3003374,63.285743148359465
3003375,3354.8963336926463
3003376,11.402392509312028
3003377,1.1677726187301232
3003378,23.7511669583827
3003379,16.932874831212853
3003380,0.06447062399653845
3003381,191.96440918361117
3003382,0.004019320372068059
3003383,4.838644647241759
3003384,4.354027941785636
3003385,83.05311706102383
3003386,1.2110352833435132
3003387,138.12034849814128
3003388,188.99921696319936
3003389,3.6665548367679746
3003390,4.273625471815685
3003391,150.92143838621269
3003392,57.97766156994532
3003393,892.0253469366891
3003394,1.7243414951062384
3003395,5.133848948827917
3003396,8.946999886331607
3003397,0.9269061503083018
3003398,11.799009014244664
3003399,6660.702922747371
3003400,0.057938548147134825
3003401,971.065310340782
3003402,40.249286359066645
3003403,1524.1195245412907
3003404,1663.6088789067685
3003405,286.86595858585304
3003406,352.9095202470703
3003407,283.22560027069585
3003408,6616.327931264602
3003409,62.082261372785986
3003410,2.6987888653039525
3003411,53.43202341976739
3003412,45.405910524091404
3003413,0.9890736577700872
3003414,380.90814174186653
3003415,30.549751151277476
3003416,36.42646376707934
3003417,26.384537499614773
3003418,208.70851991913196
3003419,22.57192071288905
3003420,549.227714543388
3003421,390.6378893609792
3003422,15.294859777238422
3003423,21.56792022238644
3003424,834.2732269697688
3003425,220.139684205894
3003426,5928.269677541578
3003427,0.9481360404801489
3003428,68.49203519406915
3003429,3.3141643283178506
3003430,0.2699215729362641
3003431,0.6938792274342771
3003432,1404.1909688509013
3003433,0.0029727205130140153
3003434,158.98280619794727
3003435,4.759278279763592
3003436,517.9157748675602
3003437,229.52694790016744
3003438,105.05597667090308
3003439,129.06345279546173
3003440,57.134856382983536
3003441,1861.7475408392406
3003442,5.1485047759343505
3003443,0.5520227765285659
3003444,13.962332974655052
3003445,8.44409456025755
3003446,0.141570092147955
3003447,140.51299460444437
3003448,0.620575354071191
3003449,0.00390992801578312
3003450,3.1285631981267032
3003451,43.01445317989847
3003452,0.7030300756096594
3003453,117.57297681981494
3003454,100.45983522648042
3003455,1.859238971468467
3003456,4.450606973219705
3003457,106.43155347788107
3003458,22.51183989688548
3003459,468.48425923984337
3003460,0.3890588202148449
3003461,4.190166515240984
3003462,7.709109860395483
3003463,0.45813780871869425
3003464,2.048813318282346
3003465,3036.4867546821324
3003466,0.0030221032208946415
3003467,449.66767316547725
3003468,9.022477476794514
3003469,1028.9245668552937
3003470,533.9310217168602
3003471,215.41564816748553
3003472,255.91736600482307
3003473,82.08888865296436
3003474,3717.412689363938
3003475,12.005498757535833
3003476,0.5463274878502125
3003477,18.80758999210376
3003478,17.53144570559747
3003479,0.10884235949240624
3003480,211.88306023578997
3003481,1.0352371752356702
3003482,4.864562859746974
3003483,8.262452257362225
3003484,26.858580685899554
3003485,1.0784719028612992
3003486,505.4256719476507
3003487,216.7829755692596
3003488,3.4942939619209445
3003489,5.888941581879489
3003490,148.7255709509346
3003491,61.80992139624925
3003492,1022.8991139547023
3003493,1.8113708600755254
3003494,5.097298831086854
3003495,1.7178689369273363
3003496,0.03975683006075714
3003497,0.8526324643584946
3003498,1013.3319421923477
3003499,0.002689219662949058
3003500,103.86425103960217
3003501,3.4633608226509343
3003502,610.4153703354161
3003503,128.11082177487404
3003504,87.8417867354368
3003505,168.663162748581
3003506,21.981150175669857
3003507,1630.1744027468278
3003508,1.6249528170899574
3003509,0.4265940348168856
3003510,8.424252831805413
3003511,3.5816577871764954
3003512,0.21347310912012407
3003513,73.28735297319183
3003514,0.003309643912848285
3003515,0.004803106541056009
3003516,1.323306486737484
3003517,45.82853700511365
3003518,0.2815640650355097
3003519,95.98309623156891
3003520,80.54776681052897
3003521,0.46990862681441586
3003522,1.3577337777664589
3003523,62.10904626380072
3003524,11.036526235762404
3003525,163.58569059529324
3003526,0.09522511530293118
3003527,1.7672440998017604
3003528,6.2162090365072595
3003529,0.04682188531461295
3003530,2.576313877351659
3003531,1752.1792529487675
3003532,0.0030098884938233477
3003533,206.55599761181574
3003534,8.078382297137756
3003535,776.2663819204855
3003536,333.44607210928075
3003537,165.3839758461358
3003538,137.49625666083554
3003539,56.086811147639445
3003540,2494.6728931270814
3003541,3.691100618663066
3003542,0.5709631234630803
3003543,29.83164223991514
3003544,14.833631774505292
3003545,0.23106008672962003
3003546,168.18996660638442
3003547,0.003719118351763134
3003548,0.00644699116078532
3003549,11.543426466888532
3003550,54.0270666853359
3003551,1.1540263143702578
3003552,342.13584068691677
3003553,179.9709612677779
3003554,1.7430192426920772
3003555,3.8044502401351425
3003556,217.07028823582647
3003557,30.223313280422094
3003558,1023.814374671004
3003559,0.09721138913894467
3003560,1.0557134045786116
3003561,3.3759301413119354
3003562,0.38013426982661164
3003563,3.0491429903344076
3003564,2294.646729239514
3003565,0.003029148880265781
3003566,615.3324662124285
3003567,8.725780511351438
3003568,759.3616540813314
3003569,511.98517048515595
3003570,206.72083684793648
3003571,101.23281173727251
3003572,78.80894913908784
3003573,3505.4342530670096
3003574,7.101151740256172
3003575,2.854906958530857
3003576,25.30583155423335
3003577,31.50667472621326
3003578,0.19978376016819793
3003579,184.32252487113536
3003580,2.0475487943345887
3003581,3.7817237634093814
3003582,4.734055367451321
3003583,39.6133393394051
3003584,2.132096471241313
3003585,221.81978274717454
3003586,238.24573985612392
3003587,2.9535049149949684
3003588,5.535389591380999
3003589,132.35061059332847
3003590,28.90184575477012
3003591,552.838679141996
3003592,3.7477071885886764
3003593,2.749385121156856
3003594,4.0099153894627255
3003595,0.04228850680753906
3003596,0.5200600151334956
3003597,1420.7725103517973
3003598,0.002955640346564976
3003599,106.15880154747322
3003600,2.2425189108003005
3003601,452.5041139279754
3003602,141.62645389015393
3003603,91.32458631199162
3003604,185.5116155237737
3003605,45.05869844032331
3003606,1716.1610050148008
3003607,4.852638734968158
3003608,0.5971369770347079
3003609,10.03091330343968
3003610,6.11515767614086
3003611,0.22579481464041065
3003612,77.50453102246965
3003613,0.0036451643843877996
3003614,0.01671256698601869
3003615,0.6230397786657675
3003616,49.06041917549862
3003617,0.689566535088516
3003618,283.0767022258135
3003619,69.16789889862814
3003620,0.7074214814628411
3003621,1.1341053310995735
3003622,62.117308941375335
3003623,18.44909474980862
3003624,317.04012719823066
3003625,0.20542182525948655
3003626,0.9308970150088578
3003627,4.46050777071136
3003628,0.049370524937935215
3003629,1.9547290357129112
3003630,3244.403464375033
3003631,0.00337413454344403
3003632,479.38795445156387
3003633,9.007613038411126
3003634,793.8524098472326
3003635,494.69958690721097
3003636,192.4612530247153
3003637,129.13305650328476
3003638,78.62384268616314
3003639,3382.753713849737
3003640,7.539169671432949
3003641,0.46924490641216693
3003642,27.220840702436025
3003643,11.199442961195277
3003644,0.12908500255108657
3003645,179.88142887828405
3003646,0.038390263651652316
3003647,16.55367526666793
3003648,3.7051133687738136
3003649,79.13219329225474
3003650,1.047080533737097
3003651,361.64414768593446
3003652,204.2105754550152
3003653,3.454585257446485
3003654,3.4511761409415618
3003655,122.21359771553499
3003656,41.88609120360987
3003657,1129.4279322540704
3003658,1.831679800410682
3003659,1.4218119888534893
3003660,3.7883858266833714
3003661,0.023419055736533793
3003662,7.202121333542127
3003663,2145.5340164583768
3003664,0.04776943797997642
3003665,458.46222981648964
3003666,7.4609216577697115
3003667,800.3065458278004
3003668,784.2397273512344
3003669,140.29611421267634
3003670,103.15623286748617
3003671,120.4906196083378
3003672,3035.9813697456957
3003673,37.758738458600895
3003674,1.4447900556184379
3003675,29.56276354875234
3003676,27.245710432276304
3003677,0.19342374241232754
3003678,172.7680541373394
3003679,18.890159492809047
3003680,17.37360831613582
3003681,2.5899853743142423
3003682,108.41634788374962
3003683,8.707542523266145
3003684,197.72401514119792
3003685,223.9690393936642
3003686,10.773305854739842
3003687,10.473562712234726
3003688,209.7433329479908
3003689,86.28244854076281
3003690,2115.394919218537
3003691,0.058895831995087584
3003692,12.080316199424363
3003693,5.030736015089627
3003694,0.01254339563891513
3003695,6.577561628503553
3003696,1911.73286866534
3003697,0.029848692144316777
3003698,382.9232371797015
3003699,11.669395951852522
3003700,750.0631922689972
3003701,649.6988317600274
3003702,128.0877757198039
3003703,65.13702587948953
3003704,105.3588119052153
3003705,2986.4334464565914
3003706,23.713060452795197
3003707,1.2058298446166242
3003708,35.349874310561695
3003709,24.200580737881253
3003710,0.04058851683554177
3003711,222.89086312428077
3003712,17.64544595755026
3003713,12.922893622028774
3003714,9.901671967048776
3003715,102.57211301661519
3003716,9.434971779448949
3003717,126.55463136881093
3003718,270.5163772319863
3003719,6.267174482498978
3003720,8.646257190320739
3003721,109.44926739914268
3003722,72.81279536693978
3003723,1563.5308727870442
3003724,1.8924720820398413
3003725,14.346031099894315
3003726,7.978709312461928
3003727,0.25205610962740566
3003728,3.9948373804879047
3003729,2909.389644217866
3003730,0.0032259139907985564
3003731,599.2879080593899
3003732,6.048680865727562
3003733,1338.0367672501486
3003734,512.5213650749673
3003735,162.79864551978534
3003736,255.79011180406923
3003737,60.62375912815891
3003738,4372.257618303166
3003739,25.18821402144137
3003740,1.6706106714317044
3003741,22.907669402865906
3003742,16.6575157117575
3003743,0.15927552082670965
3003744,265.55535415614867
3003745,4.664737297985465
3003746,11.661956833630406
3003747,6.745198599395656
3003748,61.676988540109704
3003749,3.6555571522151675
3003750,191.2947448334179
3003751,244.6063751879659
3003752,5.66419423930287
3003753,8.299142618932661
3003754,192.42690851459383
3003755,55.50275413959005
3003756,1211.4007368547136
3003757,12.790367108853212
3003758,12.300295097960186
3003759,4.105605145229638
3003760,0.103409018401069
3003761,5.798683874280479
3003762,1914.2544073943163
3003763,0.06500331382509356
3003764,298.16783541479424
3003765,7.1446601378595185
3003766,688.6449070040026
3003767,603.1680105466105
3003768,158.02552196112634
3003769,104.37080867044241
3003770,82.79004164713405
3003771,2659.46219458254
3003772,21.837702533867397
3003773,1.1965979940630824
3003774,14.646213970575959
3003775,9.65638381141586
3003776,0.2336034148595215
3003777,151.25607608527434
3003778,15.122698519100114
3003779,13.848826068012583
3003780,2.388312449229218
3003781,71.64807602367077
3003782,6.464131425152251
3003783,274.01531746278783
3003784,181.53641940488106
3003785,5.836771494983303
3003786,7.563318644886828
3003787,285.1829192362188
3003788,59.5700351600579
3003789,1714.0425005930367
3003790,0.13118922880382244
3003791,21.096521764752083
3003792,3.175675426297891
3003793,0.1989566021466262
3003794,2.7902648323132646
3003795,4054.54436917862
3003796,0.0030454509244183356
3003797,364.9021202080462
3003798,9.239176373221483
3003799,1409.6603496295916
3003800,471.9342749902714
3003801,228.4486764152122
3003802,142.92212707865613
3003803,64.35686733144597
3003804,4726.791356836296
3003805,9.928452013975502
3003806,1.6582770536748956
3003807,26.50323767840881
3003808,19.897260846206947
3003809,0.18003248287590673
3003810,301.057072589414
3003811,0.003789218503806476
3003812,0.22084656381363574
3003813,7.806666595684743
3003814,43.54688183002199
3003815,1.9559092722450893
3003816,158.2007086334014
3003817,244.32912194111057
3003818,2.975427176851249
3003819,8.75651306160224
3003820,161.8798720651365
3003821,45.04282458950506
3003822,932.6079876378365
3003823,0.821938487758944
3003824,4.7151113382299075
3003825,5.846729799472925
3003826,0.01988782017650312
3003827,6.792660160712144
3003828,1901.449179177109
3003829,0.029544767003407243
3003830,398.4362473280313
3003831,10.872055373528468
3003832,758.5212150948021
3003833,548.0618054655133
3003834,168.90465734465744
3003835,95.15741972428637
3003836,124.08398499178367
3003837,3055.1664648617516
3003838,26.262233200270447
3003839,1.0943821382123335
3003840,26.64662623389972
3003841,26.07207451374972
3003842,0.09717122893501229
3003843,180.04595055523689
3003844,11.480971293376443
3003845,14.211719345751728
3003846,7.674424449772841
3003847,73.44114185510412
3003848,9.933908303790135
3003849,167.31356272220873
3003850,264.4882685202456
3003851,10.817456007793092
3003852,7.002128140894991
3003853,146.76527638720682
3003854,51.365427014784316
3003855,1572.9460254971402
3003856,0.6288467796639692
3003857,6.25704547786089
3003858,3.007330037229571
3003859,0.04409539467071763
3003860,3.5471395663600487
3003861,1919.1553460439716
3003862,0.05211252642246297
3003863,341.11257107656775
3003864,8.574161677609954
3003865,537.4662932135868
3003866,596.1715918922666
3003867,125.59361328918052
3003868,94.5689212314738
3003869,90.85914754770617
3003870,2008.460268103841
3003871,24.42262680588688
3003872,0.8876324410415302
3003873,21.686799995926872
3003874,17.105185971716814
3003875,0.08083392872558101
3003876,144.120351956378
3003877,10.735503003030892
3003878,26.526267116834067
3003879,3.33679707494398
3003880,53.03869750812261
3003881,8.467404721835553
3003882,182.80698817352072
3003883,161.49828933857623
3003884,7.507499210059493
3003885,7.0945521979907875
3003886,180.5681319497398
3003887,46.89331958947685
3003888,1780.8669986421596
3003889,0.3908384803414661
3003890,10.940611434155828
3003891,6.281759200110461
3003892,0.08863099315351143
3003893,3.987341960061749
3003894,4093.0549793623977
3003895,0.0033185762707034472
3003896,452.7559510434639
3003897,10.197281764604906
3003898,1003.2521138218458
3003899,524.5095707688167
3003900,239.4357756162407
3003901,176.4356374334089
3003902,60.0278847064856
3003903,3909.5250637911067
3003904,8.687144106693601
3003905,0.49586080109584435
3003906,16.49904826001245
3003907,16.82489162467599
3003908,0.13684188504838685
3003909,196.9791355202799
3003910,0.004039528787304983
3003911,5.796178213064199
3003912,2.0146340936750295
3003913,77.24342363417938
3003914,2.740009491369879
3003915,242.95596609660606
3003916,233.68208104026544
3003917,2.6188187827250795
3003918,2.6877970051533673
3003919,219.14659391496065
3003920,101.91405674512873
3003921,989.1777497386986
3003922,1.9502331252285523
3003923,0.7828998561362771
3003924,14.43538473863778
3003925,0.003027663474686021
3003926,13.019746620298145
3003927,7465.498121038224
3003928,0.052674362094396576
3003929,1178.9820406133322
3003930,28.177267416767556
3003931,1877.9406989345657
3003932,1948.0359898511188
3003933,401.55027629642643
3003934,422.06844051683225
3003935,337.3996607263754
3003936,7410.901410144623
3003937,67.42545840339676
3003938,3.9624941319751548
3003939,102.62685955070424
3003940,98.96851599284741
3003941,1.0559858359385539
3003942,475.32208956892487
3003943,27.78180523685652
3003944,20.112456842446704
3003945,60.466379405582764
3003946,303.14481101909956
3003947,21.116403172583492
3003948,671.1056214178905
3003949,431.0051532371813
3003950,29.803158133467917
3003951,29.498771848870856
3003952,867.896093592863
3003953,285.2325072781005
3003954,6930.34579376975
3003955,275.3240995887819
3003956,67.73527361758315
3003957,13.985827575263365
3003958,0.0030339282801512095
3003959,12.16749583249824
3003960,6019.058406178906
3003961,0.076775150046086
3003962,934.3228391423382
3003963,27.015752385270908
3003964,1861.0483404488982
3003965,1715.1083727596983
3003966,492.47305364013107
3003967,261.1172117268093
3003968,271.41419498275445
3003969,7718.809196072769
3003970,75.88089082380922
3003971,1.495934720679427
3003972,61.08098732879539
3003973,75.24533771324663
3003974,0.9720204346762125
3003975,450.3667310254672
3003976,22.19604356270448
3003977,26.103310692129426
3003978,7.109257407675148
3003979,208.33961506705515
3003980,15.410934101983006
3003981,803.2634333964027
3003982,497.92604209986473
3003983,18.941082692707152
3003984,22.160411862581807
3003985,888.2179211918386
3003986,206.49482288195748
3003987,4528.587768293395
3003988,284.19820420125535
3003989,62.7961777209269
3003990,10.937114092576646
3003991,0.0028653552436263834
3003992,17.65956367691032
3003993,3914.7292983504485
3003994,0.12130601106761069
3003995,656.5492212989063
3003996,15.635651794371325
3003997,1643.5806103596742
3003998,1081.151739400525
3003999,533.3218503932096
3004000,96.12059298773897
3004001,194.68717723819083
3004002,6932.579674408667
3004003,36.469224477942085
3004004,2.495388717410766
3004005,47.68689884564171
3004006,26.995972877950482
3004007,0.6726902559721409
3004008,446.80111167490986
3004009,26.16775743995496
3004010,17.37447436445652
3004011,14.076266958836896
3004012,120.71070492535101
3004013,8.884118827468408
3004014,723.0050382342265
3004015,496.61900029466386
3004016,18.584365924677655
3004017,29.519773939777522
3004018,543.0735743892626
3004019,109.35991949967412
3004020,1992.438808119816
3004021,234.31187997703591
3004022,35.949027880730874
3004023,13.64513580207516
3004024,0.002909214180886538
3004025,18.220211594347706
3004026,5822.247748091038
3004027,0.08602372404126302
3004028,875.3206348341987
3004029,20.45607680745661
3004030,1713.7912242604893
3004031,1599.6716431248265
3004032,468.05872803212355
3004033,236.92680356355214
3004034,223.508285581878
3004035,7297.844018089704
3004036,42.60985699134621
3004037,1.5225154964762833
3004038,65.0691110747849
3004039,58.80819522454258
3004040,1.0813367098217086
3004041,465.5953131241688
3004042,28.052134921153545
3004043,24.91063430668261
3004044,34.789511119959386
3004045,166.57807843699857
3004046,12.310430546899207
3004047,629.728717866478
3004048,499.12367976064337
3004049,17.844260165179016
3004050,22.043473763527803
3004051,761.8443938494829
3004052,181.5246729825083
3004053,4161.777532677391
3004054,263.8133626910673
3004055,53.33363665887985
3004056,10.866704438987943
3004057,0.0028653552436263834
3004058,15.554766531805516
3004059,3137.4881639034047
3004060,0.02530575827592735
3004061,561.0590429590656
3004062,16.057067911026873
3004063,1551.7908592544354
3004064,848.9265548835351
3004065,425.95783929915837
3004066,71.62456218240705
3004067,148.88978776945757
3004068,5350.454757216677
3004069,31.432033782710157
3004070,0.5379858329950363
3004071,32.986567605789986
3004072,26.43422328198457
3004073,0.23489139566298167
3004074,397.0486819240311
3004075,18.811890985319383
3004076,9.333514092829356
3004077,14.211680734559522
3004078,90.60816573075445
3004079,4.9965906201404735
3004080,613.5687088784498
3004081,511.28161247802774
3004082,13.89349007473812
3004083,16.732652897311752
3004084,550.0255596848092
3004085,77.06098926516408
3004086,1445.004805785733
3004087,294.73287539280386
3004088,19.069801274162614
3004089,10.257891316560098
3004090,0.0030657843820204697
3004091,10.703129401867038
3004092,4874.717335322284
3004093,0.04879179516180503
3004094,921.6359779079987
3004095,27.30664100600167
3004096,1384.3061315668333
3004097,1690.9005687387448
3004098,314.38251089816947
3004099,342.1661106952617
3004100,264.718083897326
3004101,6207.084665034429
3004102,60.08843326455979
3004103,1.4913699059940004
3004104,47.6006543181908
3004105,47.973465239185
3004106,0.7454497016827689
3004107,328.0721771602721
3004108,18.585721204166614
3004109,22.623000619557107
3004110,10.501979429388083
3004111,210.61849505747884
3004112,16.28540967716319
3004113,555.5179163757185
3004114,386.59007074353303
3004115,15.120751804741877
3004116,26.29650822591008
3004117,694.975572524688
3004118,193.13348497120558
3004119,5721.032661699017
3004120,223.52200271716313
3004121,60.89757122433427
3004122,5.1413771994895
3004123,0.2940686117134439
3004124,6.672718453525848
3004125,1466.1025006313755
3004126,0.030562582789462788
3004127,291.0393541161198
3004128,23.123740683390263
3004129,743.8818151344917
3004130,447.56422685506453
3004131,186.54335172124703
3004132,68.55326935087555
3004133,92.57918372862913
3004134,2516.8727525374998
3004135,23.842275570074307
3004136,1.1780138235179054
3004137,28.103199414871266
3004138,22.326186025219656
3004139,0.11483602271763947
3004140,157.27182185740267
3004141,9.90328937195763
3004142,6.258755394541718
3004143,11.887115222484407
3004144,60.91007561929965
3004145,6.944462790820161
3004146,195.1903522432704
3004147,206.91502324916723
3004148,2.9355732180506506
3004149,6.237769777171044
3004150,180.10636108024156
3004151,56.496147463814474
3004152,1237.2316364611534
3004153,0.7279889013776869
3004154,9.198512142015026
3004155,9.690628038393308
3004156,0.0028883133480710446
3004157,11.430993459436165
3004158,3249.7265901270325
3004159,0.06197451297279523
3004160,469.4726011632576
3004161,31.11129013828631
3004162,1194.9790631477708
3004163,809.5607614910549
3004164,352.5195096891293
3004165,75.78416556433343
3004166,138.58535184524297
3004167,4863.189505561537
3004168,52.61607168245439
3004169,1.4032850533834944
3004170,54.38681277775231
3004171,31.972302991880504
3004172,0.18966192042591523
3004173,261.9566204885339
3004174,14.700695305086198
3004175,7.918448475856159
3004176,4.2078097463982385
3004177,131.57625337990794
3004178,8.596507990916647
3004179,466.8562914111779
3004180,385.38802878859644
3004181,9.228633300836272
3004182,17.95670384190474
3004183,312.4409373196984
3004184,78.78924126574644
3004185,1719.970833928002
3004186,247.38441891377326
3004187,15.62289792541181
3004188,6.395242260405281
3004189,0.0026416244423656
3004190,5.255061353529177
3004191,3573.860296710697
3004192,0.05409881948148705
3004193,682.7581092319274
3004194,10.289821000118382
3004195,1090.4360404673603
3004196,1238.6549167641645
3004197,202.35996299002724
3004198,243.33179389786386
3004199,198.23400219050538
3004200,4079.8098027918054
3004201,36.103651945520085
3004202,1.6859787136786772
3004203,29.727496983643142
3004204,38.170008460440705
3004205,0.4785882862474241
3004206,221.03462513509666
3004207,2.676829418767279
3004208,35.47794088915505
3004209,4.927101857177734
3004210,124.60279893706644
3004211,9.320030548960556
3004212,454.2434305613704
3004213,216.7548851747825
3004214,16.67099789073809
3004215,10.255995652675258
3004216,532.0054885645158
3004217,110.81006585669937
3004218,4186.950107927161
3004219,2.7083049834436017
3004220,39.78915620653905
3004221,8.577458633833633
3004222,0.003666154095190358
3004223,6.913185256922417
3004224,3416.6179447312666
3004225,0.003680767562346208
3004226,764.3950323648525
3004227,10.947943242231995
3004228,1201.3710892378224
3004229,899.4824421698889
3004230,283.14212900456596
3004231,177.47887264006386
3004232,262.5467203612279
3004233,4752.84099994224
3004234,31.547588935429015
3004235,3.29067754903431
3004236,52.28321250445113
3004237,41.34843270963524
3004238,0.14911589362751296
3004239,283.91026364693647
3004240,7.6987212599339765
3004241,54.75799519894915
3004242,8.180227258298732
3004243,258.42705088165775
3004244,10.960185045102616
3004245,347.4181012415222
3004246,288.80688265858697
3004247,13.453283628951008
3004248,23.031802293755206
3004249,355.3187824735013
3004250,108.51531539942347
3004251,3494.4050331302315
3004252,4.6170562994212805
3004253,7.698841520564088
3004254,7.2156130854452725
3004255,0.023468896617873485
3004256,3.458763289902818
3004257,1756.3642597537169
3004258,0.024676598095218053
3004259,386.41899908512835
3004260,7.035490846788634
3004261,749.1131782436871
3004262,444.1728575223305
3004263,185.07576357350928
3004264,69.7933970738712
3004265,94.1232786857922
3004266,2493.101057933649
3004267,14.722560299520177
3004268,1.2584863779558952
3004269,22.902264339921437
3004270,19.32313757981182
3004271,0.10654704047366799
3004272,159.5772031661698
3004273,4.684584778821536
3004274,8.128721756868483
3004275,5.837669306077557
3004276,88.1412931963196
3004277,3.6070837285939263
3004278,206.32011090921262
3004279,178.90779964018205
3004280,4.242751836402448
3004281,6.165569250002157
3004282,150.7677175524656
3004283,54.96742193547287
3004284,1484.7563745477912
3004285,0.41956937997359667
3004286,4.068137649248226
3004287,5.940988124011591
3004288,0.05640676821617579
3004289,0.6286244869986746
3004290,2561.0606386844165
3004291,0.003101334869283641
3004292,182.83143774395262
3004293,4.522523665144561
3004294,813.976625540079
3004295,199.7470729899647
3004296,167.5183073216319
3004297,56.70504142543773
3004298,27.869371314513817
3004299,3059.2841645139824
3004300,12.005458695012392
3004301,0.7921595430548679
3004302,19.6025128177032
3004303,9.906077220311992
3004304,0.13154992063198417
3004305,170.3333489688129
3004306,0.003848042909173939
3004307,0.004102527251747765
3004308,4.240023794593358
3004309,32.19867111069986
3004310,0.9206204985154772
3004311,57.48123812633242
3004312,146.84153209792038
3004313,0.06948217984986452
3004314,2.111978494954593
3004315,51.73667146575675
3004316,74.24056065643667
3004317,483.786273292851
3004318,0.06640879024625469
3004319,2.535481616829844
3004320,5.998990664663078
3004321,0.011855441125593249
3004322,6.180798686381037
3004323,2561.902812201989
3004324,0.01779850316991009
3004325,432.5520626217735
3004326,11.266919640356278
3004327,915.7550229828753
3004328,757.3119407026213
3004329,259.46526952445095
3004330,125.68509976017947
3004331,125.38472458034774
3004332,3871.9887928800795
3004333,27.66525589360613
3004334,0.9495332626233238
3004335,24.693993905543334
3004336,43.84902020844188
3004337,0.06450537192411844
3004338,216.70918245426546
3004339,18.101253531290133
3004340,12.255877566957318
3004341,17.65131222240318
3004342,75.76554348363697
3004343,6.274948920924141
3004344,341.34975894250175
3004345,258.92916662293845
3004346,8.039813519033011
3004347,11.800617541952896
3004348,392.67960993088786
3004349,88.03297279417322
3004350,1890.7963465180692
3004351,0.046530540551817844
3004352,28.485788653179668
3004353,4.687977537509733
3004354,0.04064445812037625
3004355,4.979635173555234
3004356,3452.3313316910367
3004357,0.17442144053636274
3004358,530.4496413216082
3004359,16.818942380167453
3004360,844.0652571017912
3004361,1078.7263684616987
3004362,142.25536447265603
3004363,222.13351023676313
3004364,180.69706574105516
3004365,2991.2441381533135
3004366,36.11639835590023
3004367,2.5232975690067017
3004368,26.114362109268274
3004369,26.71137746101124
3004370,0.8383349761952447
3004371,177.4563141159064
3004372,10.933622337322092
3004373,31.748691627840106
3004374,8.476647356765923
3004375,130.33692868908093
3004376,13.099390500096767
3004377,400.3097407678883
3004378,190.77112027499606
3004379,6.407273205543167
3004380,11.740668421212776
3004381,503.14699021749317
3004382,129.3840558098472
3004383,4134.590465747557
3004384,0.38873282262030195
3004385,38.86632460150645
3004386,4.162827821723324
3004387,0.41104430945090326
3004388,8.12110515272207
3004389,3459.7333972585643
3004390,0.06314085305777384
3004391,639.2479374866479
3004392,19.360956814014898
3004393,970.913488282266
3004394,1141.9206464390168
3004395,210.57708935888263
3004396,232.8397816675733
3004397,141.36101588138285
3004398,3344.0405398587773
3004399,33.629341194345514
3004400,2.6132421868579665
3004401,33.59421185294379
3004402,37.203448862552996
3004403,0.20143839533501948
3004404,233.91016028694636
3004405,24.5566327205418
3004406,29.436586758714622
3004407,20.72772187894967
3004408,135.04163063783284
3004409,17.020587518158276
3004410,355.88047620487816
3004411,243.78153702276413
3004412,14.994275963663227
3004413,16.53972083081623
3004414,437.9721450969847
3004415,138.67808556844068
3004416,3239.4261492935393
3004417,0.8470941928088599
3004418,30.194018625140295
3004419,11.151269141785665
3004420,0.3050952704077806
3004421,7.022690305942623
3004422,2639.4301002529996
3004423,0.0031359374440533
3004424,419.75026054377463
3004425,14.019628212168339
3004426,1406.198097143884
3004427,633.9063659094595
3004428,485.39142350709085
3004429,158.23378079862215
3004430,82.13019142698461
3004431,5434.894459639274
3004432,11.010103741696048
3004433,1.4628495555628311
3004434,41.6260826171326
3004435,34.16218888669379
3004436,0.06939039171648495
3004437,298.2801664031665
3004438,8.908746135608961
3004439,5.212534708436007
3004440,9.065637757734262
3004441,53.09702468818349
3004442,3.3720873214114637
3004443,445.4833483034097
3004444,354.51754389667366
3004445,5.749823779399239
3004446,7.055830912972923
3004447,375.8349288527637
3004448,91.36171921834232
3004449,1171.3755583359944
3004450,151.17384505264857
3004451,15.683385555376777
3004452,4.670373095358329
3004453,0.0037291797747996272
3004454,4.3100243136476415
3004455,2147.9835518299874
3004456,0.06897559987249387
3004457,378.9514253499176
3004458,13.663052895350798
3004459,693.781821047638
3004460,686.2151825742558
3004461,158.32378127577812
3004462,159.10024600218156
3004463,134.31359034912035
3004464,2530.5146670319723
3004465,22.16517541584287
3004466,1.7997363089439093
3004467,29.338073706166828
3004468,25.4763206223517
3004469,0.11558091108175986
3004470,146.70410935274342
3004471,14.034322523641983
3004472,19.261952618655897
3004473,7.538861443623604
3004474,158.0177763653435
3004475,6.578393909849181
3004476,560.7664541594404
3004477,151.57343786727023
3004478,4.5789009617677205
3004479,8.910339943856032
3004480,459.45505392938304
3004481,81.18462773675563
3004482,2235.2965248551473
3004483,0.05120555204715331
3004484,45.451951135110384
3004485,1.7794968510801226
3004486,0.05397114496377993
3004487,1.8356722677914306
3004488,1109.5918059931073
3004489,0.002956041907683866
3004490,77.0106891753292
3004491,3.552931412633363
3004492,625.5316480802774
3004493,214.99170473041642
3004494,237.51634614429918
3004495,38.870526469290546
3004496,31.19384962872088
3004497,2222.290808400877
3004498,4.745166440944848
3004499,0.44599384157491206
3004500,9.433932853241439
3004501,7.334141873144951
3004502,0.1517101779503389
3004503,132.84066337384155
3004504,3.3268882267582787
3004505,0.013898159879292955
3004506,1.9637615648289115
3004507,20.528967416529618
3004508,0.3097011901072309
3004509,142.54146154022445
3004510,139.89877263027708
3004511,0.5860671122688371
3004512,3.3551163311350676
3004513,135.98235468577857
3004514,24.14418128361676
3004515,189.05829893210864
3004516,12.817949454397104
3004517,2.023680159677566
3004518,6.9254522787856825
3004519,0.22427192667233656
3004520,4.871064281311121
3004521,4854.565487949206
3004522,0.003129290951583997
3004523,586.975510213809
3004524,15.291990134857897
3004525,1695.7304926851305
3004526,517.1657112457088
3004527,488.491243805345
3004528,181.34684243266398
3004529,83.98987075430772
3004530,5726.82694789689
3004531,24.853667753229423
3004532,0.7187066822287019
3004533,31.68623309312931
3004534,18.140782957126238
3004535,0.179236190305732
3004536,372.85222456789126
3004537,8.442774458472506
3004538,2.5806721908148216
3004539,9.776715937626282
3004540,56.78411721093467
3004541,2.118163120226974
3004542,492.0606849403116
3004543,317.42323865506626
3004544,2.057490246581628
3004545,12.32858657288208
3004546,551.261532029136
3004547,88.59462351201081
3004548,1154.2657426925523
3004549,13.764675110452508
3004550,8.502901416270577
3004551,4.965432927300731
3004552,0.039973786680817316
3004553,2.0097054685994866
3004554,1434.5537930221728
3004555,0.0029038762314074168
3004556,150.11082631312996
3004557,10.86945393421074
3004558,809.8879601095839
3004559,283.37728709256675
3004560,210.1473918962639
3004561,50.639169631335164
3004562,39.59572290389228
3004563,2411.9114299074563
3004564,8.178725560906773
3004565,0.5913279677802878
3004566,14.61632143890955
3004567,14.639076503691696
3004568,0.15333442213720838
3004569,131.17285568094448
3004570,4.986108457001967
3004571,0.013181076618482302
3004572,5.808292892185663
3004573,55.557367156451456
3004574,1.4511171730506816
3004575,119.42149498076222
3004576,149.172519935768
3004577,1.071604447699361
3004578,5.524592051793516
3004579,161.71548583962002
3004580,31.13076330597943
3004581,287.4984393822317
3004582,15.384541513752893
3004583,2.918297272863593
3004584,4.758102110834793
3004585,0.0028881111262376376
3004586,2.3725608734056776
3004587,1422.55659727014
3004588,0.002894880564773276
3004589,108.8819894020759
3004590,6.398705358392014
3004591,661.3505155846896
3004592,213.12207267154687
3004593,147.85997351595307
3004594,36.53985950372943
3004595,30.871657446769166
3004596,2449.0462270220764
3004597,13.742565645490401
3004598,0.247618211086527
3004599,15.246567975656127
3004600,9.010618655179314
3004601,0.061757361321012456
3004602,115.92419652035838
3004603,1.6249486419888721
3004604,0.013015352428879044
3004605,2.510165904043884
3004606,51.757384045387575
3004607,0.9178805875134879
3004608,120.05963596845535
3004609,160.34134333603595
3004610,0.3870469987568177
3004611,4.523834596710686
3004612,102.77069017827542
3004613,21.144035460595312
3004614,159.25533111721057
3004615,5.352265267207432
3004616,1.9340159263048444
3004617,3.6312755353170645
3004618,0.004489023633654565
3004619,2.2409239827307235
3004620,1247.095086006139
3004621,0.003126790604964053
3004622,141.2273627047333
3004623,9.251766341520227
3004624,970.0152919363137
3004625,292.6600471715294
3004626,250.34612775180324
3004627,30.990311348581734
3004628,48.84884084113895
3004629,2510.5507393309535
3004630,7.077044164699293
3004631,0.23132806129182826
3004632,10.669467270143388
3004633,18.904299562253343
3004634,0.12309705052869857
3004635,151.3346009435124
3004636,1.0364749524752628
3004637,0.004004210793415615
3004638,3.2348535962391427
3004639,28.937230576178226
3004640,1.7341936276279997
3004641,179.55118023528252
3004642,247.14359001996002
3004643,0.8462934498032125
3004644,4.645173699274648
3004645,80.45470330185682
3004646,74.62691632013953
3004647,283.01124767918066
3004648,1.7395502083333665
3004649,4.836017652099637
3004650,3.541108577738672
3004651,0.81921385792316
3004652,2.854030484494397
3004653,1606.1246620515212
3004654,0.0029053004912814933
3004655,134.78565941283478
3004656,4.124755840156846
3004657,767.6771771136503
3004658,280.2664252442671
3004659,268.9547077404534
3004660,79.39415769162599
3004661,61.51174432411803
3004662,2415.078876971057
3004663,8.707818437157005
3004664,1.0700093964330457
3004665,20.075426192811502
3004666,14.646967695696514
3004667,0.13349755371124009
3004668,184.02825504210648
3004669,7.186748169962941
3004670,0.003726202478685719
3004671,3.6980787724637842
3004672,31.60227669915959
3004673,1.8521105883733258
3004674,107.47458488476873
3004675,169.22278939832248
3004676,0.7595862448575413
3004677,4.512590998939718
3004678,126.33585494936192
3004679,40.0694730509025
3004680,506.14820906150476
3004681,8.767812562947238
3004682,4.650777678849784
3004683,4.603964771415374
3004684,0.20163263844347118
3004685,0.961915709794676
3004686,1130.258405236405
3004687,0.0030518413901624167
3004688,124.34493030770366
3004689,4.883593533546245
3004690,705.3116561767351
3004691,197.70913120909015
3004692,151.34242362616519
3004693,104.30588096769034
3004694,37.33999758205024
3004695,1869.755014032847
3004696,5.3806781801593
3004697,0.2487617240331635
3004698,14.860801093015475
3004699,12.149102837249611
3004700,0.1572880233020263
3004701,130.20027700330658
3004702,0.0036649356148146534
3004703,0.01492942235746746
3004704,2.8809540240452063
3004705,42.923306780837464
3004706,1.060704378217239
3004707,45.34789883656807
3004708,114.59919019746862
3004709,0.7589260048862698
3004710,2.684221329675725
3004711,76.52439990509124
3004712,32.60417236256214
3004713,415.26430550432974
3004714,0.17226575961289764
3004715,1.5117220911438696
3004716,6.78466327105548
3004717,0.43029829511075257
3004718,2.8200026496555672
3004719,2333.352336608057
3004720,0.0031015557796213334
3004721,242.7144837481829
3004722,6.400974216550269
3004723,889.0444523336593
3004724,505.652508614472
3004725,492.69990019683127
3004726,134.49475770552493
3004727,80.27509815990012
3004728,3654.394489317094
3004729,14.376493561635769
3004730,1.1492008326203096
3004731,24.256848098369385
3004732,19.17053418481211
3004733,0.1107535869600977
3004734,208.3425013559438
3004735,1.1360938785693606
3004736,0.03099010228675003
3004737,5.804165049932923
3004738,54.7269270919269
3004739,3.675009500813263
3004740,195.7595413349007
3004741,206.49466657760286
3004742,2.0071847483315066
3004743,7.880515598206362
3004744,290.3300593871105
3004745,55.50678173807699
3004746,1007.7082549034727
3004747,19.05808226414729
3004748,11.550971673916004
3004749,3.2262336515288066
3004750,0.20328911101954766
3004751,3.4019737981780267
3004752,1766.3993050102206
3004753,0.0025163885938726226
3004754,480.31830705485595
3004755,7.329355808134332
3004756,480.0747728446925
3004757,446.35012391451187
3004758,171.53547164516232
3004759,121.9963351701882
3004760,41.53586943257679
3004761,2223.396124581644
3004762,12.563166381039187
3004763,0.869592998650661
3004764,18.24188670883743
3004765,12.247904785469373
3004766,0.06356087407453316
3004767,146.22362305649148
3004768,6.767882430221597
3004769,1.7311547787992856
3004770,5.124325182460643
3004771,84.52127915881583
3004772,1.93298359096627
3004773,64.31579879999192
3004774,130.5527869157653
3004775,2.7094062303475503
3004776,5.831158347324218
3004777,156.48452254628555
3004778,48.59180633185272
3004779,1128.2632899835335
3004780,28.596232551179632
3004781,9.708572024230524
3004782,5.277876593333756
3004783,0.3825714451796968
3004784,2.3446920444909503
3004785,2202.7804074713977
3004786,0.002905964280418028
3004787,130.90959301700235
3004788,6.607059586209221
3004789,788.4391596065248
3004790,263.03776652003063
3004791,294.2828489066109
3004792,50.06921401604836
3004793,40.84202146580457
3004794,2940.964475075303
3004795,17.060003302180338
3004796,1.176933291947032
3004797,15.172428698415194
3004798,13.20843061547166
3004799,0.15645936628274043
3004800,142.9266792866635
3004801,7.156027820024123
3004802,0.005677070005562154
3004803,3.857336043041374
3004804,50.658455584821546
3004805,2.4334137516713845
3004806,120.25578218557193
3004807,173.2501902517546
3004808,1.1778898026506877
3004809,4.6558245591891225
3004810,105.69390541078053
3004811,26.070720585900645
3004812,373.58760538753654
3004813,2.0807918020038847
3004814,4.353219776856302
3004815,5.789041144926816
3004816,0.04047359527704514
3004817,7.1508696336937385
3004818,2657.5914898962506
3004819,0.04282289837251348
3004820,551.1569843160356
3004821,12.25380526456144
3004822,802.3598154629312
3004823,802.228873880758
3004824,250.5062602281261
3004825,173.4692631537661
3004826,122.96734000374931
3004827,3442.366730736503
3004828,30.980071191054595
3004829,1.28744576007092
3004830,25.366619359586675
3004831,31.69423701045777
3004832,0.11865768304804922
3004833,203.85836485643443
3004834,18.42374625435398
3004835,16.974620127106146
3004836,11.368502365165114
3004837,127.41942049756561
3004838,8.917947879844402
3004839,939.240941111156
3004840,226.38871688681272
3004841,8.327220007651107
3004842,7.625230331730416
3004843,612.0786908607313
3004844,101.76888954602369
3004845,1984.1397096426615
3004846,0.0643737448844068
3004847,41.30014063591028
3004848,5.774236026263812
3004849,0.20778722273286154
3004850,4.388572503685537
3004851,3034.1245794130473
3004852,0.003076824439429783
3004853,336.46984177583863
3004854,6.5735618961342945
3004855,1151.9229666035762
3004856,523.2394143259437
3004857,612.8368107419373
3004858,73.38485835347933
3004859,68.23161564514982
3004860,4377.1171142097555
3004861,10.841787804018786
3004862,0.5492781781026528
3004863,19.017472815881167
3004864,12.744455117539925
3004865,0.04238663189340335
3004866,232.07419359543124
3004867,1.9847536824611074
3004868,5.521359299231639
3004869,3.151025725766476
3004870,46.160269028770536
3004871,1.2745376874773555
3004872,210.23567345984625
3004873,252.12509852031235
3004874,2.8737395569208735
3004875,5.058621466745991
3004876,459.81022045128765
3004877,57.870634207673454
3004878,724.3709155743875
3004879,51.5783683138945
3004880,8.550168344218662
3004881,7.717662603843852
3004882,0.40467890989091915
3004883,3.0398921155843928
3004884,2513.9457351307337
3004885,0.003221211232446429
3004886,335.4948484216932
3004887,6.798365188081624
3004888,1172.2118970773597
3004889,448.59494290272386
3004890,289.9227953828448
3004891,185.53277073714713
3004892,80.68923374636589
3004893,3246.3427534468988
3004894,11.341008357065473
3004895,0.6101312757601621
3004896,31.887818686684064
3004897,26.316787335454066
3004898,0.18510235656550036
3004899,236.6103755390138
3004900,2.9114766412961
3004901,2.721183785627372
3004902,7.976261985044853
3004903,88.4116605688155
3004904,2.0612733863655106
3004905,99.68907003208321
3004906,212.6879469040772
3004907,2.3003947124228583
3004908,6.651734251659454
3004909,167.9820545051645
3004910,128.63460398963787
3004911,993.5927720665111
3004912,0.7835920263889982
3004913,4.316132559905713
3004914,3.856899486519
3004915,0.19102774424237065
3004916,1.765221364359925
3004917,1687.8640866446099
3004918,0.0030625598351618627
3004919,116.77402524315504
3004920,7.219610140515973
3004921,560.2975572639675
3004922,264.77083016662624
3004923,147.5224124200239
3004924,44.25475323886946
3004925,51.32546884959235
3004926,2206.3177410442586
3004927,7.326760984318778
3004928,0.8824367081002137
3004929,26.50450395548124
3004930,17.568766248058278
3004931,0.04247500003000385
3004932,150.57816885671008
3004933,0.4928545687163859
3004934,0.005062219551853927
3004935,4.345744824588152
3004936,68.64253462110895
3004937,2.447770923592478
3004938,84.25981047458791
3004939,138.6601739924036
3004940,1.0319232437500878
3004941,5.075253783609118
3004942,190.41361078914815
3004943,30.658235984460486
3004944,426.84775773797463
3004945,8.610202634835025
3004946,1.7969400238434243
3004947,2.168277541052639
3004948,0.003246488035287646
3004949,2.691677411546173
3004950,1271.2714265808195
3004951,0.14778260340999477
3004952,243.40511874953035
3004953,11.424664199940647
3004954,497.74263061048265
3004955,480.2628270472313
3004956,140.47217128025375
3004957,56.297173545113715
3004958,81.42925530365918
3004959,1975.0934442999683
3004960,25.977284439556687
3004961,0.3565370075823915
3004962,11.137529639374009
3004963,15.96482097675899
3004964,0.28083113307981405
3004965,107.3329024321892
3004966,10.398921078519074
3004967,1.8918355074124906
3004968,4.197838043973485
3004969,93.12539337951615
3004970,4.117970343515952
3004971,539.926942111575
3004972,137.02386874123943
3004973,3.3947904695972917
3004974,4.719048703013443
3004975,386.7171459740649
3004976,38.5762049254079
3004977,1076.993036342878
3004978,0.05084219473903093
3004979,14.177264824702362
3004980,3.030227639036559
3004981,0.10516776971475565
3004982,4.458050956105472
3004983,3430.361023610055
3004984,0.03384896070776228
3004985,765.0995129615761
3004986,18.051247653314796
3004987,1172.5549753356645
3004988,1344.7364437177266
3004989,336.72879739235606
3004990,256.26138231724514
3004991,193.57619175141258
3004992,4097.9226573829665
3004993,36.31470322146261
3004994,0.949118936125757
3004995,21.398696555867044
3004996,36.01213488032306
3004997,0.08094927207773857
3004998,222.5081648977248
3004999,10.403404619161723
3005000,34.57975210259763
3005001,9.674880659336473
3005002,147.93672681938028
3005003,14.303296988712658
3005004,672.7936289972307
3005005,263.10803972313096
3005006,15.982367116256167
3005007,9.948506970924113
3005008,808.7580566901178
3005009,117.46160862637399
3005010,3183.828283274012
3005011,0.07753234265502368
3005012,45.16570236309722
3005013,3.11150753304655
3005014,0.0654501147181561
3005015,5.044215308611566
3005016,2420.3474965740857
3005017,0.0265196336020554
3005018,411.7319038491966
3005019,7.910798554572248
3005020,504.5944738735368
3005021,689.5194460740915
3005022,203.86933702778833
3005023,198.92572452876504
3005024,174.01165787449952
3005025,1960.0759935616838
3005026,21.251099589506993
3005027,1.2135565829252908
3005028,25.996271663657392
3005029,17.87929780220081
3005030,0.07325033358692781
3005031,106.08187582436072
3005032,0.0030331689660359905
3005033,23.795812498648637
3005034,6.345494171381448
3005035,314.20841656399506
3005036,9.766257972761863
3005037,442.0247903250389
3005038,128.20791349916723
3005039,4.768977068803107
3005040,6.226024975736527
3005041,324.9410910794593
3005042,50.995041953215086
3005043,1506.669600671032
3005044,0.7518600358751596
3005045,8.746638095737126
3005046,3.6872437967611873
3005047,0.047157540231829886
3005048,1.9116848601325853
3005049,770.1324576596219
3005050,0.004382675587040481
3005051,205.97089740135252
3005052,5.519509905817857
3005053,329.458575831316
3005054,212.4226741495912
3005055,99.41691466173106
3005056,37.37601588660084
3005057,44.32563168733747
3005058,1341.6866928610154
3005059,6.465645820320362
3005060,0.6801987560271598
3005061,9.263156700995346
3005062,7.745434126487347
3005063,0.25878643110915694
3005064,61.79938340072205
3005065,0.31023095749155566
3005066,5.055573566916375
3005067,1.4142251449498846
3005068,47.4833475528975
3005069,0.31199013356353994
3005070,398.47393437270193
3005071,129.73337363597804
3005072,2.1035399963972172
3005073,1.4198281520178602
3005074,193.25535000459422
3005075,22.367304473928574
3005076,417.5181111876327
3005077,0.6389586609961145
3005078,4.091369926350366
3005079,5.893980496303364
3005080,0.23437145258613037
3005081,3.806955415744977
3005082,2595.3911940106605
3005083,0.09987931560844182
3005084,533.6451022446525
3005085,16.41108710911373
3005086,730.8635270195866
3005087,847.9693465204198
3005088,309.9938095423422
3005089,240.80946318847464
3005090,143.35211268848093
3005091,3217.2405740856298
3005092,28.745581627963993
3005093,2.5912304328129325
3005094,21.424220401535766
3005095,26.39126902484102
3005096,0.20319018019245452
3005097,177.8571885411401
3005098,5.246719959964718
3005099,36.43674099478264
3005100,8.96261233714791
3005101,255.6901978931162
3005102,3.8794103392203354
3005103,389.73519916120597
3005104,199.82020869221387
3005105,9.295007149521364
3005106,8.231520965062153
3005107,462.98060414654077
3005108,74.89956501491669
3005109,2264.661437166002
3005110,0.9523797368864366
3005111,25.721699859060774
3005112,5.883655563116185
3005113,0.02363929325031798
3005114,2.3626794969908707
3005115,2713.874373148538
3005116,0.003401088864747489
3005117,457.6260772183495
3005118,14.246476072789614
3005119,934.1791765395536
3005120,616.0927355891531
3005121,343.5013715050575
3005122,168.1594214811326
3005123,70.14736947851853
3005124,4056.571834023539
3005125,12.460243547376212
3005126,0.8769468723998726
3005127,28.943435093389017
3005128,16.74839660178875
3005129,0.6321534627286822
3005130,188.985582306798
3005131,0.003978933840225713
3005132,5.270787109774762
3005133,5.140195620746396
3005134,114.64221280634186
3005135,1.1362222765312682
3005136,145.97762227384175
3005137,242.45548421304565
3005138,4.055055892065273
3005139,3.9111953593908586
3005140,201.27016459136013
3005141,68.98528810609133
3005142,1127.6337381200767
3005143,2.400215890892343
3005144,3.970460010712554
3005145,5.479000604310069
3005146,0.34324960496332135
3005147,3.3907691637467403
3005148,2531.4816120040723
3005149,0.003550873951404011
3005150,463.21526389467545
3005151,10.930764835459284
3005152,762.9574743536723
3005153,536.6033824763782
3005154,274.6120604297895
3005155,151.8797382646745
3005156,65.38879405341473
3005157,3336.98152119325
3005158,11.34893946259509
3005159,1.1385384316799496
3005160,23.64382736766934
3005161,16.000763374036797
3005162,0.06602681258173383
3005163,183.09148521668095
3005164,0.004124526920410816
3005165,5.2581748221066835
3005166,4.275721097339312
3005167,180.94638615248275
3005168,1.3074915041092825
3005169,95.60780275867323
3005170,190.54353817455504
3005171,3.303665161439633
3005172,4.519886138510033
3005173,194.1085245897431
3005174,59.510417237704765
3005175,854.8755003314046
3005176,1.577741669782068
3005177,5.349239674870888
3005178,9.768476687282952
3005179,0.9040219927021041
3005180,13.62338769885682
3005181,7498.076704809242
3005182,0.06469190315787718
3005183,1125.254610905098
3005184,44.74186007481923
3005185,1781.2622937044612
3005186,2015.8433716555492
3005187,426.94006566652104
3005188,544.8995575075004
3005189,390.2312677208442
3005190,7184.726295962676
3005191,71.9709567445689
3005192,2.744726582919453
3005193,62.78920503736747
3005194,49.54811505656491
3005195,1.4396907903578942
3005196,416.01608841474416
3005197,36.58698593306059
3005198,52.32577757597255
3005199,31.487166017107455
3005200,323.27365141765165
3005201,27.765419317725456
3005202,1277.066326736699
3005203,430.70932001490667
3005204,16.90889189244792
3005205,23.74779138823657
3005206,1584.031500111006
3005207,283.81059170793435
3005208,7338.418844767883
3005209,0.9388554656657814
3005210,133.36683016768538
3005211,3.2231011537509042
3005212,0.20281379786268386
3005213,0.6793151174200297
3005214,1404.4061326085273
3005215,0.0031504906911925517
3005216,152.36467537328892
3005217,4.812995185852812
3005218,543.0528096295417
3005219,219.3817795683388
3005220,120.07490505460603
3005221,106.41411120228386
3005222,56.89767424578192
3005223,1774.6912982268261
3005224,5.61271404195449
3005225,0.546768764547734
3005226,12.204421781563832
3005227,8.167274081302535
3005228,0.13648907317867637
3005229,137.3531768285904
3005230,0.6050434518084474
3005231,0.004009306070619866
3005232,3.085455875600337
3005233,73.66714206751034
3005234,0.7572383277147674
3005235,49.223729934266615
3005236,88.50887503356796
3005237,1.8641646711395952
3005238,4.141509340512858
3005239,111.51560614440386
3005240,21.667338869798037
3005241,436.1064511629682
3005242,0.3274741332853294
3005243,3.8370132042762783
3005244,8.308007660600468
3005245,0.45374270082592255
3005246,2.042975575064671
3005247,3084.6465724208288
3005248,0.0031013190195566644
3005249,451.37568220099325
3005250,10.127537705298709
3005251,1054.391799280838
3005252,548.2132596993796
3005253,254.98352534399123
3005254,236.9831118062682
3005255,101.99158806785712
3005256,3746.618051328079
3005257,12.459322830288873
3005258,0.5507393654868922
3005259,21.08280009326339
3005260,16.124396148265138
3005261,0.10167741260552052
3005262,216.87729417597475
3005263,1.0243799232099227
3005264,5.114183808781456
3005265,8.70731580613424
3005266,41.60540043660845
3005267,1.343323247828545
3005268,270.28546729123616
3005269,235.22476957780563
3005270,3.4963906486775134
3005271,6.010745081235713
3005272,148.7772023191132
3005273,66.39315228124411
3005274,1019.0939078101502
3005275,1.5494643853776109
3005276,5.416206802445862
3005277,1.710134286909315
3005278,0.043431360328889355
3005279,0.8495672387598976
3005280,1008.9765211988461
3005281,0.0028721831519197536
3005282,105.0332713684636
3005283,3.612464909094906
3005284,523.949472409131
3005285,128.20784199108613
3005286,106.75957034231763
3005287,145.25646426794194
3005288,23.948391734799806
3005289,1584.5654873802694
3005290,1.660927367075272
3005291,0.43017652883951113
3005292,9.053164240771224
3005293,3.969966085570457
3005294,0.21336796837764896
3005295,72.35097612599145
3005296,0.003424006854167218
3005297,0.004928803793880467
3005298,1.3115013854563133
3005299,121.26634566691297
3005300,0.25210942211910653
3005301,55.572121873012634
3005302,78.82616359927269
3005303,0.40960269902597496
3005304,1.1809668635679929
3005305,68.77137477873698
3005306,11.515290239543635
3005307,158.80077225074822
3005308,0.0756238523800486
3005309,1.6731678210400878
3005310,6.359476477146522
3005311,0.04644031400998831
3005312,1.7665022958682375
3005313,1738.0644085432214
3005314,0.003083723359979527
3005315,197.22117443226904
3005316,8.292018670867046
3005317,790.5020623637517
3005318,318.7040253547239
3005319,177.57466789865165
3005320,127.69797042808614
3005321,66.68428123753156
3005322,2530.044078554688
3005323,3.6287038757822554
3005324,0.5606411410644405
3005325,37.06024265094865
3005326,15.32919670548227
3005327,0.24791366280786226
3005328,162.4062303070818
3005329,0.003681168867506837
3005330,0.005062692045842504
3005331,11.581731921383668
3005332,80.89404427771473
3005333,1.411966044121255
3005334,175.481228517174
3005335,184.62339561514023
3005336,1.7755780352964186
3005337,3.7150910588926336
3005338,234.96128837882156
3005339,31.466806508542096
3005340,1012.4714344867218
3005341,0.0969777767001157
3005342,0.9916892689414215
3005343,3.3935746428228946
3005344,0.32890124423330314
3005345,3.2541573089095106
3005346,2660.1412718842153
3005347,0.0031058027975844307
3005348,655.3096565890473
3005349,10.691557912090834
3005350,853.3673538962906
3005351,554.3770424524406
3005352,257.2474496407744
3005353,106.44925010968223
3005354,87.76980485418949
3005355,4052.2164550134466
3005356,8.276051813719736
3005357,2.94460591405439
3005358,26.189451186828794
3005359,34.20181900332494
3005360,0.19898012589971117
3005361,194.3678248873211
3005362,1.9813086994808162
3005363,4.178206874438342
3005364,4.873550103262293
3005365,63.279558545247866
3005366,2.205769015415183
3005367,150.80961982554794
3005368,285.7491745269423
3005369,2.9803266461335367
3005370,5.809124287121812
3005371,148.59675358943008
3005372,33.547932485637894
3005373,557.314571842252
3005374,3.7639108068840654
3005375,2.608925712473022
3005376,4.10765148879415
3005377,0.0458010115183802
3005378,0.5136089670465991
3005379,1447.444830805313
3005380,0.00313891149901248
3005381,103.85292403715873
3005382,2.5636161128214314
3005383,426.8603547387436
3005384,137.78872840288165
3005385,101.36614205269842
3005386,120.23984262558278
3005387,61.39435237209574
3005388,1725.1512455858553
3005389,5.111370770419599
3005390,0.603496813724535
3005391,9.441994162423999
3005392,6.298968622145556
3005393,0.18789781984022508
3005394,76.55175812824999
3005395,0.0037441373187389495
3005396,0.03542049399021238
3005397,0.6132714307532173
3005398,62.236724596459226
3005399,0.7727121425633315
3005400,143.699064367883
3005401,74.78886544744614
3005402,0.8005686436028174
3005403,1.1294211952667863
3005404,63.34766937850163
3005405,19.246483503008182
3005406,296.57151346682423
3005407,0.19397459063580233
3005408,0.9904658100332896
3005409,4.463306803769708
3005410,0.029807753512467998
3005411,1.0730386338087605
3005412,3182.884358810602
3005413,0.003461112588631853
3005414,491.3605557688615
3005415,9.242258039630741
3005416,804.3387347580938
3005417,494.19871205889024
3005418,210.68328873270215
3005419,126.120825318987
3005420,93.10032895417359
3005421,3341.15777417366
3005422,7.647706199471707
3005423,0.464277340809056
3005424,34.00733849627947
3005425,12.453389307282443
3005426,0.11652358003137166
3005427,179.22742411745884
3005428,0.02064689425147232
3005429,21.408648438864184
3005430,3.629153629152177
3005431,136.3545720698525
3005432,1.1656245703532606
3005433,194.32499863949175
3005434,200.94005576917203
3005435,3.244116775547104
3005436,3.459703165255537
3005437,136.5038358918977
3005438,45.17240513206085
3005439,1154.3988095029222
3005440,1.5692849542418588
3005441,1.383328239967247
3005442,3.6135041633587424
3005443,0.024134358022930597
3005444,7.108129221178158
3005445,2181.8056772204673
3005446,0.04361509214804258
3005447,512.6871975916637
3005448,8.426177068513429
3005449,836.8958572953467
3005450,833.8346024473244
3005451,163.02854682666103
3005452,135.55461808863956
3005453,127.04168337807832
3005454,3200.40183659953
3005455,40.589969506320486
3005456,1.645682183808625
3005457,29.93303433875807
3005458,27.960639985671904
3005459,0.1876652896643244
3005460,175.75682780735323
3005461,18.544730555106472
3005462,22.911110082920693
3005463,2.5820780860371833
3005464,146.90432140044575
3005465,9.338908848148836
3005466,345.9218056956684
3005467,226.1713946843062
3005468,10.936872927232788
3005469,11.413796597075244
3005470,301.0179831727228
3005471,98.17456763129607
3005472,2288.1305569142105
3005473,0.06683887588564241
3005474,20.290975003844757
3005475,5.675652698078257
3005476,0.040885012828699205
3005477,7.009130326370817
3005478,2214.34220392237
3005479,0.03255187987679002
3005480,426.6338677966717
3005481,12.933126882008725
3005482,827.2490319016325
3005483,731.2318311940405
3005484,156.3313892267974
3005485,93.37758296143281
3005486,123.9851290478495
3005487,3215.881856402462
3005488,28.406020942371143
3005489,1.218337897547182
3005490,39.829774594871644
3005491,26.575978093150255
3005492,0.03865952170647563
3005493,246.1381690891513
3005494,18.973053764162074
3005495,15.255331927797672
3005496,10.833832356668777
3005497,137.81735481165353
3005498,10.731342514341389
3005499,213.04715914095107
3005500,290.04596704930134
3005501,6.718013972489727
3005502,9.367919221405742
3005503,169.66401536863293
3005504,94.21099937712296
3005505,1726.0444517942176
3005506,1.9425893217637304
3005507,22.061859923259437
3005508,8.601111124050089
3005509,0.29387702389059034
3005510,3.140758350443375
3005511,2998.750435955967
3005512,0.0031579463622648128
3005513,592.0853552752733
3005514,7.653620966513679
3005515,1455.1445779966705
3005516,531.4108604762674
3005517,180.6303615566385
3005518,312.1933444549185
3005519,76.36757653950721
3005520,4546.705142600054
3005521,27.649084079920584
3005522,1.5345278221179934
3005523,26.152734399417056
3005524,17.759274498496186
3005525,0.14713541593568044
3005526,264.9941763882441
3005527,4.708260857531162
3005528,14.328065826014967
3005529,10.552649995690743
3005530,84.3597609560067
3005531,3.988126541759895
3005532,279.13225874779675
3005533,246.31885613200353
3005534,5.416982134032352
3005535,8.461813318984788
3005536,224.06479674520807
3005537,66.77858343832975
3005538,1241.7259320643793
3005539,6.499136364191572
3005540,11.983633996652426
3005541,4.020643917021107
3005542,0.10249608602552686
3005543,5.147351667128651
3005544,2133.9616930968373
3005545,0.06732035947112004
3005546,356.0729270225509
3005547,8.179888402217685
3005548,771.0328824639283
3005549,711.9251930018668
3005550,222.19170810236372
3005551,141.4198455864015
3005552,111.12073580256956
3005553,2954.732855340254
3005554,24.25536961227474
3005555,1.2379271002741263
3005556,21.72625229942666
3005557,10.721457177797735
3005558,0.25073242553282
3005559,157.18217710370135
3005560,16.61254895445142
3005561,18.71098690359329
3005562,2.5176179610969007
3005563,138.98546474558168
3005564,7.6588076026758785
3005565,521.0015954077788
3005566,198.1991479834327
3005567,5.989990330326718
3005568,8.039032193854526
3005569,516.5541100184436
3005570,72.86282171419218
3005571,1885.7533651038952
3005572,0.17883669726163354
3005573,31.591921350270404
3005574,3.23230466015624
3005575,0.19301273714172387
3005576,2.7906591753370105
3005577,4512.201977047904
3005578,0.0029961522639025883
3005579,370.4132751382676
3005580,11.264085013605488
3005581,1518.2939555034638
3005582,464.7339306032803
3005583,276.0415455563126
3005584,143.46452641574237
3005585,69.17876140323087
3005586,4989.20828004179
3005587,11.147295966866517
3005588,1.69269700023132
3005589,29.525344602348184
3005590,24.227666818713388
3005591,0.16893422836557467
3005592,300.54286563145445
3005593,0.0037699043887437864
3005594,0.22202697952914346
3005595,8.126651399300181
3005596,81.80630506161586
3005597,2.037360295990333
3005598,119.60593170303507
3005599,254.26800821602396
3005600,3.1309854125012997
3005601,8.91006051715875
3005602,197.2721529673514
3005603,48.081685429958874
3005604,938.0979228365663
3005605,0.5192872942595098
3005606,4.558090072854068
3005607,6.324140920064507
3005608,0.039086182384273666
3005609,7.356307132792408
3005610,2124.093833695701
3005611,0.027994689385298966
3005612,425.6909493431979
3005613,12.189644116804264
3005614,854.1780226122589
3005615,602.9405797499151
3005616,218.6577831201533
3005617,120.26570141657234
3005618,158.98963125703136
3005619,3200.3720034737726
3005620,28.330391378781137
3005621,1.1262462632471417
3005622,25.578304315768857
3005623,27.101565378378364
3005624,0.09800181243016998
3005625,188.36477708019788
3005626,11.754530876574243
3005627,16.083337085378446
3005628,8.109655105388692
3005629,129.4602191326948
3005630,11.853099287660424
3005631,301.47640781681974
3005632,269.37856304673903
3005633,10.394965595271795
3005634,7.646257411973291
3005635,213.70814741846337
3005636,56.02241984645078
3005637,1725.0123930117923
3005638,0.617987560902258
3005639,9.749158970175
3005640,3.0113349662052387
3005641,0.03642908969155674
3005642,4.6702131254297194
3005643,2071.7963280718327
3005644,0.047588163320076454
3005645,369.86293111958497
3005646,9.05544314540255
3005647,574.4476882193592
3005648,659.3324954378426
3005649,172.3544599573899
3005650,114.80124766619471
3005651,103.58501328322956
3005652,2477.8251893657416
3005653,25.85602760841545
3005654,0.9080334195205767
3005655,25.162007105917564
3005656,20.563796137080267
3005657,0.0700667544991066
3005658,163.65877281161676
3005659,11.017400670265316
3005660,34.036792988902754
3005661,3.5051484971978883
3005662,81.40769950184311
3005663,9.805239226411551
3005664,264.6944732843457
3005665,184.49229931587095
3005666,7.429897506151673
3005667,7.727710414210279
3005668,257.5271953077738
3005669,50.15548447257091
3005670,1956.3964955266733
3005671,0.39618902922389615
3005672,17.69900667721784
3005673,6.429485718835787
3005674,0.1191473364658957
3005675,2.9953694663128934
3005676,4317.377000263911
3005677,0.0032520262760750013
3005678,458.70914727866125
3005679,12.643425648040575
3005680,1105.2971276227536
3005681,541.587308867529
3005682,294.0303445777888
3005683,168.21959195852327
3005684,65.51298788735247
3005685,4076.640236605169
3005686,9.095987350733926
3005687,0.5902452371547251
3005688,18.867178839461804
3005689,17.187774625806743
3005690,0.11795492879546846
3005691,203.74284900984722
3005692,0.004004179054501589
3005693,5.978674175304729
3005694,2.0547866066373146
3005695,118.30363864046974
3005696,3.3142533438180553
3005697,174.31698953556156
3005698,255.78810721888343
3005699,2.491662556458112
3005700,2.702444941404262
3005701,262.92422662526735
3005702,106.40768148619954
3005703,1013.9750794663233
3005704,2.2771289388697187
3005705,0.7645982520692348
3005706,16.824855410538923
3005707,0.002994561123686494
3005708,14.62706048983649
3005709,8267.787623030561
3005710,0.05051686149379776
3005711,1470.4371701173816
3005712,36.83905085405275
3005713,2209.1854270979698
3005714,2364.118853303827
3005715,676.4396993565605
3005716,648.2289742491739
3005717,432.05407640287615
3005718,9203.772770140144
3005719,82.52090751375829
3005720,4.280635026592689
3005721,110.11689921250363
3005722,102.13317555737095
3005723,1.3957507804362501
3005724,538.72374360774
3005725,30.696459788891744
3005726,30.613969701991955
3005727,57.21475076458817
3005728,485.9201388423447
3005729,25.303061190328798
3005730,1515.0730746045945
3005731,450.1943619418875
3005732,32.22023020768595
3005733,34.457750158753385
3005734,1732.0554316293872
3005735,361.37209085409313
3005736,8359.9872079454
3005737,283.4129149751884
3005738,141.94650545666593
3005739,15.744307828710529
3005740,0.0029974213473654113
3005741,13.550326880277211
3005742,8030.037991644243
3005743,0.08385613734553793
3005744,1266.798646094523
3005745,38.2389982570872
3005746,2261.884382203307
3005747,2052.2488695349
3005748,774.9485160763268
3005749,442.5000661174086
3005750,394.8385881188956
3005751,9335.496053172625
3005752,87.36398564498255
3005753,1.5783106920082668
3005754,71.41859236115445
3005755,82.48958938272224
3005756,0.9762889761543699
3005757,531.197648749852
3005758,24.9707052076376
3005759,36.101712969490336
3005760,23.63064002828682
3005761,347.767655656641
3005762,18.906049252623678
3005763,1742.8754796677833
3005764,560.4275453710019
3005765,22.58799696089989
3005766,27.4743169152516
3005767,1729.914088994237
3005768,264.64569139349965
3005769,5794.332399853619
3005770,309.43383178986727
3005771,130.563826371083
3005772,12.46827400689414
3005773,0.0028380334499297495
3005774,18.440868083451285
3005775,4487.43745007327
3005776,0.1255473038600765
3005777,752.016776738425
3005778,17.234667359085304
3005779,1882.540198052271
3005780,1321.296483740452
3005781,766.898048456414
3005782,135.87604521768029
3005783,265.1368718892502
3005784,7602.494511090957
3005785,41.087310565843225
3005786,2.5459458353129762
3005787,48.35469106202741
3005788,30.798106375207333
3005789,0.7627853151050841
3005790,483.7782782661571
3005791,26.677131931817186
3005792,21.78465484936403
3005793,12.926307992575337
3005794,179.94364279155047
3005795,9.740046715547875
3005796,1733.4811341377297
3005797,583.0969173493945
3005798,19.235462715958548
3005799,33.950973586683034
3005800,1057.0294735160867
3005801,129.55751355295453
3005802,2254.854122465943
3005803,253.20351300470435
3005804,59.30154055807247
3005805,14.989349172794288
3005806,0.0028749043089262606
3005807,19.781789867006612
3005808,7196.710897098232
3005809,0.0860169725991838
3005810,1115.0859538384304
3005811,25.281148928684647
3005812,1903.9724941135528
3005813,1932.3583535555185
3005814,730.0981599344826
3005815,347.40015955230194
3005816,277.4882272524469
3005817,9042.158393228017
3005818,55.3441496610098
3005819,1.5464594750309115
3005820,70.33436033027398
3005821,64.8509775862107
3005822,1.1762465708267584
3005823,501.527762337584
3005824,29.122970304579297
3005825,31.845705674378433
3005826,30.97481319694574
3005827,296.4062615575275
3005828,15.13217288958974
3005829,1498.1199616847534
3005830,578.1640622298335
3005831,19.031785285445252
3005832,25.322543166617002
3005833,1519.0691451846842
3005834,223.1015084129201
3005835,4996.3050269261275
3005836,261.4414267531711
3005837,99.18210470933928
3005838,12.174266536352162
3005839,0.0028367679011932403
3005840,17.13168394234562
3005841,3463.346643989362
3005842,0.023411352538632708
3005843,648.6026827112008
3005844,20.014804211968972
3005845,1723.2058927303772
3005846,1016.441827898128
3005847,638.0387031994518
3005848,101.83898289350505
3005849,184.47473896405498
3005850,6325.720957195001
3005851,36.16988915349109
3005852,0.48212321205833825
3005853,37.590644774075436
3005854,29.966014514571647
3005855,0.289380355209434
3005856,441.55017129297653
3005857,26.22062864463544
3005858,10.844270945497787
3005859,6.419122625683956
3005860,176.28956499126232
3005861,5.307972424829509
3005862,1416.4972394323372
3005863,578.378970234739
3005864,15.456574848910622
3005865,21.020230527573258
3005866,1006.8957497540041
3005867,94.0407136021656
3005868,1583.5639208384785
3005869,302.31954576914677
3005870,31.77967866997356
3005871,10.945634478868953
3005872,0.0030225919702654056
3005873,11.737598345024299
3005874,6689.644315205041
3005875,0.057536483059337465
3005876,1145.4905655243801
3005877,35.35632734453511
3005878,1596.0457812603354
3005879,2092.724150758967
3005880,468.42975372501917
3005881,494.1356541283556
3005882,390.5311802572934
3005883,6990.153798440347
3005884,73.56335220094735
3005885,1.535397103456594
3005886,53.420687013475714
3005887,49.83628768650476
3005888,0.7482892066151765
3005889,373.41146444591294
3005890,13.660463850526476
3005891,32.88092293339234
3005892,12.919942408730936
3005893,379.33930789940894
3005894,18.25315050280065
3005895,1463.3207159390363
3005896,428.2350692239361
3005897,16.754317244231153
3005898,29.473253207129808
3005899,1457.3113247366625
3005900,246.39555225487322
3005901,7437.6109137060275
3005902,203.72683535711346
3005903,108.09662023384412
3005904,5.390513860684148
3005905,0.2634941157840676
3005906,6.584672450326878
3005907,1676.2138064708422
3005908,0.045957580254851776
3005909,341.738873467688
3005910,26.782379496575224
3005911,784.7217428233573
3005912,488.8914247622662
3005913,248.2847106649396
3005914,91.27787768448862
3005915,133.61364942289202
3005916,2643.815339146033
3005917,25.970952738865893
3005918,1.205815051876978
3005919,29.08425499486342
3005920,24.963168733952045
3005921,0.13661356025355242
3005922,169.8765608382696
3005923,10.194948933296326
3005924,6.938722509453685
3005925,12.704627781625348
3005926,97.53713754049778
3005927,7.577143242009148
3005928,298.41053737486334
3005929,213.88595262085659
3005930,3.3019498438431443
3005931,6.446995455833343
3005932,280.9287145593587
3005933,63.14561412833275
3005934,1313.06021155051
3005935,0.7546360848911201
3005936,15.91136164739892
3005937,10.50984265646144
3005938,0.00285532412173047
3005939,11.758754330047369
3005940,3506.134519010805
3005941,0.06185998773615585
3005942,517.5607090365457
3005943,37.92930271647759
3005944,1403.4997189679389
3005945,957.2381551376943
3005946,485.9317026153832
3005947,100.6331853376481
3005948,169.22778606687453
3005949,5486.8531816349905
3005950,71.73536727269446
3005951,1.5200610731467492
3005952,59.7193460852985
3005953,39.165033126814514
3005954,0.18994751387599873
3005955,290.0183386944874
3005956,16.143676696179796
3005957,8.963628416822043
3005958,4.554133709783493
3005959,185.10900441607436
3005960,9.2619936064159
3005961,720.3205108618899
3005962,426.10576994465237
3005963,9.572376940209214
3005964,20.06555704162846
3005965,530.9752355018659
3005966,98.23353247144914
3005967,1918.8110699521321
3005968,272.0566366441853
3005969,23.756330065784066
3005970,6.663401518653461
3005971,0.0026261778874743136
3005972,5.862268681818368
3005973,4520.983147879067
3005974,0.054382050572572324
3005975,862.0365162308804
3005976,11.746658356004296
3005977,1332.5716225741796
3005978,1533.063214435293
3005979,332.6298598286418
3005980,417.33149995311476
3005981,311.3706940462071
3005982,4676.146966645799
3005983,40.31144784083435
3005984,1.73249746866848
3005985,32.18843083336691
3005986,40.88547220554961
3005987,0.5089541404776171
3005988,266.658445012564
3005989,2.4720066474855185
3005990,44.8703064689542
3005991,5.273956983414326
3005992,271.1214783936857
3005993,11.323680562321723
3005994,1071.3771636400759
3005995,262.02743888897515
3005996,17.723768242317615
3005997,10.064374003644536
3005998,2762.5898773889685
3005999,137.40355606850954
3006000,4942.595732991012
3006001,2.6086053135808167
3006002,80.11807846840426
3006003,9.5131991079752
3006004,0.0037772212871880037
3006005,9.061291849919822
3006006,4145.428962780417
3006007,0.003791805666895339
3006008,925.6930270395146
3006009,13.37588515536854
3006010,1431.5945493892032
3006011,1171.3433575382378
3006012,440.4135143364558
3006013,294.21495040914147
3006014,385.4009801967725
3006015,5793.356948192604
3006016,41.23520304296845
3006017,3.303000474096037
3006018,58.11363335774539
3006019,44.47421580087413
3006020,0.13032496552819267
3006021,344.60142356116455
3006022,8.244611114782366
3006023,58.08598321092113
3006024,8.8902649689877
3006025,337.44439201935757
3006026,12.44143581428016
3006027,680.0345444077323
3006028,362.98737394751043
3006029,15.396029316757879
3006030,27.082849787884758
3006031,659.7358392471953
3006032,135.44703275423169
3006033,4387.77456632183
3006034,4.589072746268869
3006035,10.554015302707104
3006036,7.680535000285232
3006037,0.020206954802546907
3006038,3.6524680780229377
3006039,1876.7600029510422
3006040,0.024071056454302322
3006041,411.09625504517214
3006042,7.816851484831245
3006043,804.2911441058798
3006044,495.9526498943738
3006045,242.1758575896413
3006046,93.2166380864803
3006047,159.5311523666843
3006048,2595.038696080314
3006049,16.16453834359013
3006050,1.2824904132240815
3006051,27.927605759127324
3006052,18.942611064947798
3006053,0.11445819667449844
3006054,168.92949814530076
3006055,4.827142051493537
3006056,10.825250805123424
3006057,8.141014864044053
3006058,134.0878202967581
3006059,4.221048097299878
3006060,482.96164553076534
3006061,200.5327829191199
3006062,4.361740258852892
3006063,6.358522470251785
3006064,259.7744711237936
3006065,61.58609513402164
3006066,1800.2958173981
3006067,0.5069744686230127
3006068,5.263541154481572
3006069,6.394607687917343
3006070,0.056272713985108705
3006071,0.7056654495333495
3006072,2726.307554601678
3006073,0.003071406146032011
3006074,197.06287421431907
3006075,4.958119523129318
3006076,918.0696702364098
3006077,209.81739815501993
3006078,210.03357088785063
3006079,59.26116199394507
3006080,32.851130627701735
3006081,3268.555082891298
3006082,12.14541865199763
3006083,0.9240185009878614
3006084,22.477471217467514
3006085,10.274483703324279
3006086,0.18368965709618792
3006087,176.21999819520443
3006088,0.0038537285880806986
3006089,0.004109618498714566
3006090,4.47169380754202
3006091,42.5566614662351
3006092,1.033564388683143
3006093,46.57233549980764
3006094,152.1376998090767
3006095,0.06732508283153925
3006096,2.490598965702951
3006097,70.18082746474445
3006098,77.6851544179935
3006099,541.5001400656065
3006100,0.07831689912075213
3006101,2.2095682390015816
3006102,6.146993595111118
3006103,0.008974690069748919
3006104,6.2752917842725635
3006105,2839.611638093322
3006106,0.026908581564153326
3006107,477.02754690567565
3006108,13.478394597227531
3006109,1011.7997330738957
3006110,855.659149617572
3006111,351.4946693433892
3006112,169.95392729788216
3006113,164.98142845037387
3006114,4205.728540434906
3006115,33.34803270652534
3006116,1.0814432890426655
3006117,26.204622293224347
3006118,48.02636287121565
3006119,0.062129603588666524
3006120,234.19835014657056
3006121,19.760178937032475
3006122,17.73691471477921
3006123,14.541045847472942
3006124,135.658792832139
3006125,6.937747191440775
3006126,662.486574797775
3006127,259.9838083765851
3006128,8.677805571063063
3006129,12.153036353030185
3006130,741.0830128076876
3006131,107.51260037116725
3006132,2132.338023901227
3006133,0.0497108302906296
3006134,55.50423835931666
3006135,4.856789961676033
3006136,0.044835595185453596
3006137,6.325545829204386
3006138,3891.24245152266
3006139,0.20221393292215345
3006140,634.412512638014
3006141,19.473419487513386
3006142,960.5003474301831
3006143,1313.873876996058
3006144,206.6338757289618
3006145,312.45219858223186
3006146,242.07670896118123
3006147,3817.93531752106
3006148,36.958669817226706
3006149,2.4349591524930325
3006150,34.10694871141308
3006151,32.425534164781396
3006152,0.6568186869321209
3006153,203.41182656667291
3006154,12.078890938389048
3006155,39.461820111474765
3006156,8.855174896716928
3006157,266.2739091032453
3006158,14.955902000450937
3006159,719.6413130769051
3006160,211.71899153302058
3006161,6.473856919541506
3006162,14.11182852505222
3006163,852.9811879114882
3006164,152.82788527032466
3006165,4644.6000370863385
3006166,0.4272324093730437
3006167,62.600330593020935
3006168,4.8304930862794
3006169,0.4220137705111874
3006170,9.647993810732787
3006171,4311.169010105899
3006172,0.06879946383176655
3006173,778.4906480026457
3006174,23.70342436852001
3006175,1152.727954661501
3006176,1439.1745949910733
3006177,319.7952922567242
3006178,326.49191505076647
3006179,197.14052787867482
3006180,4706.024965057872
3006181,37.80206807966393
3006182,2.81628052243377
3006183,40.36486495838743
3006184,43.59409815780207
3006185,0.2278361294634379
3006186,274.8095791651108
3006187,28.009658409359805
3006188,33.59357436405638
3006189,25.764593917232954
3006190,218.12310003697408
3006191,17.6712421823649
3006192,743.440475453699
3006193,287.3431103276254
3006194,15.666186129268702
3006195,17.20186859387333
3006196,848.7222175289455
3006197,163.79488593359616
3006198,3603.3973195573826
3006199,0.8246638662850516
3006200,59.405771188504126
3006201,11.861999833174895
3006202,0.2985404083956026
3006203,6.956477246497318
3006204,2625.6235379957634
3006205,0.0032165579039011016
3006206,395.5944494614322
3006207,15.909222781866408
3006208,1397.589389810861
3006209,619.1051497585535
3006210,587.2411124282265
3006211,132.59751476029544
3006212,83.47266751899562
3006213,4914.752463970623
3006214,12.190240389570812
3006215,1.3389223415606253
3006216,49.80050084040528
3006217,35.85839100330413
3006218,0.0701617980287032
3006219,298.3033619765438
3006220,9.2865689641715
3006221,5.400553643151225
3006222,8.379001078451902
3006223,81.97122329105844
3006224,3.4821951360016055
3006225,266.2017149633499
3006226,335.82123360474554
3006227,5.579889878237016
3006228,6.937023356772262
3006229,403.5774608746684
3006230,94.86437844647395
3006231,1146.8915151296128
3006232,99.03703180463127
3006233,15.148561042816386
3006234,5.150185524754965
3006235,0.0035467694894099353
3006236,4.530566645008868
3006237,2101.267458474775
3006238,0.061495412270189315
3006239,348.36852492857696
3006240,12.450842033038434
3006241,579.624810078875
3006242,701.5148947729574
3006243,125.72200682121154
3006244,138.49334060056523
3006245,132.33846207571432
3006246,2415.218875454022
3006247,21.14865508369865
3006248,2.0226070035938655
3006249,28.507167462859346
3006250,24.38803633635884
3006251,0.12456611008505336
3006252,161.71424869540223
3006253,16.194772982640156
3006254,16.954312689003327
3006255,7.594572739105342
3006256,148.58111821279937
3006257,8.126518496951388
3006258,251.25649203798355
3006259,164.89134181929873
3006260,5.528193565507753
3006261,9.360639557748094
3006262,258.66553531337433
3006263,70.40926343896867
3006264,2364.2343757563526
3006265,0.05311299020715705
3006266,29.656640293185152
3006267,2.553499581218576
3006268,0.0848385264392861
3006269,2.8914605651763856
3006270,1471.687902337749
3006271,0.003067925091073229
3006272,114.45558678230013
3006273,7.527714599991281
3006274,846.4791988247036
3006275,298.7400825975725
3006276,259.35157479469973
3006277,55.19714938359893
3006278,57.093242157841765
3006279,2828.0528675317883
3006280,7.800618462060271
3006281,0.6841960062492439
3006282,14.793185222740377
3006283,10.825507654322267
3006284,0.18015881048692994
3006285,194.00559361504943
3006286,6.389214402139597
3006287,0.015071156082343797
3006288,2.7281205827741113
3006289,26.366475782275682
3006290,0.6231157564275884
3006291,185.9935278733091
3006292,211.20286015435502
3006293,1.0386702390563685
3006294,4.8413504417612785
3006295,172.4932397240418
3006296,32.77046807524104
3006297,250.61649524464912
3006298,12.172568275146032
3006299,2.663164571780418
3006300,9.7664787405999
3006301,0.4303522061973053
3006302,6.690246434512293
3006303,4991.2500719687
3006304,0.0031145663271867517
3006305,649.6080343031254
3006306,20.38713134037266
3006307,1845.1059119954673
3006308,606.6318269830472
3006309,478.8454635571471
3006310,222.01683523638252
3006311,126.08895288110794
3006312,6984.032864445957
3006313,29.835723502536304
3006314,0.9400109307744527
3006315,39.960917794738954
3006316,23.30564144946561
3006317,0.21220066081935662
3006318,490.56525132198846
3006319,10.323702143755147
3006320,4.044274462117359
3006321,12.027320413149631
3006322,73.37193742107564
3006323,3.5151599622915333
3006324,545.5896237958793
3006325,428.4650101368134
3006326,2.8923623884532272
3006327,17.611039209871944
3006328,477.8179143515471
3006329,91.21666041280413
3006330,1339.6604199600124
3006331,33.21946352681624
3006332,13.206344018829451
3006333,7.456027703066735
3006334,0.050229315269584934
3006335,1.3426543136496547
3006336,1621.9861469521868
3006337,0.0029986868303509967
3006338,178.54873524642522
3006339,14.971994293686286
3006340,944.5561662113312
3006341,374.81588283263426
3006342,205.65801687850737
3006343,70.45752366312199
3006344,61.41268210475678
3006345,2743.9094569431554
3006346,10.503957644672415
3006347,0.6929628379313992
3006348,18.893321382415245
3006349,19.800329900804186
3006350,0.1647698911794879
3006351,177.3358672707194
3006352,6.000788341864744
3006353,0.014155590548551526
3006354,9.276461109837943
3006355,70.9955725393414
3006356,2.0248872103902245
3006357,130.5384683296855
3006358,199.65750413659114
3006359,1.5572949867257069
3006360,7.360782023278032
3006361,162.38637289740348
3006362,36.8994803308953
3006363,341.77660149583687
3006364,6.188129262498291
3006365,4.1675530521303275
3006366,6.936439927409278
3006367,0.00305137487042463
3006368,4.07002410011296
3006369,1859.4554092173569
3006370,0.002989944119447252
3006371,148.67322405400958
3006372,9.89950142430623
3006373,972.3042987555635
3006374,335.9991537551399
3006375,202.51160225965378
3006376,48.187282930735854
3006377,48.5690981695121
3006378,3334.100022568258
3006379,17.432093476752186
3006380,0.3112261451144358
3006381,20.39352262807894
3006382,13.413764608177297
3006383,0.08784543971018394
3006384,185.88708254029575
3006385,2.648346591065444
3006386,0.026970271515887
3006387,3.3128675109101122
3006388,72.74572958237651
3006389,1.3434201074496697
3006390,183.09741710591487
3006391,242.30216470639152
3006392,0.6181608148120169
3006393,6.2105348629573065
3006394,161.20652551424192
3006395,27.025071384644992
3006396,205.92468756157763
3006397,10.248727584831606
3006398,2.544958037150904
3006399,5.525803823266708
3006400,0.004787536539261778
3006401,3.2996002824642217
3006402,1747.8322990602485
3006403,0.003156282611499272
3006404,212.34552811942473
3006405,14.320347064379334
3006406,1303.9913666593195
3006407,452.3696971294736
3006408,278.72992081152915
3006409,45.42018579076643
3006410,70.94124511126982
3006411,3507.9444557558427
3006412,8.254912356406571
3006413,0.2786726322951736
3006414,14.188737230135208
3006415,24.979349155239326
3006416,0.1465870007955397
3006417,271.42466760951896
3006418,1.5396761774819236
3006419,0.004611140507394125
3006420,4.021499234171928
3006421,34.48211469564825
3006422,2.61481884456656
3006423,336.25967730877863
3006424,344.0272193751918
3006425,1.258488614597129
3006426,6.249806163120739
3006427,154.0804191246939
3006428,95.49405409721443
3006429,390.49506372345934
3006430,4.874662134083214
3006431,6.644439138153676
3006432,4.8380644592100905
3006433,2.589441743829572
3006434,3.9038960730701375
3006435,1597.2324706261402
3006436,0.002986485633182177
3006437,144.81080269603
3006438,5.467552588131976
3006439,880.6493327654235
3006440,322.7119128289388
3006441,253.77461780880623
3006442,94.09050819129497
3006443,78.4750853690755
3006444,2739.298032677502
3006445,9.839707692415319
3006446,1.3961360877223303
3006447,26.41390912020154
3006448,19.817327972468586
3006449,0.15447545845517538
3006450,224.04126717320514
3006451,10.296622274383557
3006452,0.014820700173865269
3006453,5.245976705399781
3006454,39.80756395682126
3006455,2.345972910673362
3006456,119.0676449459069
3006457,202.25768608662437
3006458,1.0717501595058896
3006459,6.037454252966128
3006460,108.33201246185638
3006461,38.79826336972728
3006462,549.8142757821296
3006463,8.17082748945663
3006464,5.897407855992281
3006465,6.372987494382665
3006466,0.2541886915576296
3006467,1.353861133839827
3006468,1451.878661153231
3006469,0.0030696094187344118
3006470,164.73330791098255
3006471,7.974003014852724
3006472,906.866083242193
3006473,249.13718528716208
3006474,176.39993565306406
3006475,143.0348813847002
3006476,59.978280699731066
3006477,2296.0017137747645
3006478,7.594155222681934
3006479,0.31836595470761686
3006480,17.137634706772864
3006481,14.599305257389943
3006482,0.19161363466207804
3006483,159.77908497229603
3006484,0.003954301896841829
3006485,0.006164081494809764
3006486,3.802521161438494
3006487,65.46878035220766
3006488,1.9193556545355275
3006489,57.30821257445925
3006490,147.5008227617772
3006491,1.1150403447860282
3006492,3.906236931513562
3006493,76.45331375380573
3006494,39.313450737162356
3006495,500.7013218586966
3006496,0.14706654718967765
3006497,1.8526072709318187
3006498,10.509539195779391
3006499,0.45734606534936484
3006500,3.8860184511581064
3006501,3394.755654532213
3006502,0.003117771448903636
3006503,314.21023208449117
3006504,10.871129550812071
3006505,1263.362282931435
3006506,776.9493020434209
3006507,513.7972132965737
3006508,172.94559238608306
3006509,161.7918709924274
3006510,4740.516243506712
3006511,20.309455950727003
3006512,1.4956140338572124
3006513,34.73973476874617
3006514,35.02174527368802
3006515,0.1411782006519524
3006516,295.05791293665146
3006517,1.7294118265612717
3006518,0.04859517369058476
3006519,11.03089484495797
3006520,102.20644666228479
3006521,4.915488405912144
3006522,244.59538814211277
3006523,308.79647399219573
3006524,3.126911139978744
3006525,11.06220121045577
3006526,392.6021602864728
3006527,74.79690735732558
3006528,1360.5834576468335
3006529,36.11784132685381
3006530,16.158136454059562
3006531,4.987055297127133
3006532,0.33826646612981176
3006533,5.609415605677184
3006534,2413.758181183479
3006535,0.002624335343486763
3006536,612.4736302307418
3006537,8.45007767085227
3006538,684.7482321875017
3006539,626.002486117281
3006540,223.04783288347335
3006541,182.90628782618865
3006542,77.38163192042205
3006543,2874.9075556559274
3006544,16.130402968601842
3006545,1.2018119254537558
3006546,22.00869645476406
3006547,22.712587185690037
3006548,0.07967013198985892
3006549,218.8587771956289
3006550,11.201560330928455
3006551,2.709672493406896
3006552,10.974038328225678
3006553,109.51933486493934
3006554,3.1020627750130814
3006555,86.58946329222425
3006556,194.3463561323761
3006557,4.3439713248599965
3006558,9.055030628468545
3006559,194.23662115504249
3006560,49.52249236202722
3006561,1528.7230617997675
3006562,61.43185873797253
3006563,19.445407128849144
3006564,8.288746571170051
3006565,0.5257564679852069
3006566,4.754676046054126
3006567,3375.167460401264
3006568,0.003015392496511726
3006569,207.10141036449193
3006570,9.64681750058662
3006571,1358.8588526141432
3006572,435.65723425577943
3006573,386.95788834338805
3006574,67.71073433140921
3006575,66.39239003102558
3006576,4579.545049358855
3006577,22.78790948855348
3006578,2.032741672351734
3006579,22.420153031529075
3006580,23.493390863910378
3006581,0.28865743428157137
3006582,260.6739560582669
3006583,12.292234739491303
3006584,0.006206252844199029
3006585,5.270552552953824
3006586,73.51015523535165
3006587,3.4546240775800756
3006588,192.18918127565206
3006589,284.46739550306756
3006590,1.663074314947447
3006591,7.579552810845746
3006592,267.0592957592692
3006593,35.9277375932943
3006594,527.5433866772626
3006595,18.781909430196805
3006596,6.96751529111535
3006597,8.711039457900952
3006598,0.044968499891538186
3006599,10.360584878339557
3006600,3429.017815170714
3006601,0.04676148206238474
3006602,652.666821014333
3006603,16.01659069802485
3006604,935.065590648971
3006605,973.5894721085351
3006606,249.72136630872944
3006607,188.92329116944077
3006608,145.45477105135436
3006609,4145.473942960602
3006610,38.4502315308609
3006611,1.7413904597746719
3006612,26.821576018675024
3006613,46.09887587717725
3006614,0.13827488493211015
3006615,249.17165518841512
3006616,27.891405336420757
3006617,22.52853746038084
3006618,9.197364786920406
3006619,183.68460616876365
3006620,11.780641027446412
3006621,470.80921077362825
3006622,293.3815111386252
3006623,10.908275815532917
3006624,9.76976742792736
3006625,484.4321935450555
3006626,128.869305812506
3006627,2629.635935596769
3006628,0.07860356428861659
3006629,34.86184177882704
3006630,10.14748680036779
3006631,0.3518669575036032
3006632,6.933102362915312
3006633,4604.28532837718
3006634,0.0031351983207659876
3006635,513.0151995647351
3006636,12.621569336478279
3006637,1701.0444316028054
3006638,806.7082347358094
3006639,702.9465473717185
3006640,117.58644712447514
3006641,143.32946884224845
3006642,5967.614302972063
3006643,16.222541400161287
3006644,0.7025093656882704
3006645,29.610441428560343
3006646,20.26489047664237
3006647,0.062199948304763344
3006648,408.2473669144138
3006649,3.5996030124183935
3006650,9.236167287237384
3006651,5.034862781820266
3006652,80.50700857949518
3006653,2.1686647660983738
3006654,325.3912501177268
3006655,451.86024655081513
3006656,4.246969842912874
3006657,8.091549892993454
3006658,429.7652675516247
3006659,76.08419532659701
3006660,1177.1335848468898
3006661,63.48053981093511
3006662,21.168739925482235
3006663,12.319428201689249
3006664,0.4660086421987783
3006665,5.654279461654101
3006666,3661.280551843164
3006667,0.003331258375333236
3006668,490.6748658130334
3006669,10.828005491391322
3006670,1578.3247793446285
3006671,656.7404500874061
3006672,367.26650388095004
3006673,268.36488314458734
3006674,146.94576312422936
3006675,4606.139359038087
3006676,16.903149146142177
3006677,0.7676915316378211
3006678,47.1278506997489
3006679,39.38378469122664
3006680,0.27610882772388523
3006681,373.8391362593451
3006682,5.517742206515175
3006683,4.4943755467524795
3006684,10.658391888553037
3006685,126.58030207014042
3006686,3.1282919821453126
3006687,128.0589469783616
3006688,359.60486435502844
3006689,3.1964619131052068
3006690,8.479056779876545
3006691,212.68590134202714
3006692,157.36914812850495
3006693,1378.0380701386075
3006694,1.0796350765776939
3006695,7.754962581249835
3006696,5.799390130246008
3006697,0.22360190403432217
3006698,2.4426330163184717
3006699,1793.6271175606173
3006700,0.003133481767886361
3006701,144.01938313408044
3006702,11.015632705886377
3006703,726.7017866323849
3006704,350.2385577971686
3006705,166.8965307829903
3006706,54.32967928732389
3006707,93.11191769094998
3006708,2350.672742772031
3006709,9.035778607240996
3006710,1.1356843572360809
3006711,37.57080897300369
3006712,21.803571274423277
3006713,0.06692163153490728
3006714,203.6156560092855
3006715,0.732543466118954
3006716,0.012830803723972923
3006717,5.851464206902396
3006718,81.16641957438043
3006719,3.9330701951383755
3006720,98.40526148601758
3006721,170.2450466251075
3006722,1.3963352558299424
3006723,7.2046624849383525
3006724,160.00316741966526
3006725,34.15914875191825
3006726,497.1953752884994
3006727,17.239531771259173
3006728,3.597728270248426
3006729,3.1139535490322894
3006730,0.003343228076733307
3006731,4.339064183787235
3006732,1461.3824924488006
3006733,0.2141171322189614
3006734,263.6784614037359
3006735,14.15890405819684
3006736,584.5653835391222
3006737,511.511146300536
3006738,136.45132197786515
3006739,49.26924055598338
3006740,92.90485116040585
3006741,2187.3739215082596
3006742,28.41838100216431
3006743,0.47072049076396666
3006744,14.539614589369913
3006745,19.14771059012091
3006746,0.31118939025170395
3006747,137.19962155565418
3006748,15.766186775000278
3006749,3.581101938737864
3006750,3.690141745696385
3006751,125.67421248159043
3006752,5.908716837857659
3006753,575.3972174392214
3006754,155.888780732454
3006755,4.348982379277865
3006756,6.581283432271446
3006757,302.4792350418061
3006758,42.795955125524245
3006759,1170.8230874493752
3006760,0.058927861839100926
3006761,10.475490468364661
3006762,3.631553627561453
3006763,0.1146996828247852
3006764,7.128482847710186
3006765,3785.6115924093137
3006766,0.05148097326190359
3006767,782.4272174503718
3006768,20.997882755319033
3006769,1207.5036841582457
3006770,1327.891512284135
3006771,297.0310596866648
3006772,234.48911434746373
3006773,201.33099247709794
3006774,4331.184238662988
3006775,33.927954221368296
3006776,1.297121959063595
3006777,24.60706967023316
3006778,47.18146258791698
3006779,0.08863794463502156
3006780,267.10578793602696
3006781,17.210805559994952
3006782,39.22313546953927
3006783,11.776388606864293
3006784,168.75856401849398
3006785,16.330443759397614
3006786,399.41833140126965
3006787,313.56380495225807
3006788,21.008178890011344
3006789,12.880308770511663
3006790,533.7661493158975
3006791,129.48341039608036
3006792,3632.8307472042297
3006793,0.1279333588001962
3006794,29.58206460943414
3006795,4.230520736382563
3006796,0.03630160601634576
3006797,5.438803175070448
3006798,3184.845180754436
3006799,0.02848018174609834
3006800,489.75552444192135
3006801,12.15489521870159
3006802,594.5476134671347
3006803,784.6733010312222
3006804,180.08707205005442
3006805,176.51055987474558
3006806,270.87374286737764
3006807,2288.6701692058223
3006808,25.820186819027793
3006809,1.4919613983280215
3006810,30.580539228559793
3006811,21.195805208398923
3006812,0.08629774475884383
3006813,129.5160977333465
3006814,0.0035977763976234186
3006815,32.87005152135724
3006816,8.370241939726618
3006817,488.33103136416787
3006818,13.250633252848901
3006819,270.88986111145346
3006820,160.6188360828237
3006821,5.336680051475118
3006822,9.5239178244537
3006823,213.3952713199843
3006824,59.0490324517348
3006825,1496.8196137303412
3006826,1.0053757305083866
3006827,7.321694435058403
3006828,5.084588047691776
3006829,0.05378192270990079
3006830,2.052583192322545
3006831,977.8060448321114
3006832,0.015837729337271494
3006833,242.28038000526652
3006834,8.471406755302485
3006835,388.2214972819171
3006836,282.6181532741252
3006837,101.30429132652415
3006838,39.393269003997254
3006839,56.644779811204245
3006840,1577.6671281813592
3006841,9.453572988387458
3006842,0.909855910479843
3006843,12.318728937954456
3006844,10.610734908146231
3006845,0.31675173561385767
3006846,83.3004577663062
3006847,0.4159886445262409
3006848,7.2954261113243035
3006849,2.1837325980452134
3006850,56.58207600761635
3006851,0.36677471150415086
3006852,261.5385278525549
3006853,157.47108011330238
3006854,2.9852292049369074
3006855,3.25047431398359
3006856,167.10514051678473
3006857,27.525987992874207
3006858,527.4193165096235
3006859,0.8217665081923973
3006860,3.1371975718768716
3006861,8.451323974464186
3006862,0.22356369101566503
3006863,5.484883146827666
3006864,3773.8316202119986
3006865,0.14093580302314665
3006866,669.65633861435
3006867,24.365509926458735
3006868,927.9504962707026
3006869,1107.2759193198003
3006870,300.7393052445111
3006871,239.24464289893191
3006872,238.6531211678764
3006873,3756.9248002499185
3006874,34.70934739592099
3006875,3.408115950903569
3006876,25.886788664431194
3006877,39.41833871305856
3006878,0.23171328428294827
3006879,240.72342933143815
3006880,10.275132776929384
3006881,48.62674240248908
3006882,12.516364861199941
3006883,427.1451084035259
3006884,5.783477142573385
3006885,302.9450769228488
3006886,274.77505739807526
3006887,12.291029560143498
3006888,12.317516261950152
3006889,390.09744648463817
3006890,97.31096287292806
3006891,2901.1929524225748
3006892,1.2184820503306637
3006893,21.347240711733498
3006894,8.56035849110308
3006895,0.04430102286799298
3006896,4.156336599688322
3006897,4020.5496448346394
3006898,0.0034550965608631276
3006899,671.0646712982432
3006900,20.247824951043835
3006901,1407.1175477320517
3006902,903.310421192838
3006903,383.85194853223436
3006904,233.16950562072373
3006905,133.05103409184971
3006906,5519.628840740342
3006907,18.04900257724674
3006908,1.2035221591819694
3006909,35.397263265700545
3006910,24.65565151236639
3006911,0.8655596635940536
3006912,292.9927790590872
3006913,0.004341026137455097
3006914,7.433422593967169
3006915,7.6467824514790035
3006916,151.86751551711905
3006917,2.006328375758678
3006918,206.40633846200112
3006919,344.10304110260705
3006920,6.521014847160554
3006921,6.223885328581088
3006922,272.33615030162923
3006923,95.38251438623192
3006924,1629.74841962189
3006925,3.353734505730301
3006926,11.999836607815503
3006927,7.844576396384068
3006928,0.5393405387262661
3006929,3.658669369538422
3006930,3582.9696797575134
3006931,0.003604081020509805
3006932,634.5340556350661
3006933,16.132789100799982
3006934,1111.7292470847337
3006935,738.2577685972395
3006936,281.7777593351021
3006937,200.27139615352303
3006938,132.23099436033033
3006939,4548.913145053057
3006940,15.923329909347945
3006941,1.5739756277077457
3006942,34.58826239992818
3006943,25.148175993639175
3006944,0.08665304973955842
3006945,275.5719069667291
3006946,0.0045042900997899395
3006947,7.3713454542901635
3006948,6.097172664746585
3006949,283.085847053674
3006950,2.2340255812501786
3006951,127.66912615178401
3006952,281.0770423229068
3006953,5.272030634778629
3006954,6.2646528113841855
3006955,199.5042230024072
3006956,69.48059299029997
3006957,1219.3511839231148
3006958,2.433585209713316
3006959,9.74742515898983
3006960,13.364347109312675
3006961,1.1198579122920906
3006962,19.8961516259295
3006963,9475.400187735357
3006964,0.07387096643858901
3006965,1322.4064443000248
3006966,58.62836625059768
3006967,2123.3484628858037
3006968,2378.004290848362
3006969,443.56098859538884
3006970,544.2685860506942
3006971,424.9064020630853
3006972,7882.989656914503
3006973,82.82111700765132
3006974,3.622415668491852
3006975,73.03870353635014
3006976,64.13450625110946
3006977,1.315656805070448
3006978,577.0500318512159
3006979,58.647728923612576
3006980,57.50894403576546
3006981,38.001421713322934
3006982,385.91653373332986
3006983,34.68955164477263
3006984,802.687593465573
3006985,616.7907376621316
3006986,24.584518747064347
3006987,32.283629583027704
3006988,1222.255605140117
3006989,316.8070210550941
3006990,8133.585997979561
3006991,1.2964533336268076
3006992,102.35516168469056
3006993,4.228674189556246
3006994,0.28546915408398316
3006995,0.9708060102412297
3006996,1615.9909900451723
3006997,0.0031989504824867145
3006998,170.02999535635593
3006999,6.178690104827284
3007000,651.7936978032836
3007001,272.3222922110747
3007002,125.23220617115251
3007003,126.45281307877154
3007004,72.87121137153761
3007005,1979.4967730045646
3007006,6.647408914918869
3007007,0.5660644187994516
3007008,16.186631074569082
3007009,9.764077455984673
3007010,0.16702034742562927
3007011,168.19507356246453
3007012,0.7609868494687376
3007013,0.004654504116689164
3007014,3.9645296313479204
3007015,104.86445680573266
3007016,1.066197711881489
3007017,65.88076568482971
3007018,115.43524697507618
3007019,2.5141565883783126
3007020,5.467553223958643
3007021,114.41766878292519
3007022,26.254522906459545
3007023,537.2929908938781
3007024,0.35557688178880725
3007025,5.708916799362524
3007026,11.25648808028671
3007027,0.5879243313385977
3007028,3.0289296177126888
3007029,3872.065536558774
3007030,0.0031413053969239916
3007031,564.4019530241347
3007032,13.788249305745401
3007033,1470.9730260281044
3007034,734.908197451737
3007035,272.7987453867503
3007036,309.010198515526
3007037,156.87006659390312
3007038,5169.4493042778495
3007039,16.85881301217374
3007040,0.7478685693966886
3007041,27.70068245471867
3007042,25.458768016076903
3007043,0.12627881399756508
3007044,312.7120783336152
3007045,1.4666571874273062
3007046,6.974851860506976
3007047,11.258437285274779
3007048,53.775074015482076
3007049,2.027250223569496
3007050,342.056486349509
3007051,337.28533268819604
3007052,4.608193585465445
3007053,9.281955312488025
3007054,140.57626498930554
3007055,78.1846984438538
3007056,1332.6856975607059
3007057,2.2550094092937294
3007058,7.187220772673832
3007059,2.3374341419572002
3007060,0.04669655133612512
3007061,1.1300217110148534
3007062,1314.6501709515614
3007063,0.002916347551565347
3007064,125.21050824035379
3007065,5.5291091367062615
3007066,753.0952811814421
3007067,174.43999310697092
3007068,94.45334647818045
3007069,184.67338337047158
3007070,34.739028283320124
3007071,1971.7657858823509
3007072,2.241932583539459
3007073,0.4908351963471903
3007074,12.28325491410212
3007075,5.076314823975786
3007076,0.26351286618465414
3007077,98.77534126223358
3007078,0.0037424092838958044
3007079,0.005766592786917714
3007080,1.8444136180238626
3007081,97.40032999337512
3007082,0.37475918938630065
3007083,68.97708922570459
3007084,107.998006055406
3007085,0.5947458078532746
3007086,1.7345727979636723
3007087,69.07957863014632
3007088,14.70585631348369
3007089,225.56128842063097
3007090,0.12358378524943409
3007091,2.4460513925652174
3007092,9.56674959578439
3007093,0.068864864971528
3007094,2.3369352011132873
3007095,2515.0066475570793
3007096,0.003134986722111939
3007097,267.66715144289617
3007098,10.85016768726595
3007099,1177.3341173251777
3007100,467.6955839057093
3007101,198.19863793804726
3007102,184.21978400717987
3007103,116.9233709030067
3007104,3343.509988512465
3007105,4.753303266375027
3007106,0.8168326177821273
3007107,45.05083354760449
3007108,23.838648538266924
3007109,0.36008657947027956
3007110,256.78430872617446
3007111,0.004027240474976713
3007112,0.04150858919714474
3007113,15.462285500978325
3007114,116.83284099565773
3007115,2.1384883122143377
3007116,257.53854838767427
3007117,272.20414901776144
3007118,2.402568718313261
3007119,5.31962307552755
3007120,247.32564106511765
3007121,38.63364860881957
3007122,1318.071147466317
3007123,0.15199042324618062
3007124,2.148570986396073
3007125,4.369318070401083
3007126,0.35791719627039176
3007127,2.6154947553312504
3007128,2979.4907860209223
3007129,0.0031292083981374437
3007130,729.8753336668386
3007131,14.603798642691295
3007132,1027.1055416137758
3007133,638.834286725405
3007134,247.72921783095705
3007135,121.74510245450901
3007136,112.15495378979534
3007137,4413.569165252246
3007138,10.611456155098605
3007139,3.286465998959268
3007140,36.49244143359845
3007141,42.459530761152806
3007142,0.2210507928729254
3007143,232.70499798310325
3007144,2.807419205301492
3007145,6.010209620462428
3007146,6.387312436124108
3007147,71.26164115143041
3007148,3.4319870539743143
3007149,180.55637874281192
3007150,327.9970263689275
3007151,3.8702306314148314
3007152,7.480900551479959
3007153,155.22725500432875
3007154,36.07425754849375
3007155,654.6891077169663
3007156,5.143497300448094
3007157,4.766648960521189
3007158,5.819679597800399
3007159,0.045338791977606076
3007160,0.760515963316098
3007161,1725.410575669532
3007162,0.003187390924765109
3007163,126.11421607471723
3007164,3.6595798366062935
3007165,574.4611573096877
3007166,193.45374086012927
3007167,108.22687613758501
3007168,148.79476157655927
3007169,122.2841243625042
3007170,2049.2985737941062
3007171,7.119509159941018
3007172,0.8183515542218439
3007173,13.062755735444448
3007174,9.405449090398488
3007175,0.23308046006567165
3007176,108.14649494695325
3007177,0.004091875602177284
3007178,0.042151395747644343
3007179,0.7995460031148762
3007180,180.5914573714401
3007181,0.9605934104437369
3007182,178.3766432099239
3007183,103.1474682254833
3007184,1.1065291419152221
3007185,1.754114917941784
3007186,68.64740644485373
3007187,24.033467492987103
3007188,378.37411181266907
3007189,0.17586836120372246
3007190,2.998105037172417
3007191,5.990674702638944
3007192,0.030804539844395417
3007193,1.5625819803044285
3007194,3957.98333572781
3007195,0.003502469166766391
3007196,566.1566828360459
3007197,13.458156683187594
3007198,972.1089311436818
3007199,622.2285565533205
3007200,218.82958786485614
3007201,145.3588816215193
3007202,229.76223320984815
3007203,3976.6813627402184
3007204,9.992858130559846
3007205,0.5298007217848024
3007206,44.26413243596828
3007207,15.206536687170583
3007208,0.1379008456594723
3007209,234.2938098244005
3007210,0.034982941308261725
3007211,31.50535021637217
3007212,4.373523890874534
3007213,222.33265673231293
3007214,1.8643066665774328
3007215,229.40865765148598
3007216,251.8721433646971
3007217,4.025832273512016
3007218,4.901737083458084
3007219,138.56084579256364
3007220,49.63726099521067
3007221,1348.5379010091729
3007222,2.1669248614166268
3007223,1.6311494240047442
3007224,4.564484288914332
3007225,0.022017208712116147
3007226,9.294451613363181
3007227,2718.995701086782
3007228,0.04749603628917521
3007229,525.0384217561268
3007230,10.106828667513913
3007231,935.9652039290495
3007232,852.6857942578642
3007233,151.00524283580788
3007234,133.19568088497232
3007235,137.60745759696164
3007236,3524.723381043321
3007237,42.10561546218738
3007238,1.9623418070375238
3007239,38.821363662484565
3007240,31.90165413745239
3007241,0.22910224160878886
3007242,227.57557583660792
3007243,28.04224263277219
3007244,25.475603130619415
3007245,3.1846728511664417
3007246,168.36989866427916
3007247,12.226083416145439
3007248,209.41062156811074
3007249,274.4492177735708
3007250,14.739723290878807
3007251,13.77506408661307
3007252,238.65276852660153
3007253,93.52986301092862
3007254,2600.8947498232633
3007255,0.06453602180335509
3007256,14.754826400480253
3007257,8.469453949534987
3007258,0.009591702068422244
3007259,10.362923927037105
3007260,3176.1123060277423
3007261,0.0321890654625043
3007262,561.7055938569172
3007263,16.374691941225976
3007264,1134.360309671742
3007265,921.6259415295721
3007266,190.31425922961643
3007267,121.13536015188785
3007268,146.98010144816612
3007269,4456.853648927846
3007270,33.787853514246684
3007271,1.6116912582755984
3007272,52.54335094908733
3007273,35.12391007274528
3007274,0.06665802699248373
3007275,388.2690334887162
3007276,38.30134696283374
3007277,22.944122587743763
3007278,13.62309089465194
3007279,193.08182008890157
3007280,16.42637930510755
3007281,181.51548466402153
3007282,466.77297421584365
3007283,10.5616572544443
3007284,13.524953586087388
3007285,177.51852245537742
3007286,109.53093349208484
3007287,2331.486081278053
3007288,2.643125111719919
3007289,19.804251488674193
3007290,11.117080643808986
3007291,0.44402245757295045
3007292,5.501668353389204
3007293,4006.5583276338966
3007294,0.003262674533095459
3007295,737.4710184403406
3007296,10.065597949310785
3007297,1721.9889639698072
3007298,680.3169074979514
3007299,208.5679499679247
3007300,334.07269881226154
3007301,115.66527313040899
3007302,5175.29587239451
3007303,34.288811652175454
3007304,2.08964834313908
3007305,34.928094059596916
3007306,23.395094615039515
3007307,0.21618398771642716
3007308,392.7232247013454
3007309,8.37078011844827
3007310,18.90269401360721
3007311,11.990760082087483
3007312,112.05066132457605
3007313,5.9432001291269465
3007314,145.6809200254577
3007315,352.50047032434543
3007316,8.298136900718948
3007317,12.351624610913595
3007318,265.9931827539412
3007319,74.17703726607671
3007320,1781.9926461788543
3007321,15.401216633282557
3007322,17.513720003750354
3007323,5.841047896656905
3007324,0.03573124526983291
3007325,7.1687544902077684
3007326,2876.8026716319664
3007327,0.08045568951037001
3007328,416.0273344620637
3007329,11.147238531944646
3007330,833.7434388921322
3007331,863.5827936350427
3007332,235.24772590172816
3007333,169.17725162571693
3007334,139.2191715312833
3007335,3395.4503027746764
3007336,28.508692745494812
3007337,1.609091811382363
3007338,24.17631592852591
3007339,13.508952042164657
3007340,0.2667074137186671
3007341,203.00453938567009
3007342,27.14322601526267
3007343,27.866819080646223
3007344,3.1286941175428926
3007345,181.854790997617
3007346,11.153159955259413
3007347,392.08210887851044
3007348,271.1080148319026
3007349,8.77267989070964
3007350,10.886689315305377
3007351,436.4862216543197
3007352,90.15210106402829
3007353,2475.531441781481
3007354,0.1914894551660939
3007355,31.069422724900836
3007356,4.6014458547586665
3007357,0.20320243002347205
3007358,3.2239489314142746
3007359,5202.011633094123
3007360,0.0031481607373758974
3007361,448.6543086906689
3007362,14.474059023834128
3007363,2063.2026386650973
3007364,613.1893500823974
3007365,271.3470004233706
3007366,182.55241468443396
3007367,100.74710085676475
3007368,5656.724722129435
3007369,13.347284891111842
3007370,2.3004332342614573
3007371,34.13725121317966
3007372,31.18985029258808
3007373,0.2113459248740493
3007374,421.2616440383062
3007375,0.004051795008018104
3007376,0.30786850337911237
3007377,10.152672551419563
3007378,108.04555957898776
3007379,2.713666358005197
3007380,142.00742634792206
3007381,330.1582866767012
3007382,3.6794973129333246
3007383,10.547913484558203
3007384,198.11170758129373
3007385,54.628243184436215
3007386,1107.6804116720123
3007387,0.5178819580809176
3007388,6.3986123101055545
3007389,9.108826481143856
3007390,0.06146766750963057
3007391,10.36793264769156
3007392,2910.3432334812255
3007393,0.028465060900575843
3007394,507.3324005155275
3007395,16.113609496030904
3007396,1051.7642950627724
3007397,765.9881682044553
3007398,233.238094349686
3007399,134.41222096270764
3007400,207.1188171044753
3007401,3649.819581983909
3007402,33.72342756113108
3007403,1.5698566544039239
3007404,42.612551021839174
3007405,36.35069357730248
3007406,0.1265209019238891
3007407,268.7726484225958
3007408,22.168122253994753
3007409,23.675933088792636
3007410,10.589651295748475
3007411,190.4831925984182
3007412,15.396182367340224
3007413,224.87961926432067
3007414,357.4959293420981
3007415,11.99318759462576
3007416,10.21332366195522
3007417,193.7688794478948
3007418,73.49019478950306
3007419,2036.6660079050807
3007420,1.022474777589645
3007421,8.470113059485179
3007422,4.711685695007613
3007423,0.011253347929438261
3007424,6.972310953769234
3007425,2820.369430291956
3007426,0.05666294332800213
3007427,480.4791928864812
3007428,13.095461090423457
3007429,803.3627065173994
3007430,912.9477486031434
3007431,189.1870991071105
3007432,138.98663386897496
3007433,134.92288570538398
3007434,3182.8807351073874
3007435,32.503517024134474
3007436,1.2570403597700022
3007437,30.743951064241756
3007438,31.9760521079831
3007439,0.10593365635634532
3007440,234.53651962017491
3007441,20.828377272203813
3007442,40.51989496227577
3007443,5.405729238512848
3007444,119.57267820989685
3007445,13.443933292140851
3007446,249.17673794341866
3007447,273.1702592083473
3007448,10.038891617031801
3007449,11.3439746602115
3007450,252.4964799066603
3007451,60.23652691618301
3007452,2536.8845382553322
3007453,0.5758975154300714
3007454,15.576844923149217
3007455,9.461335175915629
3007456,0.07348466912183496
3007457,4.411151150087762
3007458,4994.273030415975
3007459,0.0034727882144443183
3007460,561.2417085402582
3007461,16.588793842678218
3007462,1263.1792408387416
3007463,679.0362431653642
3007464,293.67254273739957
3007465,221.84922795420977
3007466,107.70310856766612
3007467,4517.859692978995
3007468,10.788615165029265
3007469,0.5661738793313063
3007470,24.397051940706902
3007471,25.06287556031682
3007472,0.1442448373290911
3007473,263.013875083643
3007474,0.004364347230637028
3007475,8.480813282681115
3007476,2.5007328709859156
3007477,182.20550800094702
3007478,4.117872928976604
3007479,212.739314059353
3007480,294.851737228051
3007481,3.4638435260138905
3007482,3.772508890597798
3007483,273.83156849423506
3007484,111.34428778079311
3007485,1188.045091526793
3007486,2.503739747484641
3007487,1.0317792556966199
3007488,21.82774039456629
3007489,0.003183826484296599
3007490,22.79792817666439
3007491,10652.624548740052
3007492,0.0803971851426362
3007493,1824.9254647015428
3007494,39.54618246653252
3007495,2743.819180718023
3007496,2900.423412989018
3007497,667.7742858033769
3007498,740.1324827543693
3007499,488.11094165444536
3007500,10798.09882428459
3007501,91.75862889609732
3007502,5.566894601584961
3007503,124.03317353183962
3007504,140.8860763716468
3007505,1.3158883926735836
3007506,771.2969657158011
3007507,51.71039236238715
3007508,42.40207238945411
3007509,79.0697228995659
3007510,509.11145399108136
3007511,35.1028638790174
3007512,1031.3885733532138
3007513,741.2091486902733
3007514,51.199856681134506
3007515,47.909467596292565
3007516,1400.2385195800207
3007517,375.8665861995513
3007518,10426.073722219
3007519,375.2623029404145
3007520,122.50524720373852
3007521,22.24239294983602
3007522,0.003186739268880574
3007523,18.58662649564468
3007524,10189.74335145873
3007525,0.10000917338128851
3007526,1353.2706909119856
3007527,43.49707506134493
3007528,2807.7826137006145
3007529,2548.6442734697152
3007530,799.2619122789827
3007531,466.80611277599223
3007532,445.60676572411796
3007533,12037.7731617001
3007534,102.93834382370804
3007535,1.9562422710667666
3007536,86.42539378567132
3007537,125.59315083450302
3007538,1.397165779973865
3007539,784.6716590085923
3007540,38.11008551142615
3007541,52.60590403341503
3007542,20.912948101878406
3007543,427.4529714890862
3007544,26.136292191403044
3007545,1344.665074047319
3007546,805.8495013539473
3007547,31.4927866992955
3007548,41.04421483254361
3007549,1437.2792107138896
3007550,339.794514813085
3007551,6395.4582155857015
3007552,394.02292528381764
3007553,105.65733866281806
3007554,18.401106733192865
3007555,0.003060470020120097
3007556,29.596061789972147
3007557,7041.032553336087
3007558,0.1484867725880006
3007559,1042.9230576816544
3007560,22.18164029869027
3007561,2693.1430094939883
3007562,1714.708599785281
3007563,991.5991096571478
3007564,188.38838782632178
3007565,345.19806449655283
3007566,10048.979368559347
3007567,51.50130354692218
3007568,3.3303535760328784
3007569,62.74203740848502
3007570,52.28481761022934
3007571,0.9900352472372584
3007572,731.7564773784334
3007573,54.08918222287822
3007574,35.16344688551248
3007575,13.125036710900472
3007576,222.26616840642387
3007577,15.32963877607975
3007578,1126.8365753242201
3007579,928.7758501561209
3007580,32.63980730655655
3007581,51.45100131046006
3007582,1035.7287272394883
3007583,180.15286726350303
3007584,3191.6384925796924
3007585,342.07018740934404
3007586,55.997449864520185
3007587,21.181321620621148
3007588,0.0030662560944455393
3007589,30.317393528853334
3007590,9672.000223446388
3007591,0.1129054304667734
3007592,1315.0331436303588
3007593,28.402191966241816
3007594,2481.0956880999925
3007595,2360.1695860473965
3007596,765.024546473472
3007597,400.26089669247546
3007598,328.0142081279754
3007599,10945.330867608049
3007600,62.993438491820456
3007601,2.091243569968568
3007602,95.61641558086349
3007603,83.36184625015372
3007604,1.6237480975901624
3007605,710.3185730569211
3007606,42.91554147164138
3007607,40.8932447843534
3007608,25.77134294255477
3007609,381.6249808828661
3007610,20.488283732918266
3007611,900.332360432855
3007612,847.8020942975036
3007613,30.726650381463408
3007614,36.90717056307041
3007615,1247.9131632790004
3007616,283.60152140253024
3007617,6219.343035092353
3007618,328.17332800597046
3007619,79.12215985188865
3007620,18.008166344274986
3007621,0.003060470020120097
3007622,27.30710244467646
3007623,5325.767539459312
3007624,0.0266194297095319
3007625,930.0963629297041
3007626,27.422259321640478
3007627,2420.541780933542
3007628,1510.616560709907
3007629,764.1162981940864
3007630,145.46832821388813
3007631,273.3885113319639
3007632,8847.019878915882
3007633,49.61095971162525
3007634,0.6326561504872518
3007635,46.05933529533563
3007636,47.29063951621612
3007637,0.4126087939062626
3007638,679.6954971345282
3007639,44.32987891460281
3007640,16.111039915415763
3007641,17.8647106717254
3007642,232.70454943250908
3007643,9.928982293067435
3007644,1019.990774151562
3007645,911.1888489630688
3007646,23.46556563181758
3007647,34.23228170373595
3007648,1047.994510113989
3007649,143.33761676453577
3007650,2429.1026575520905
3007651,453.29557067485825
3007652,32.41983606245914
3007653,14.766092422152996
3007654,0.0031923128076742843
3007655,16.048183626353598
3007656,7318.1150064639305
3007657,0.055246186729870694
3007658,1210.9250597942405
3007659,39.62730826867528
3007660,1813.8671428402636
3007661,2385.19726432479
3007662,463.8950374981826
3007663,467.6098486462119
3007664,431.1691911817007
3007665,7566.165993390931
3007666,76.17936210956663
3007667,1.976456016494916
3007668,62.31935297494187
3007669,58.17954311721552
3007670,0.9112157598375566
3007671,488.23104879019064
3007672,20.035898467391192
3007673,39.83290359174481
3007674,13.923476908014374
3007675,422.3835325729823
3007676,23.59861223262743
3007677,834.2059939604362
3007678,556.296138201749
3007679,23.646428151750467
3007680,41.02787855129547
3007681,993.1254472035466
3007682,278.26026809314214
3007683,7825.934750547362
3007684,267.42068500770534
3007685,85.58412815109278
3007686,7.551198929311674
3007687,0.35054274362283333
3007688,8.797392090519093
3007689,1967.6648999877868
3007690,0.03492536922308281
3007691,365.4916221333553
3007692,32.84905095592749
3007693,921.0015004186803
3007694,544.7287142245159
3007695,229.13133780333135
3007696,93.87755103203699
3007697,133.12904092941199
3007698,2925.0280115549285
3007699,30.845310350338742
3007700,1.4497380149204475
3007701,33.33941975635574
3007702,26.745926296520057
3007703,0.1364841292843601
3007704,200.55959108924557
3007705,15.170052075122921
3007706,9.09932052503314
3007707,14.675727669599997
3007708,124.6716129381449
3007709,10.322437870307274
3007710,253.43640182764136
3007711,262.6993143377815
3007712,3.899099810081025
3007713,8.643258272584738
3007714,235.00906915587433
3007715,68.52111518232894
3007716,1429.522146545406
3007717,1.2779748142367424
3007718,11.098916581648144
3007719,15.461422032025505
3007720,0.0030793503889198345
3007721,17.314909694190924
3007722,4561.228368954151
3007723,0.07360829589674654
3007724,651.4201735086488
3007725,46.662098458801985
3007726,1771.7280065687023
3007727,1269.4791930033844
3007728,537.7051606676498
3007729,124.56975040489893
3007730,210.3281840643822
3007731,6924.637034068899
3007732,64.5123834437511
3007733,2.233780771240977
3007734,77.63719483393724
3007735,57.203681145746515
3007736,0.3352690831905374
3007737,436.38873079337225
3007738,30.076474256765085
3007739,13.783874348565831
3007740,6.2933060161505505
3007741,220.25147439611376
3007742,14.352171976070805
3007743,636.686532505938
3007744,636.1183454013441
3007745,15.198868345890677
3007746,32.71158390178759
3007747,465.54025367657573
3007748,123.60124906705201
3007749,2362.0713028450714
3007750,312.0614805540953
3007751,22.634465538318636
3007752,9.75190702295527
3007753,0.0029368121467367395
3007754,8.47049955004887
3007755,5176.904336849685
3007756,0.06332213754508817
3007757,955.6125184488664
3007758,13.492408689291803
3007759,1455.2360330813947
3007760,1653.363808529068
3007761,285.54148225698276
3007762,350.7218970409384
3007763,365.0041523772577
3007764,5120.625067286811
3007765,44.97843152875153
3007766,2.3014118507304526
3007767,42.67229940008175
3007768,53.24744874626236
3007769,0.5935713337534361
3007770,345.5082777194726
3007771,4.191734765497355
3007772,50.89491196191402
3007773,7.301982451002361
3007774,357.77034083763755
3007775,15.230290366254826
3007776,610.1163738379001
3007777,325.77041050852
3007778,24.34844266330573
3007779,13.701397028930273
3007780,732.1590503353855
3007781,151.5372464235682
3007782,5617.445278876389
3007783,3.387811005114861
3007784,56.79871235854007
3007785,11.744143342496436
3007786,0.0038138010481429075
3007787,11.72599554267925
3007788,5292.000127893943
3007789,0.0036298479774428344
3007790,1074.1570550881036
3007791,15.821808934595204
3007792,1669.699654248484
3007793,1414.8670457972892
3007794,451.21076626184333
3007795,258.02030181028204
3007796,378.59034797156585
3007797,6867.049489011806
3007798,44.280330071644364
3007799,3.446832327016409
3007800,58.61347977864519
3007801,52.483867204695606
3007802,0.18657588426009358
3007803,458.32613180135576
3007804,11.92328140242649
3007805,63.2418230313522
3007806,10.7608018462437
3007807,392.39654744796746
3007808,15.716964437264338
3007809,499.536852048187
3007810,470.1566504793907
3007811,18.036040671979606
3007812,31.770492738004986
3007813,506.53642800782694
3007814,128.11000010438426
3007815,5178.508527691573
3007816,5.69688593413409
3007817,11.371410479460936
3007818,11.390801297207451
3007819,0.035766005894646145
3007820,5.399073193616016
3007821,2561.763988105206
3007822,0.027616914121371624
3007823,552.8162003004891
3007824,11.454668100292952
3007825,945.767269083583
3007826,632.1265732306167
3007827,260.5009131822371
3007828,105.21892434329368
3007829,209.62794948678703
3007830,3346.8314590910168
3007831,20.145898728622566
3007832,1.6440169520272194
3007833,31.31905249161256
3007834,30.48898544496734
3007835,0.12450830195371579
3007836,237.2306675495965
3007837,7.184540561201018
3007838,14.329511571002023
3007839,7.956239187255664
3007840,185.57168237368364
3007841,6.269526902984925
3007842,297.98547402458075
3007843,247.49798081997028
3007844,5.4133609928637485
3007845,8.396826366838818
3007846,218.3062967059977
3007847,70.60778318679402
3007848,2099.764254065448
3007849,0.5729132264378496
3007850,5.367316320271871
3007851,9.273741956027928
3007852,0.08749925023095068
3007853,0.8474574143782713
3007854,3593.4949091380213
3007855,0.003314363616511707
3007856,244.77578215140696
3007857,7.05052650685056
3007858,1257.7317490112564
3007859,271.9319701337893
3007860,233.44586081203423
3007861,83.69957719971133
3007862,58.09095048905177
3007863,3671.8059809478755
3007864,16.472212092680977
3007865,1.283969351142275
3007866,28.594906103933248
3007867,13.334552094463625
3007868,0.1978967745484749
3007869,248.79051008640894
3007870,0.004256734088173257
3007871,0.004816154878696547
3007872,5.905905185958408
3007873,91.95243223867753
3007874,1.6675546469203895
3007875,53.599417463714445
3007876,215.75558269831612
3007877,0.11144272890777283
3007878,3.52635835751908
3007879,63.90804715380373
3007880,82.93123183357099
3007881,670.0907732964647
3007882,0.096903917973163
3007883,3.1177974585326327
3007884,8.735020353290775
3007885,0.01234273722796721
3007886,9.39097386206572
3007887,4031.1234007654393
3007888,0.027467458341057717
3007889,577.2630434106277
3007890,17.990543338667607
3007891,1391.6913938051212
3007892,1143.4149694058688
3007893,388.264772505107
3007894,203.19870325087635
3007895,220.4650991882784
3007896,5066.747644027504
3007897,40.15955936593318
3007898,1.3950308756864191
3007899,32.61183555377103
3007900,60.37274815479093
3007901,0.08763478027327903
3007902,331.0432267806554
3007903,32.70811573718088
3007904,23.192322548498797
3007905,14.550186631863866
3007906,204.84589502586437
3007907,9.618301970874777
3007908,497.8624485083666
3007909,387.89190785453354
3007910,12.409424455150099
3007911,17.57280857140287
3007912,640.7398066546405
3007913,143.64740951595027
3007914,2795.447586314519
3007915,0.06694698324692779
3007916,43.7746021874468
3007917,5.429991723683649
3007918,0.04074111986316073
3007919,6.698827496305878
3007920,4185.864045730681
3007921,0.19400314268631882
3007922,572.3838924287446
3007923,23.154099209118982
3007924,874.4232527611491
3007925,1230.4355915553188
3007926,167.3505450984677
3007927,262.4079937825994
3007928,257.18415676734276
3007929,3481.104717072598
3007930,36.76277835876108
3007931,2.786667514531877
3007932,36.50245934275959
3007933,38.54985632429302
3007934,0.8796821070288849
3007935,223.2136905095714
3007936,16.20919732734872
3007937,44.336109260428735
3007938,10.759797911888523
3007939,297.9499934134061
3007940,17.865719538418876
3007941,426.58128019485616
3007942,217.44212834122288
3007943,8.183819563736513
3007944,15.243213114515903
3007945,543.7054295054572
3007946,147.90690373587768
3007947,4470.652688152535
3007948,0.4654594359637312
3007949,41.88682357064532
3007950,6.465795606837819
3007951,0.48912282314843686
3007952,13.679205521313142
3007953,5242.0980221018535
3007954,0.09439391364052978
3007955,888.7039277361271
3007956,25.11477808933714
3007957,1367.5497191716545
3007958,1679.6786759273518
3007959,331.9468925699792
3007960,370.4183559726677
3007961,211.43941636504712
3007962,5364.146291009107
3007963,43.47371946596668
3007964,3.6803804807738154
3007965,48.76829551011572
3007966,57.99467512191369
3007967,0.37854743037626803
3007968,379.8984120953987
3007969,44.35840198841183
3007970,41.330237300730786
3007971,29.73392687821456
3007972,241.39491694040564
3007973,24.495075600649354
3007974,460.9629394909649
3007975,427.128397035175
3007976,23.052396692699496
3007977,24.053314435208033
3007978,645.2574492165795
3007979,197.3777171791956
3007980,5393.093319942149
3007981,1.1447057548197757
3007982,47.30605899093581
3007983,15.859193840736946
3007984,0.35211590961944594
3007985,10.527668510454971
3007986,3878.055368770838
3007987,0.0032105107407334604
3007988,536.9183329550414
3007989,20.912634134912608
3007990,1888.1712388129135
3007991,865.8462951468165
3007992,577.1908432392137
3007993,191.20026455254916
3007994,143.3250389038022
3007995,7007.478401317364
3007996,14.697808043544004
3007997,1.8659429922549373
3007998,61.08593374004475
3007999,49.956083529190316
3008000,0.10697027761020222
3008001,422.3067643955389
3008002,13.19126915335677
3008003,7.972192500690305
3008004,11.260042590441273
3008005,118.04009235727597
3008006,5.0323374602192334
3008007,365.8242552541319
3008008,503.49853040573953
3008009,8.38771919657614
3008010,10.537178100755412
3008011,468.5766117573102
3008012,110.52749195463088
3008013,1571.1644132910842
3008014,125.45059442036606
3008015,21.420577066389498
3008016,2.6180348335213366
3008017,0.003393596990656946
3008018,3.054893060004338
3008019,1015.6881321137508
3008020,0.04889881672111397
3008021,148.71908784188332
3008022,5.668345862297956
3008023,264.7198600230935
3008024,353.07092266677836
3008025,64.3029176991157
3008026,75.06799620054663
3008027,52.974475938874825
3008028,1190.569125606742
3008029,13.057986475095664
3008030,1.1953386471858316
3008031,11.280820491739036
3008032,12.222580611116852
3008033,0.09156448991122451
3008034,86.63100773836501
3008035,8.485016120535567
3008036,11.191117541114284
3008037,3.6397766553021347
3008038,46.72278719504986
3008039,3.9579519176916493
3008040,117.42203115133142
3008041,89.01376800503914
3008042,3.5397483435696486
3008043,5.113122437380543
3008044,133.04042427094527
3008045,41.69683705687975
3008046,1183.5374049422207
3008047,0.038396584745168015
3008048,17.07554309683056
3008049,2.657130159158201
3008050,0.08472712498588422
3008051,2.824142206178575
3008052,1478.262959538814
3008053,0.0031725520978886576
3008054,137.37989176330848
3008055,4.737383716290876
3008056,795.1266434459319
3008057,327.32483953680605
3008058,273.6438621799172
3008059,68.3572936373989
3008060,39.32444838785568
3008061,2730.3555056423993
3008062,5.6448121224271155
3008063,0.642418695686076
3008064,12.098164509957858
3008065,9.314058101690323
3008066,0.21162184400316997
3008067,189.89810882745002
3008068,6.404684893156481
3008069,0.016118332587060143
3008070,2.7046934809716654
3008071,7.632258313537147
3008072,0.6118829968010073
3008073,185.3600080692795
3008074,202.89070950821568
3008075,1.0261950421830233
3008076,4.648195432856799
3008077,171.92914891769797
3008078,31.831244088383926
3008079,254.5648143209235
3008080,11.755151670523777
3008081,2.6863098270719394
3008082,9.841965572623446
3008083,0.29841218951130516
3008084,6.490942051869158
3008085,5094.752805802025
3008086,0.0032342024020260533
3008087,798.4337713775218
3008088,15.88274523425894
3008089,2105.91607118033
3008090,741.5480820864401
3008091,569.0594516299931
3008092,281.014252960082
3008093,105.75656434552123
3008094,7703.632665187872
3008095,32.18690139078997
3008096,0.9473546749619438
3008097,38.61553990577288
3008098,24.741119369605094
3008099,0.23534556284646915
3008100,554.5569638442162
3008101,11.214463144643972
3008102,4.015648160952489
3008103,12.379073778766367
3008104,28.959632841261037
3008105,3.464393942093213
3008106,594.9770588376108
3008107,479.6395958428423
3008108,2.8955352923071818
3008109,17.493159752461903
3008110,528.7917526956363
3008111,91.04664672666706
3008112,1425.6266005145492
3008113,46.70794918974824
3008114,13.045073987210115
3008115,7.309303797684855
3008116,0.05845918920789961
3008117,1.4669136593197787
3008118,1720.4999820099501
3008119,0.0029801465192434732
3008120,218.1958612300329
3008121,13.05528789363702
3008122,933.4909740770144
3008123,401.2564743778227
3008124,213.54017121206306
3008125,79.7955743476964
3008126,42.56567163312647
3008127,2655.4199928791522
3008128,7.986520088316462
3008129,0.7313062491684428
3008130,15.699130002137423
3008131,20.456192947057183
3008132,0.16277851973715726
3008133,173.86044088938064
3008134,6.047248606637531
3008135,0.0044399715588595255
3008136,10.065353389986198
3008137,26.32958216806366
3008138,2.162984344387747
3008139,131.68734264150714
3008140,196.46754524850465
3008141,1.8831135190936554
3008142,7.178122845107402
3008143,159.46475326984617
3008144,35.97089433933881
3008145,336.69831688431293
3008146,5.370597697145841
3008147,3.5863353750711973
3008148,5.918897373811589
3008149,0.0030306822531053477
3008150,3.468165183710711
3008151,1513.0585312513626
3008152,0.0029597308055170795
3008153,152.2999784816813
3008154,7.294897186726759
3008155,700.039805608564
3008156,276.09606053277935
3008157,153.82811510059278
3008158,55.30479547162568
3008159,33.20966299433879
3008160,2473.7609434934334
3008161,8.71576391822522
3008162,0.28163772199403225
3008163,15.244950824748013
3008164,11.848369021568569
3008165,0.08222339285541874
3008166,148.25726486221492
3008167,2.5960365745387803
3008168,0.014390943296708272
3008169,3.0013875806555053
3008170,17.633131451516288
3008171,1.6357117092738513
3008172,112.42872867394362
3008173,169.530617719364
3008174,0.6338059996667625
3008175,5.648450287662851
3008176,97.78982051148225
3008177,23.048216211189192
3008178,183.31374957763512
3008179,9.932568009766737
3008180,1.749593304170521
3008181,4.834252765743819
3008182,0.005129560559454221
3008183,1.892495817470392
3008184,1496.7885524188916
3008185,0.003241773503857909
3008186,174.96863244560615
3008187,8.86569139993539
3008188,967.496153759997
3008189,356.93782646371915
3008190,217.96530227513702
3008191,43.8537265125854
3008192,45.02922731105264
3008193,2448.148634783896
3008194,5.059178224630259
3008195,0.27324073504617946
3008196,11.014015204716676
3008197,20.387578922543373
3008198,0.14046750728401314
3008199,164.87414271952125
3008200,1.2734712683624156
3008201,0.004705950043595991
3008202,3.5851028186609453
3008203,18.114849112434182
3008204,2.1292047286540323
3008205,204.66356377416196
3008206,202.9210693382443
3008207,1.1573555313855042
3008208,5.625824163633216
3008209,88.66798444442543
3008210,77.0431947119106
3008211,332.33225054696146
3008212,5.604060104080819
3008213,4.365419439012257
3008214,4.891410314965439
3008215,1.1207364213322433
3008216,3.3093185871791384
3008217,1520.8622744019972
3008218,0.0029575763238284714
3008219,151.92689950998258
3008220,4.047026230809528
3008221,758.915833936674
3008222,308.4799678299087
3008223,231.3043629657918
3008224,92.2156121999677
3008225,53.83417430450334
3008226,2588.2177508593086
3008227,9.012951089927268
3008228,1.4523394839129065
3008229,13.932323845283761
3008230,19.10278096251504
3008231,0.15178428385889373
3008232,207.7552384931191
3008233,10.675358892493366
3008234,0.022148683590350462
3008235,3.945596409613557
3008236,9.943234529584497
3008237,2.296984743206453
3008238,106.31180603607517
3008239,184.3928491793035
3008240,1.0577153529179328
3008241,5.686282284947768
3008242,107.07134769912082
3008243,34.93872614601663
3008244,526.1712925941174
3008245,12.81255830925867
3008246,5.039287083729465
3008247,6.697550612171094
3008248,0.25905390065228795
3008249,2.142327905416227
3008250,1631.385610509678
3008251,0.003196870272985411
3008252,223.701049222393
3008253,5.960784803173564
3008254,1042.0069734672566
3008255,326.9772979445624
3008256,214.9253519778771
3008257,210.6010129404114
3008258,41.53942302845521
3008259,2816.2581268950757
3008260,8.96618745944961
3008261,0.37641917094557265
3008262,17.152170552951578
3008263,16.952200836525144
3008264,0.206941479528456
3008265,213.2626061870631
3008266,0.0041143894987314186
3008267,0.01635390945862022
3008268,3.7582550391344696
3008269,27.598354665383585
3008270,1.9356197575648901
3008271,67.8748796847734
3008272,176.35069858695377
3008273,1.1252648259279636
3008274,4.343472359355649
3008275,94.43259932051981
3008276,42.58882759355535
3008277,557.8768699384996
3008278,0.23834262777543302
3008279,2.2906664290267273
3008280,10.605408366795032
3008281,0.512827329941949
3008282,4.253001108026704
3008283,3890.4502010139176
3008284,0.0030985558373604945
3008285,456.7927484758157
3008286,8.567075134033761
3008287,1310.540224141355
3008288,943.4489532522839
3008289,607.9649745457989
3008290,218.98339082318196
3008291,117.08181659198638
3008292,5466.67487004733
3008293,20.694202100397177
3008294,1.548504759584492
3008295,33.809570904171245
3008296,32.73369331904257
3008297,0.15793845504263737
3008298,340.45263699483104
3008299,2.6146730895337886
3008300,0.05648045630730643
3008301,10.341554950070249
3008302,42.93869984861157
3008303,4.933997824514535
3008304,276.2549003002712
3008305,339.18212293830805
3008306,3.9021080329978015
3008307,12.497994081948097
3008308,456.67465828697914
3008309,76.29549378742801
3008310,1652.3460750921374
3008311,36.329637840130864
3008312,16.36159892641166
3008313,4.979990533890537
3008314,0.301697520389638
3008315,5.713222508409953
3008316,2787.4698792368577
3008317,0.002586865048837885
3008318,727.6236360701871
3008319,11.742719384405577
3008320,758.4919859160929
3008321,687.9715316786047
3008322,264.5360566275996
3008323,215.18639962195465
3008324,58.17528630978723
3008325,3144.661350312037
3008326,25.00274764492993
3008327,1.3923532922125632
3008328,22.408686333720635
3008329,22.943437778184986
3008330,0.09940870379286354
3008331,245.52399002624176
3008332,11.502326605073371
3008333,2.6121830955038883
3008334,7.581101780997253
3008335,49.06792093820844
3008336,3.0694756648999193
3008337,101.35029649268176
3008338,218.6448236262033
3008339,4.625606292438898
3008340,9.592960772342838
3008341,237.62564374096084
3008342,53.02295802606595
3008343,1924.554145210756
3008344,51.24344757008668
3008345,14.478205733681683
3008346,8.029710660835335
3008347,0.34632689701245556
3008348,3.367949829847772
3008349,2749.0183873440646
3008350,0.0029830866952815244
3008351,211.85837105807295
3008352,7.2003494742907215
3008353,841.829526752957
3008354,394.4023806455234
3008355,317.6392925917587
3008356,69.98984398711991
3008357,45.472700330225315
3008358,3356.8262285135415
3008359,15.201424890867331
3008360,1.7956797190154632
3008361,15.741903869378472
3008362,15.331540281367225
3008363,0.18436781398655838
3008364,188.9224314661518
3008365,11.293818041599934
3008366,0.03011722613378478
3008367,4.492933254437199
3008368,29.997396493299156
3008369,3.113759087845566
3008370,132.5777877309235
3008371,191.48811514126552
3008372,1.792414344718834
3008373,6.639388391980372
3008374,96.20967296245888
3008375,34.38026922744318
3008376,477.35954342587036
3008377,5.728078242487179
3008378,5.267550575962058
3008379,8.731844228118918
3008380,0.044573839517165134
3008381,10.30209819405432
3008382,3753.571436364069
3008383,0.040682914299881266
3008384,735.7040738408076
3008385,12.21848853518124
3008386,1001.56939701945
3008387,1070.8190540062033
3008388,263.86891517113554
3008389,227.6077868200025
3008390,140.20555693447122
3008391,4808.008413772232
3008392,40.206539413760765
3008393,2.7226152901236516
3008394,23.458416637496175
3008395,36.89455546800173
3008396,0.14993123351407986
3008397,279.6830601814026
3008398,33.35009106133757
3008399,20.30969848606486
3008400,7.576692193887984
3008401,75.25509623236425
3008402,11.296831026040199
3008403,471.79509263384995
3008404,344.01539725011384
3008405,12.146826324854871
3008406,11.287198965995614
3008407,540.7360138610874
3008408,137.06650753437899
3008409,2909.852425488217
3008410,0.09910059713574718
3008411,38.69914111088835
3008412,10.961781638640032
3008413,0.30706837881109017
3008414,8.854476397645842
3008415,5674.663589050246
3008416,0.0032380661462421264
3008417,874.2966115594852
3008418,8.884438399752352
3008419,2058.69617731841
3008420,1227.6333726018609
3008421,922.7960891104921
3008422,173.5135632983222
3008423,115.39381523037771
3008424,7237.0155432545935
3008425,17.749885856140967
3008426,0.7377715282819445
3008427,27.333125545741918
3008428,23.11501867160098
3008429,0.06928747443456461
3008430,486.8516659052685
3008431,6.049042970216697
3008432,9.149552900497442
3008433,5.744194024707747
3008434,45.26026136333437
3008435,2.351125974561719
3008436,400.62388979105117
3008437,556.2777049572287
3008438,4.767647943044506
3008439,9.035015465378313
3008440,565.1103843882374
3008441,90.48117581716495
3008442,1648.0150816630685
3008443,81.41285569175561
3008444,18.39108589749429
3008445,13.695443995158776
3008446,0.6764002936417459
3008447,6.496471641103652
3008448,4439.176290818781
3008449,0.0034551305103828357
3008450,777.0895383644793
3008451,7.789153353717165
3008452,1883.9369266957387
3008453,833.8427526934678
3008454,474.9427474058306
3008455,333.4153331108623
3008456,99.98789916405758
3008457,6016.173943234762
3008458,21.89372586071308
3008459,0.8037428902573107
3008460,47.87882639699653
3008461,48.78899103605402
3008462,0.34926306661775874
3008463,486.01671266862854
3008464,8.392578973364323
3008465,4.717450353493441
3008466,11.821830387578146
3008467,88.73006536988431
3008468,3.709817003954124
3008469,152.93874763072748
3008470,460.0699606397177
3008471,3.508565747397814
3008472,9.576350346063595
3008473,238.8172670795385
3008474,180.93114787564144
3008475,1623.058426549909
3008476,1.5171358954563747
3008477,6.7972611523041495
3008478,5.889540869007962
3008479,0.2267029421043104
3008480,2.4893832903469746
3008481,1894.3449332819755
3008482,0.003273542785759956
3008483,161.5568193940466
3008484,7.696516765573649
3008485,751.4998731114417
3008486,352.8902722022359
3008487,168.5944711310248
3008488,54.654048271518484
3008489,48.85310320262791
3008490,2820.704184455394
3008491,7.421396271650563
3008492,1.1079125642196561
3008493,32.046592327708815
3008494,22.647792543743527
3008495,0.06899625554587666
3008496,213.52031592567715
3008497,0.7788294527803201
3008498,0.004886655896225176
3008499,5.783523215095624
3008500,41.67579745216394
3008501,3.5279273093213956
3008502,104.1143189440728
3008503,179.56467420239153
3008504,1.4858546130929522
3008505,7.359082267520682
3008506,159.90446318325482
3008507,35.95044793356129
3008508,493.69740767469233
3008509,10.548736578540481
3008510,2.065665245034803
3008511,3.2844371299445614
3008512,0.0033286127210550446
3008513,3.29196882362844
3008514,1546.4137379019126
3008515,0.21299799540865866
3008516,279.43391169301594
3008517,12.274042300438445
3008518,566.9472873832422
3008519,542.6198962044699
3008520,141.80045033201512
3008521,54.528246151818074
3008522,74.16348832086054
3008523,2385.3480265866624
3008524,26.031001849248874
3008525,0.43104414754625503
3008526,13.453079501149755
3008527,18.174762502536964
3008528,0.4176331253463131
3008529,140.38735260465225
3008530,16.95932570451532
3008531,3.4392945060319926
3008532,6.223477642105679
3008533,56.37879092576546
3008534,5.852761566084371
3008535,627.1725108483326
3008536,171.07764386357096
3008537,4.8722890812160005
3008538,6.633846433553801
3008539,311.02820525165913
3008540,42.027128866247324
3008541,1185.7643353690273
3008542,0.05851327746076974
3008543,11.001935815422186
3008544,3.56296483832005
3008545,0.11382251624239426
3008546,6.034341351601115
3008547,3427.5959484637474
3008548,0.03688148638675389
3008549,768.7096659317504
3008550,14.733247802860118
3008551,994.783152243312
3008552,1274.6273986237557
3008553,258.2058804463484
3008554,219.06362485955168
3008555,144.71335815779372
3008556,3641.6584404541904
3008557,29.196517199048465
3008558,1.113164277896907
3008559,23.03846519026902
3008560,45.69583494562126
3008561,0.091510269421461
3008562,254.2508337925994
3008563,16.18473533914416
3008564,27.437208733408315
3008565,10.79679125542042
3008566,70.24186142447995
3008567,12.905283204100904
3008568,362.0785240158056
3008569,289.029383926355
3008570,17.756417287270537
3008571,12.028344907444772
3008572,481.73877166491843
3008573,112.67689876429239
3008574,3369.5387605202586
3008575,0.13697051401657417
3008576,28.7575228054733
3008577,3.7502707276140352
3008578,0.07570243199371884
3008579,4.1677218160425
3008580,2196.596066508187
3008581,0.02966831530920922
3008582,418.5227777962669
3008583,8.073605505021689
3008584,461.2638314461269
3008585,563.0593787717376
3008586,137.58187824126685
3008587,123.536070295074
3008588,129.60129460636972
3008589,1720.9236109346564
3008590,20.99583430965414
3008591,1.487072290754756
3008592,21.737397838058055
3008593,15.332538349405088
3008594,0.08915618199248082
3008595,111.44240331856076
3008596,0.003720642491559037
3008597,19.198231579673326
3008598,6.311340609615497
3008599,156.49479278937633
3008600,8.322028912283082
3008601,174.59861507947366
3008602,125.6727451570232
3008603,4.929356319494689
3008604,6.638570288041233
3008605,161.96314641314726
3008606,45.870462421889044
3008607,1135.1578860586535
3008608,1.0120222787663866
3008609,5.220271855872437
3008610,5.51732282597621
3008611,0.053624685790909885
3008612,0.7912460217224369
3008613,1099.393404160042
3008614,0.00478414720798964
3008615,280.9466890078668
3008616,5.841503322817367
3008617,395.17153138727923
3008618,333.2071002900019
3008619,114.36139818065571
3008620,45.74737240694198
3008621,54.036339587877904
3008622,1710.5471898119579
3008623,9.836425344134103
3008624,0.9075243415000986
3008625,12.059619602554088
3008626,10.504175090441194
3008627,0.32591603802912666
3008628,90.01195549174031
3008629,0.646681261454804
3008630,6.034152172179022
3008631,2.4737979067573166
3008632,23.13363403234441
3008633,0.41279852116674215
3008634,290.3391237306255
3008635,171.4592059542653
3008636,2.9577116012784463
3008637,2.046942358684553
3008638,186.70361690221068
3008639,29.20734070934064
3008640,607.2787204964128
3008641,0.9963745327161108
3008642,3.5302037895549057
3008643,9.71332497257172
3008644,0.2264689562233453
3008645,6.4030750425416345
3008646,4675.777857703573
3008647,0.13821626257656838
3008648,867.7744321078812
3008649,18.98613523565175
3008650,1129.0603821317695
3008651,1364.7005540665054
3008652,377.24612597831924
3008653,313.58502803419077
3008654,184.6993579122655
3008655,4798.01490638271
3008656,38.2758572728428
3008657,3.498186445071174
3008658,23.94119111225435
3008659,44.196622112436245
3008660,0.23399803372629513
3008661,293.1978903706961
3008662,12.1602965450903
3008663,42.52904627868068
3008664,12.69266432941307
3008665,163.06925372156985
3008666,5.735142046914537
3008667,351.487704716313
3008668,340.2680722473915
3008669,13.656367791293967
3008670,12.58593979093922
3008671,496.074395557029
3008672,101.49612790842588
3008673,3353.8494318647904
3008674,1.6513492381391726
3008675,25.235762081831652
3008676,9.166072315852976
3008677,0.045748884007859966
3008678,4.46486787626053
3008679,5629.859409190962
3008680,0.0035668637478298328
3008681,1074.4966691517802
3008682,16.02013636101287
3008683,1734.3627458001195
3008684,1382.2708010348024
3008685,530.0872843445496
3008686,344.1139313532119
3008687,107.64657555198113
3008688,6555.63166631608
3008689,25.125071507152057
3008690,1.427011239154631
3008691,45.405111429434854
3008692,27.84186642556928
3008693,1.1102403698103203
3008694,412.43967816891853
3008695,0.004482964073438077
3008696,7.379459168427663
3008697,8.872769546676434
3008698,60.585355299274404
3008699,2.1141222527903967
3008700,266.4757162058004
3008701,482.84307753876146
3008702,6.7885125167837375
3008703,8.213867585690613
3008704,347.58551681178506
3008705,121.9386671201339
3008706,2259.5472009240743
3008707,4.414008304878736
3008708,7.413692646407577
3008709,8.86413012261076
3008710,0.533117113304798
3008711,4.77599978236761
3008712,4604.536771554131
3008713,0.0037356548742016665
3008714,1011.5421649800599
3008715,12.117426184465067
3008716,1301.7972889106559
3008717,1108.923442721511
3008718,403.23617565132054
3008719,267.2063674216592
3008720,81.26202253798127
3008721,5294.084444870186
3008722,22.804768437482892
3008723,1.7370831178275745
3008724,39.46048647770477
3008725,27.35157415138141
3008726,0.12309305750630087
3008727,337.8761648502025
3008728,0.0046714149717816894
3008729,7.698320701806205
3008730,7.177077129166484
3008731,89.0781530444496
3008732,2.424078190907793
3008733,153.88936194114885
3008734,391.03244692257783
3008735,5.8362961284352854
3008736,6.719459150400904
3008737,258.4231790786486
3008738,79.35802169997993
3008739,1523.7568388193258
3008740,3.2245305285823953
3008741,8.567955372008399
3008742,13.364810692578402
3008743,1.146530623355422
3008744,22.029551763096745
3008745,10305.801063300265
3008746,0.07428925154512572
3008747,1493.3911780786405
3008748,36.96454276238747
3008749,2271.3014065440184
3008750,2560.554926323347
3008751,453.47199094608544
3008752,590.6154570680022
3008753,431.236068208294
3008754,8814.769599931966
3008755,87.08926050038225
3008756,3.7721162583656156
3008757,70.29913129120168
3008758,64.04967676108852
3008759,1.4877682665639937
3008760,625.7904847923236
3008761,62.689662560707234
3008762,51.555100438432675
3008763,39.82294998772805
3008764,194.77925857265427
3008765,33.76829871464261
3008766,845.7411027127155
3008767,709.9765018782884
3008768,24.588724100586145
3008769,33.48677818508152
3008770,1301.872487035994
3008771,320.8521406672108
3008772,8832.762661621997
3008773,1.41431335645349
3008774,107.09273591221049
3008775,4.020043223370175
3008776,0.22800668726144163
3008777,1.0049461515084963
3008778,1613.9847508535938
3008779,0.0033046253621219993
3008780,217.56676331838125
3008781,4.5953914674182545
3008782,635.519202014721
3008783,298.10141864347935
3008784,129.12123780769002
3008785,130.27574175911556
3008786,48.4328847678786
3008787,2107.271362928186
3008788,9.59342692900891
3008789,0.562609196806236
3008790,15.143555868718783
3008791,10.090154628119995
3008792,0.1672729982202242
3008793,168.58333337289432
3008794,0.8025481853599054
3008795,0.004778767194592852
3008796,3.895351985362078
3008797,33.82230866299481
3008798,1.0284779267629602
3008799,61.4378400159656
3008800,118.05584329057913
3008801,2.4307408176617735
3008802,5.352981606554531
3008803,113.49531166017911
3008804,25.806156290789367
3008805,554.5340280416881
3008806,0.41001328279011323
3008807,4.858804432367332
3008808,11.079331173873483
3008809,0.5910227557978587
3008810,4.118625177533766
3008811,4223.104780377219
3008812,0.0031164114573400993
3008813,698.3971054822092
3008814,10.542651694619666
3008815,1606.7487234290725
3008816,843.4229233802272
3008817,301.7574271226591
3008818,353.83450679883975
3008819,82.81240802399489
3008820,5552.344119757585
3008821,19.14337192644186
3008822,0.907737113444792
3008823,28.492844653469326
3008824,25.357835715967283
3008825,0.12572763483733618
3008826,358.9169115256057
3008827,1.7444505314976553
3008828,6.8265671827651
3008829,12.25927828712807
3008830,13.399764417488644
3008831,1.8952018464473028
3008832,408.3983664685527
3008833,355.01611793472733
3008834,4.510326066699935
3008835,9.725114366833802
3008836,151.0559694702048
3008837,80.44968050993042
3008838,1372.4816714251072
3008839,2.620294916856772
3008840,6.28579012723913
3008841,2.2536195148932263
3008842,0.028558052808928345
3008843,1.1391617320460454
3008844,1345.743862522494
3008845,0.0030254293555316766
3008846,154.37919673898122
3008847,4.079861330813644
3008848,745.4882294884795
3008849,197.27222815370902
3008850,101.29727698410515
3008851,192.00559105406109
3008852,22.24763605689587
3008853,1826.6259261844052
3008854,6.878771561905326
3008855,0.49969765389269627
3008856,11.80871073647551
3008857,5.220978693036818
3008858,0.2614610453912055
3008859,97.35974208697738
3008860,0.0038793090327893507
3008861,0.016282519913107495
3008862,1.8904435865421998
3008863,30.81549199543991
3008864,0.39566290312597807
3008865,73.74086068516905
3008866,106.84143458613839
3008867,0.5933863397515792
3008868,1.6882238888814465
3008869,69.7502118990893
3008870,15.445394468165906
3008871,225.30215694590296
3008872,0.13206435574764241
3008873,2.3001009344362267
3008874,9.674394719670005
3008875,0.07072059592507984
3008876,2.561841338348451
3008877,2622.4192090278425
3008878,0.003234253610529812
3008879,327.4507616249477
3008880,9.181736022450965
3008881,1208.6372160971778
3008882,490.94524512918207
3008883,215.45269472972078
3008884,224.71290756045366
3008885,54.389827420096466
3008886,3329.9932515519718
3008887,4.776792548593743
3008888,0.8248391986379559
3008889,40.5185435442444
3008890,22.479479630831214
3008891,0.25959143100745186
3008892,284.63581213575776
3008893,0.004151462137872248
3008894,0.007181422451675253
3008895,15.657498398132677
3008896,37.254313370387194
3008897,2.377961870012421
3008898,277.37058995871735
3008899,279.50847147179115
3008900,2.5224018762638245
3008901,5.377102407143318
3008902,247.2680113256248
3008903,38.61254855301194
3008904,1324.059947574751
3008905,0.24569515137674514
3008906,1.3569991559184538
3008907,4.185511109035804
3008908,0.3515564830494534
3008909,2.5403935819609815
3008910,3037.4305922996846
3008911,0.003217709168796449
3008912,787.278413532806
3008913,9.248929550732829
3008914,889.1411915247966
3008915,647.1523544827442
3008916,238.48135269275704
3008917,121.15282752884892
3008918,87.20500961888447
3008919,4294.878611404798
3008920,10.61838577184689
3008921,3.219304981132446
3008922,28.5470475102063
3008923,40.1553346249215
3008924,0.21844499909425452
3008925,216.91998102341825
3008926,3.314539744639043
3008927,4.378161468480581
3008928,6.406471661693676
3008929,23.626549501402287
3008930,3.2117984991642263
3008931,160.06856072424415
3008932,282.42129261623717
3008933,3.8542730515342205
3008934,7.111854380487438
3008935,143.4259523066185
3008936,33.959474332289055
3008937,614.432671066013
3008938,5.81905824553262
3008939,3.038794052142265
3008940,5.6619771261690826
3008941,0.049876857781312914
3008942,0.7411704045451213
3008943,1688.5919188629605
3008944,0.0032919992483772687
3008945,145.13419283963347
3008946,2.885111551506697
3008947,577.5558189724709
3008948,200.98952449943198
3008949,107.2607351666656
3008950,138.1094805492576
3008951,55.68772068120487
3008952,2078.3624706440096
3008953,8.964328632910457
3008954,0.6602506218691999
3008955,12.380027676541214
3008956,8.979976529163517
3008957,0.2510779727551815
3008958,107.56081397432831
3008959,0.004222885973140711
3008960,0.07652569041099527
3008961,0.8376845826792623
3008962,81.82213027661862
3008963,0.7639961496995068
3008964,179.59361079019942
3008965,106.15014811559988
3008966,1.063386889631778
3008967,1.6759076450228727
3008968,62.360370484589154
3008969,23.86899490059699
3008970,376.6915000258989
3008971,0.2098078623914205
3008972,1.481064702554767
3008973,6.036455972303537
3008974,0.052152755278100246
3008975,1.54438001168836
3008976,4510.104738006409
3008977,0.003555882329578178
3008978,700.4619612906761
3008979,9.92008432890767
3008980,1026.8664966672861
3008981,762.3525262795388
3008982,255.44882673088284
3008983,152.60729164200208
3008984,100.06822866831901
3008985,4511.058673508401
3008986,12.514919780822181
3008987,0.5563418709788015
3008988,27.72758675058141
3008989,15.815385574309067
3008990,0.1405292929654606
3008991,261.4885860310897
3008992,0.06898467258821368
3008993,22.278214258425905
3008994,4.544244925341793
3008995,81.33292896766892
3008996,1.5755392174413745
3008997,237.87550461598715
3008998,279.78618315975024
3008999,3.9123564069202166
3009000,4.829982903129758
3009001,136.83975636718068
3009002,53.272639318784144
3009003,1404.683415128744
3009004,2.676416037803027
3009005,1.7479671307555784
3009006,4.398523878711835
3009007,0.025619915036163843
3009008,9.045780381088324
3009009,2555.1470826259783
3009010,0.05356695196914355
3009011,486.35065746012765
3009012,7.137899962880249
3009013,777.6618712994749
3009014,760.6302316661291
3009015,131.01919855230645
3009016,120.20336218771953
3009017,108.8874655934879
3009018,2969.507436108373
3009019,37.23689884881781
3009020,1.878338302847091
3009021,26.70675902558429
3009022,26.658636139752517
3009023,0.2149810146797198
3009024,189.93932326141646
3009025,26.964557678958123
3009026,18.232766983198495
3009027,2.720073129848782
3009028,73.75178043066721
3009029,9.739470455599111
3009030,176.85322655367096
3009031,261.4798049639348
3009032,10.254090254093981
3009033,12.101716673965573
3009034,206.85036754802456
3009035,79.73213174263331
3009036,2316.0857522511315
3009037,0.08219134924697089
3009038,13.5044343559826
3009039,8.652000307212267
3009040,0.010002634587013066
3009041,10.767783907531058
3009042,2989.753891773162
3009043,0.045426782539064056
3009044,617.7536037664936
3009045,14.397485263472301
3009046,1160.545761563236
3009047,935.0147999809947
3009048,178.4591762654222
3009049,139.2125248424217
3009050,128.423443517017
3009051,4477.369419632303
3009052,33.60116729698884
3009053,1.798534899441346
3009054,46.00234278015722
3009055,38.10159175552698
3009056,0.07103570131159133
3009057,399.55854494515285
3009058,39.055823810635175
3009059,19.027725690513215
3009060,13.3239427235265
3009061,82.13011102994155
3009062,15.243288227007195
3009063,162.5297507454649
3009064,478.9975695159677
3009065,9.797853617828624
3009066,13.573460178265858
3009067,167.64362510798315
3009068,103.81528177030194
3009069,2324.0195435321693
3009070,2.7055519723790526
3009071,19.64249934363981
3009072,11.010156193847495
3009073,0.6031069739214324
3009074,5.656965654476956
3009075,4156.999675789928
3009076,0.0034044271886076224
3009077,835.9066504896318
3009078,7.174800600298806
3009079,1740.4736474153074
3009080,745.5249816914804
3009081,205.32516753900677
3009082,356.77639887424226
3009083,75.06243064436309
3009084,5409.961095776862
3009085,41.721697115176184
3009086,2.2400710198250295
3009087,33.938376145713704
3009088,23.117250746532697
3009089,0.26205234523858945
3009090,421.4684252855287
3009091,8.696572428489983
3009092,16.38252816972104
3009093,10.220919164349592
3009094,56.28121586684624
3009095,5.882616069624954
3009096,137.35028432328738
3009097,362.75974350999974
3009098,8.312550820903049
3009099,12.40250271845435
3009100,244.24642334659129
3009101,63.96889965216049
3009102,1796.3212703587283
3009103,18.279830519850513
3009104,15.196900850758672
3009105,5.951161095533026
3009106,0.03589506476900846
3009107,8.96788811557472
3009108,3345.4329039083837
3009109,0.07296934020996454
3009110,478.96546830913803
3009111,8.413511611773075
3009112,956.1511192834483
3009113,1027.0075390778427
3009114,260.6619062414837
3009115,212.64821051472313
3009116,139.58016666427034
3009117,4064.181456192786
3009118,30.191332591649328
3009119,1.7844032250450457
3009120,20.898700764710366
3009121,13.363247791144627
3009122,0.26838074402362905
3009123,275.86846049119436
3009124,30.565446813141634
3009125,25.019229395443833
3009126,3.527468310240656
3009127,74.12364833978562
3009128,9.58410662543573
3009129,439.1307019879006
3009130,320.8332553335482
3009131,9.36991972358738
3009132,12.262250199769024
3009133,478.1088698752381
3009134,95.74801617213106
3009135,2928.741787681375
3009136,0.24320357332874631
3009137,34.712244471226
3009138,4.563509099153911
3009139,0.20991638058809853
3009140,3.0955854045564584
3009141,4848.854061650676
3009142,0.0032507827579752514
3009143,497.3684857173553
3009144,9.718105174262623
3009145,1966.4863585686653
3009146,634.77585737666
3009147,270.33869582759013
3009148,180.8762578836892
3009149,61.2525668796639
3009150,5701.626984571349
3009151,14.233113970938065
3009152,2.186359650918411
3009153,29.49438425402256
3009154,24.86859560793195
3009155,0.1822978925977758
3009156,395.5173854703288
3009157,0.004180222856845174
3009158,0.29176096291253106
3009159,9.561266469652514
3009160,29.795606027556225
3009161,3.0513878647961206
3009162,141.56535211632647
3009163,321.3212551416052
3009164,3.665352670481366
3009165,9.417690117335786
3009166,184.52126897445692
3009167,51.32749950352133
3009168,1085.7983444296474
3009169,0.4995962503038161
3009170,5.000387472617085
3009171,10.165087947911879
3009172,0.05717811494024123
3009173,12.600676243023305
3009174,3277.1156840590315
3009175,0.028993903035211654
3009176,604.1070545497732
3009177,12.44946727596881
3009178,1202.9376494752842
3009179,872.3379808991248
3009180,281.550829487722
3009181,171.8155607159254
3009182,156.491315899151
3009183,4305.7409580907715
3009184,35.95055601009632
3009185,1.5683695629480356
3009186,36.476586944080275
3009187,38.96021841845366
3009188,0.12459495092403834
3009189,315.1770625286796
3009190,28.159105798034528
3009191,19.337904011179262
3009192,10.88826282622256
3009193,60.49536252940713
3009194,15.750721393608547
3009195,264.13579991513313
3009196,440.42344197575113
3009197,13.58360982209357
3009198,11.702442481766901
3009199,221.79131646888686
3009200,78.48579513932273
3009201,2451.199766762613
3009202,0.8476560964290948
3009203,8.83878214877058
3009204,4.900172820974998
3009205,0.05740634419578282
3009206,7.564254268954066
3009207,2990.1509295128194
3009208,0.06424956983966625
3009209,510.58241632454315
3009210,10.173589099395686
3009211,813.5708624739609
3009212,917.4520192535344
3009213,188.57812020420522
3009214,143.61782048374903
3009215,120.65572567172646
3009216,3205.5901337847135
3009217,30.124564021916875
3009218,1.2687201621561344
3009219,28.637053978807614
3009220,31.962553509108734
3009221,0.11312652054618154
3009222,247.42030245453998
3009223,21.285042392845227
3009224,34.61843659443541
3009225,5.546483944246955
3009226,67.62981561906984
3009227,12.802467648216274
3009228,235.23415605703792
3009229,299.43263868946724
3009230,10.325437929592116
3009231,11.692309433866985
3009232,252.3911855319794
3009233,55.8988651002153
3009234,2563.179339223203
3009235,0.6048185504501115
3009236,16.750555695383134
3009237,10.268796337705052
3009238,0.0938686966946535
3009239,4.601199854115659
3009240,5500.70237273352
3009241,0.0035269226083380952
3009242,773.7448149997774
3009243,13.14745566902167
3009244,1344.7477587554893
3009245,827.5790780209537
3009246,353.0289584656747
3009247,258.8205997775736
3009248,74.8534488116506
3009249,5486.334376045147
3009250,11.620609580489845
3009251,0.619471952568661
3009252,24.11007627241753
3009253,24.760529050049655
3009254,0.1686900938710879
3009255,291.9595555065621
3009256,0.004433682666263042
3009257,8.731379570072287
3009258,2.7373596294004723
3009259,73.44360056895513
3009260,4.1444962830043455
3009261,238.58050631883583
3009262,338.6730577957557
3009263,3.589286985322639
3009264,3.9036032282690925
3009265,261.68473571933487
3009266,124.39879623405777
3009267,1303.6981992522608
3009268,3.430805021628128
3009269,1.121667222418869
3009270,21.450779212447696
3009271,0.003318619743205825
3009272,23.317180466095966
3009273,11548.571011667855
3009274,0.07675634686062245
3009275,1856.1200357786663
3009276,25.19431577633955
3009277,2838.4005331176545
3009278,3075.2504425338257
3009279,714.5384207676516
3009280,812.6209633997752
3009281,490.57388946420036
3009282,11929.72993005922
3009283,91.54406424177488
3009284,6.375092744508844
3009285,130.33239709106448
3009286,139.58674408542757
3009287,1.645496089618597
3009288,792.6621176471325
3009289,55.89407584698768
3009290,36.06489326278998
3009291,73.09562961859163
3009292,250.41754268587687
3009293,31.854251153942368
3009294,1051.9592553953871
3009295,791.2110197779429
3009296,51.40838896769081
3009297,54.177626871169196
3009298,1553.5892418540795
3009299,376.6464539721681
3009300,11184.30883224666
3009301,366.3725856919457
3009302,122.08860397080397
3009303,23.078057802567102
3009304,0.003193459601341558
3009305,20.52657046607613
3009306,11144.607715492733
3009307,0.11281274261148672
3009308,1526.1619574915653
3009309,29.479082085201952
3009310,2942.374062862552
3009311,2793.2551427834755
3009312,920.8389180716586
3009313,508.4556321028458
3009314,437.51086817462266
3009315,13048.994213637125
3009316,108.84526388256073
3009317,2.1437464712124035
3009318,84.68992332479313
3009319,117.69895060298879
3009320,1.4812664764618053
3009321,885.0280132439252
3009322,45.70293967881746
3009323,42.460270567127054
3009324,26.83956712931556
3009325,202.40779814974817
3009326,25.328774235764733
3009327,1397.7387357017028
3009328,976.008839962717
3009329,35.52229936666248
3009330,45.55091700593756
3009331,1652.5348568340091
3009332,340.06560393248975
3009333,7938.079134239457
3009334,412.097958751403
3009335,122.57061263295381
3009336,19.413582559744523
3009337,0.003073005176854301
3009338,35.1596204412045
3009339,7937.948298070993
3009340,0.14707515255324002
3009341,1238.3004405978193
3009342,18.400411919427125
3009343,2843.0776145344976
3009344,1914.9011517000508
3009345,1080.583099556918
3009346,224.99672147902533
3009347,348.4318857081604
3009348,10977.97821594694
3009349,51.57936103085899
3009350,4.045971959955514
3009351,60.61523370773041
3009352,53.508978195309695
3009353,1.2430774796657205
3009354,862.6330564860226
3009355,63.81559705228199
3009356,31.38289159923427
3009357,14.153198206761653
3009358,112.57917942026063
3009359,15.231735973741301
3009360,1180.8000272801821
3009361,1054.326327216898
3009362,34.32972843803721
3009363,52.667281872419636
3009364,1208.7623129641493
3009365,187.54949437188975
3009366,3552.2302882099593
3009367,359.1023939437419
3009368,63.07192803688057
3009369,21.93921131223049
3009370,0.003078422680270839
3009371,37.96924841559415
3009372,10706.572487993168
3009373,0.11173996711849891
3009374,1487.6677567475579
3009375,22.55920050294303
3009376,2667.5170655142556
3009377,2581.5577953440693
3009378,874.1802319323061
3009379,446.11836846955185
3009380,330.1638436477716
3009381,12090.845471948001
3009382,64.86440713913186
3009383,2.246619050225986
3009384,94.12035512404344
3009385,98.00023459384015
3009386,1.8121255452043012
3009387,779.7104368287614
3009388,50.01586243605723
3009389,38.320588982569774
3009390,16.814032129863676
3009391,194.43096355052398
3009392,20.79822851085476
3009393,999.665243062922
3009394,1014.1897064856992
3009395,32.91873199555945
3009396,40.327742321192694
3009397,1416.8042390552966
3009398,285.6226623153414
3009399,7594.941228895745
3009400,375.9833690987341
3009401,97.19491952681223
3009402,18.915396512266277
3009403,0.003073005176854301
3009404,31.291946686441978
3009405,6403.081909776709
3009406,0.020437995863994463
3009407,1195.548438790969
3009408,22.555924457437822
3009409,2791.2048485113455
3009410,1779.1874839888847
3009411,936.8618380393544
3009412,192.74463270233616
3009413,294.7596592619499
3009414,9978.336236487768
3009415,57.423685971295214
3009416,0.6551542878345744
3009417,54.457023558674905
3009418,49.39102393275283
3009419,0.5788520413545719
3009420,781.8088992249176
3009421,49.14452884275344
3009422,16.021531717095826
3009423,11.994284129934888
3009424,86.59169597474673
3009425,10.529970276644335
3009426,1126.9590909867918
3009427,1140.9570150763052
3009428,25.176615112758846
3009429,38.03134738949594
3009430,1304.5414321863918
3009431,165.61072962629854
3009432,2851.5908810977653
3009433,452.04466463134486
3009434,36.52189520486872
3009435,15.37863039498944
3009436,0.0031991356616446606
3009437,18.167205380581258
3009438,8077.371002984167
3009439,0.06502014158213328
3009440,1314.7177301714275
3009441,28.061759914935458
3009442,1946.1451797243296
3009443,2505.5583040779957
3009444,486.8199765116403
3009445,547.9218034692589
3009446,406.256644254081
3009447,8247.07746008545
3009448,81.22400078257274
3009449,2.0323785250182
3009450,58.89086135916877
3009451,61.654057309149216
3009452,1.0221239362399477
3009453,555.270196971197
3009454,28.188910745043543
3009455,34.78930243592397
3009456,16.910886652469447
3009457,207.96831232273294
3009458,21.723484227960782
3009459,845.3951698590462
3009460,674.8079826343898
3009461,24.472656588228364
3009462,44.82143850909418
3009463,1132.256608397633
3009464,285.85609010385724
3009465,8204.318380061182
3009466,299.60378646607774
3009467,87.88214094794272
3009468,8.681859793411427
3009469,0.43115789962429163
3009470,9.222329000371328
3009471,2022.418006630363
3009472,0.04574474896752352
3009473,406.48822012471277
3009474,22.34122960498928
3009475,981.6293734005347
3009476,615.1606701873518
3009477,257.33859614935045
3009478,110.53019134622896
3009479,100.53129201568024
3009480,3114.010698344159
3009481,28.00524789451472
3009482,1.498086739695707
3009483,27.85569581810812
3009484,22.824962592966827
3009485,0.1791388957095119
3009486,232.8244380246384
3009487,17.143537662022755
3009488,8.16425808540861
3009489,15.543321746308203
3009490,51.44117104745905
3009491,10.449841723592604
3009492,273.5636953484301
3009493,308.4457715295134
3009494,4.315291564813448
3009495,8.923980615825283
3009496,248.0946876964073
3009497,68.13020470908495
3009498,1534.3360488880317
3009499,1.1424296263834093
3009500,11.40422614452776
3009501,15.367919611395788
3009502,0.003094487612530898
3009503,18.682243111694106
3009504,4606.288427852569
3009505,0.07043883248752589
3009506,706.7544624989036
3009507,34.156496144219396
3009508,1819.0774948128346
3009509,1333.2720736843369
3009510,570.0840329150163
3009511,145.97268615388109
3009512,191.69085312955104
3009513,7320.574599419374
3009514,61.166882056212955
3009515,2.371157187639728
3009516,69.37073860758227
3009517,53.58866173119018
3009518,0.37706007321919804
3009519,469.9783038079367
3009520,29.106460097864286
3009521,11.793072207997156
3009522,6.403780695042533
3009523,106.07064375683319
3009524,14.224728022425994
3009525,599.1643547056548
3009526,658.1135823808838
3009527,15.14599980857677
3009528,32.78032030581756
3009529,489.24608397658517
3009530,118.90453272130763
3009531,2630.884710979442
3009532,345.9111736855673
3009533,25.49997202974909
3009534,9.691542860479025
3009535,0.0029287735709816903
3009536,8.613155628582046
3009537,5551.055042626864
3009538,0.062431685174241594
3009539,1131.4672569698928
3009540,11.73048300688836
3009541,1597.9883560177398
3009542,1781.9084633507757
3009543,303.0313476554894
3009544,374.71327201724415
3009545,279.4077388129682
3009546,5928.260017667407
3009547,44.97476993493722
3009548,2.181288279795068
3009549,32.45929650359458
3009550,52.864551360774286
3009551,0.55107199910878
3009552,392.6343189511812
3009553,5.520163903091717
3009554,41.84592638214996
3009555,7.3293589449496706
3009556,127.46499373664399
3009557,14.285594951731113
3009558,624.9589119975876
3009559,371.7270493937407
3009560,24.075655175524645
3009561,13.824000273340223
3009562,763.9716411016174
3009563,162.22316913798682
3009564,5793.943730593428
3009565,4.460445375661798
3009566,59.03306842483919
3009567,12.880075749888395
3009568,0.004031846427268655
3009569,10.689949781999182
3009570,5539.264282587294
3009571,0.003818309963352279
3009572,1089.3112989059966
3009573,13.814403972202577
3009574,1686.51047321186
3009575,1449.8920385023657
3009576,451.8418946882509
3009577,256.7834299496272
3009578,311.6872318063913
3009579,6957.416730819215
3009580,43.81209485570509
3009581,3.420676978874474
3009582,55.119586780366646
3009583,52.96336642957971
3009584,0.24980138130001117
3009585,462.81859680733487
3009586,13.915951492270171
3009587,57.15739783170258
3009588,11.658522789220953
3009589,239.899943269416
3009590,14.80199556266265
3009591,488.8990491115692
3009592,475.60461161838174
3009593,17.994984728708356
3009594,32.31818222475424
3009595,505.12605655248865
3009596,128.30491223792188
3009597,5238.3862967514815
3009598,5.795785062084084
3009599,11.337837859788364
3009600,12.284773015981191
3009601,0.04063177037546355
3009602,5.947879534317292
3009603,2787.8393316531337
3009604,0.030087441115159545
3009605,639.011809973621
3009606,9.255231354374757
3009607,1020.4428917369786
3009608,707.3940682383377
3009609,314.5914188238713
3009610,124.24502769847247
3009611,133.72292572568182
3009612,3523.925958750956
3009613,20.829716467258166
3009614,1.6126961575963545
3009615,33.5916987780015
3009616,32.295539182982104
3009617,0.1298682879725501
3009618,276.1117527996447
3009619,8.801216823852576
3009620,11.233778638169698
3009621,8.45709435982056
3009622,87.07502822590747
3009623,6.399091771977883
3009624,331.38700134576436
3009625,299.12495853190643
3009626,6.342896579264647
3009627,9.778417619675807
3009628,237.21821640019772
3009629,80.02452500838777
3009630,2394.1796105304975
3009631,0.7180912117325182
3009632,5.872880179685134
3009633,9.936693122167787
3009634,0.09377650126934561
3009635,1.7996403705314203
3009636,5372.757856468037
3009637,0.0034648979530180184
3009638,392.6262961836933
3009639,5.749939313603935
3009640,1689.1207092926397
3009641,352.2153401623074
3009642,302.40000462023073
3009643,94.97819187467033
3009644,41.04173567845488
3009645,4251.639811174589
3009646,17.472966085125847
3009647,1.3036099100306175
3009648,32.57423461706753
3009649,14.129821383166059
3009650,0.17210722100886305
3009651,333.63839538053304
3009652,0.0044463185150821856
3009653,0.005001556503092234
3009654,6.373200423157172
3009655,22.602103807987344
3009656,1.5348081354620127
3009657,63.88206791208739
3009658,292.5336284607111
3009659,0.12255312395812601
3009660,3.6176913900530048
3009661,74.58156196325625
3009662,108.91181051795384
3009663,797.9284371522913
3009664,0.1279913068655378
3009665,3.148181545025915
3009666,10.052206726206453
3009667,0.012401526138732669
3009668,10.4902046487972
3009669,4547.671477873851
3009670,0.025271181597205896
3009671,716.7168476905813
3009672,13.23793886624115
3009673,1525.776669958529
3009674,1290.478225370194
3009675,456.56253223114925
3009676,257.18484134901365
3009677,206.42255917644113
3009678,6067.085452394469
3009679,41.266665537362236
3009680,1.5742246730831795
3009681,31.23825153583431
3009682,65.36844417098519
3009683,0.10847045402837727
3009684,388.8002398723819
3009685,42.255121015767195
3009686,20.10038899381333
3009687,15.15963075328137
3009688,77.2438298518988
3009689,10.354504299487687
3009690,554.2547489428191
3009691,463.13173468163654
3009692,12.944540182450861
3009693,20.49230085774008
3009694,707.5569755468127
3009695,146.399937142039
3009696,3252.2227012652297
3009697,0.07421172505917221
3009698,49.1119297557998
3009699,5.762621958712016
3009700,0.06495677137861268
3009701,7.3474636513597265
3009702,4166.7442565424335
3009703,0.22479812560273368
3009704,624.1024025500465
3009705,15.528207799747598
3009706,878.0506315778603
3009707,1251.7644865777688
3009708,167.85074860087127
3009709,264.73064374802675
3009710,208.10410067123698
3009711,3456.1474228637862
3009712,36.731431135649714
3009713,2.863822114971821
3009714,31.986152168241176
3009715,39.25966331796958
3009716,0.883012453600758
3009717,236.51919868589934
3009718,17.25807056043141
3009719,43.67584525059627
3009720,11.8969974087765
3009721,138.16889577229148
3009722,16.31205926820276
3009723,416.51146366393755
3009724,235.54847546641065
3009725,8.152954309624551
3009726,14.701989225481256
3009727,549.8262764901849
3009728,148.2728107984921
3009729,4492.905696592103
3009730,0.5009218012938521
3009731,44.093253010450006
3009732,6.116713016422888
3009733,0.48686928886911723
3009734,13.94846259502878
3009735,5457.463201307863
3009736,0.07231377685519647
3009737,897.7428671840161
3009738,16.79421114735082
3009739,1392.6828949953533
3009740,1676.1812368041756
3009741,333.01316468639885
3009742,403.07836013294633
3009743,197.15502699702182
3009744,5549.33705228171
3009745,43.43588129094849
3009746,3.853761420293681
3009747,42.58666398594113
3009748,57.72861488023027
3009749,0.35118272797626876
3009750,388.1584036389012
3009751,44.90430192991147
3009752,36.82598727208372
3009753,31.98287915121511
3009754,124.72987006012269
3009755,20.675001625569955
3009756,439.45453667413665
3009757,437.39248371909514
3009758,23.797741029049135
3009759,24.213470477918225
3009760,690.0463240378574
3009761,191.06928240953005
3009762,5495.833901832652
3009763,1.2224714208882745
3009764,45.32353007309105
3009765,16.25114299597042
3009766,0.512066516570451
3009767,11.318331059376568
3009768,4620.623746565664
3009769,0.0033292329932223326
3009770,659.9168389027941
3009771,15.13295732761055
3009772,1971.6245286394333
3009773,1057.213995363324
3009774,668.6776634438063
3009775,241.9403639071545
3009776,123.28206286613494
3009777,7528.363881400811
3009778,16.178588356069273
3009779,2.113958754039473
3009780,60.47302384947657
3009781,51.44876834482998
3009782,0.1105370224199142
3009783,468.4182917361493
3009784,14.976450300504276
3009785,7.435545482302097
3009786,13.529808983906157
3009787,53.57995617781499
3009788,5.136666469276812
3009789,407.3059155589931
3009790,563.0383204576768
3009791,9.604681412085235
3009792,10.602053161847373
3009793,524.0735039856156
3009794,113.9406049210034
3009795,1970.9784714581474
3009796,161.98468526809253
3009797,20.623715982944496
3009798,4.267232737078407
3009799,0.003939884708281508
3009800,4.294129103391211
3009801,2245.4766183890406
3009802,0.06906263626706519
3009803,385.80031132615534
3009804,12.375081993015424
3009805,700.0090012025396
3009806,710.0159866060166
3009807,134.9801852889069
3009808,143.77265744330924
3009809,96.17117127685749
3009810,2569.0335511843414
3009811,19.09870351494068
3009812,1.601036598467048
3009813,21.201855492725276
3009814,27.22755048394656
3009815,0.13010585510215741
3009816,181.37850607761501
3009817,14.088294152142753
3009818,15.387864866019306
3009819,6.863407797358792
3009820,72.27149659661715
3009821,5.9742360947068285
3009822,270.95367867456815
3009823,188.36260563932802
3009824,4.666588265765014
3009825,8.957424254601916
3009826,295.24096604188657
3009827,62.87314385230964
3009828,2352.4368882320814
3009829,0.05959726395861238
3009830,22.799191268893754
3009831,1.8615677702002658
3009832,0.0702055448948348
3009833,1.9829137209059735
3009834,1318.2058287875655
3009835,0.0032004040743038972
3009836,106.50902939981815
3009837,3.0119900436828586
3009838,716.3767281832326
3009839,277.7910090655685
3009840,232.3514076725789
3009841,74.46597691515342
3009842,31.32059804369737
3009843,2514.2532383485054
3009844,3.412087902213002
3009845,0.4922274244422382
3009846,8.504657125066977
3009847,6.876874625335752
3009848,0.14924220934430057
3009849,171.05192327163755
3009850,3.6819070530006988
3009851,0.00661142280708079
3009852,2.061267322497872
3009853,11.408708377121627
3009854,0.3646009559578135
3009855,177.67448607536173
3009856,180.3618783141676
3009857,0.7565615804410041
3009858,3.482887953620807
3009859,138.66562932493358
3009860,25.110987145901746
3009861,222.56648232441637
3009862,4.161515014900898
3009863,2.34948299968784
3009864,6.551709930473339
3009865,0.3407837200909456
3009866,4.212914737687951
3009867,4589.963577540821
3009868,0.0033544541725020354
3009869,656.232384697919
3009870,12.228361828274217
3009871,1796.9662103739804
3009872,583.6711574585186
3009873,437.8882173248542
3009874,381.89602848397146
3009875,69.1938004433351
3009876,6405.010866226518
3009877,19.154739533807305
3009878,0.6712635210847626
3009879,25.03240099476456
3009880,17.943313243503187
3009881,0.1960113594423811
3009882,460.3651878830823
3009883,7.45537971945739
3009884,2.1431840230924064
3009885,9.088540042212339
3009886,26.13783035567941
3009887,2.1565695331173793
3009888,557.7666547052573
3009889,383.26318560584923
3009890,2.106668647270901
3009891,13.996729848008458
3009892,324.0204396371538
3009893,81.365299015723
3009894,1228.4147877111702
3009895,25.140320862914898
3009896,9.587143405805353
3009897,4.950720050973551
3009898,0.05632639621731847
3009899,2.0058191263298943
3009900,1667.605883691471
3009901,0.003043702925313374
3009902,196.4926517733269
3009903,8.477244650857294
3009904,888.845998232664
3009905,379.29335600224533
3009906,198.78090747285705
3009907,90.44903709202659
3009908,34.540284584681366
3009909,2779.0708404174434
3009910,6.4324224487886035
3009911,0.5916122139267574
3009912,12.639990051243371
3009913,16.400859122945185
3009914,0.15071263814555924
3009915,172.95784369181874
3009916,4.987357864780901
3009917,0.004838995666180521
3009918,12.78239286099559
3009919,26.976533432202807
3009920,1.2858100734421254
3009921,149.1967526417612
3009922,178.29290628251997
3009923,1.136572896421377
3009924,5.744308437148972
3009925,154.77871910607246
3009926,32.62390829968144
3009927,327.51321749886205
3009928,14.06913110290082
3009929,3.301773459651401
3009930,4.657796118401186
3009931,0.0029376655644326416
3009932,2.4859622001204427
3009933,1562.9269818930309
3009934,0.0029456377532807755
3009935,149.48035651733778
3009936,5.605386719809626
3009937,804.1164766959058
3009938,280.6586456641977
3009939,150.94332978104336
3009940,63.17008618879371
3009941,26.7902853010396
3009942,2798.9496566061575
3009943,8.751390121741299
3009944,0.24258585015607975
3009945,13.71599559590074
3009946,9.693482655290078
3009947,0.07188919187562737
3009948,145.98393380501
3009949,1.769351639038589
3009950,0.006378170628841324
3009951,2.4141658886748
3009952,29.66836534131876
3009953,0.8764797777884673
3009954,155.33816223274016
3009955,200.82419507139372
3009956,0.4457135974186889
3009957,4.629576127534478
3009958,73.85744873950806
3009959,24.154877053343345
3009960,176.541088815918
3009961,6.661352303864424
3009962,1.4788699544847224
3009963,3.7145555367338208
3009964,0.00491057077967182
3009965,1.7199874915723792
3009966,1527.759276511989
3009967,0.003306304945406193
3009968,206.6021120051364
3009969,7.533164750851082
3009970,1076.1491980623994
3009971,391.8290462472575
3009972,250.741013414416
3009973,50.98697283825035
3009974,39.74959550747859
3009975,2939.612749163046
3009976,5.224622036112469
3009977,0.2576903043714388
3009978,9.574752591513404
3009979,20.117388928224052
3009980,0.1369194843044968
3009981,191.56255303622274
3009982,1.043398078993004
3009983,0.004436383574584347
3009984,3.2765427747402947
3009985,16.19046945425926
3009986,1.7126998831799207
3009987,292.42460151473153
3009988,274.5914188278929
3009989,0.8631938933346778
3009990,5.048677770054125
3009991,71.59159126776373
3009992,83.83047283062683
3009993,330.2496024357465
3009994,5.387375684648845
3009995,4.171101920874143
3009996,3.636066003345642
3009997,0.9667131324192326
3009998,3.761513187453332
3009999,1796.8087964382719
3010000,0.0029622984516968305
3010001,171.2927099222169
3010002,3.56587643547865
3010003,941.4749653627805
3010004,381.721519326796
3010005,291.2309157653226
3010006,123.62687927248578
3010007,55.16361833676955
3010008,2987.5068788833332
3010009,7.137579302340924
3010010,1.1149725933522379
3010011,24.901244610803296
3010012,15.804446738749292
3010013,0.17515393377319072
3010014,224.8108040497314
3010015,7.072560391887491
3010016,0.003971664493826682
3010017,3.763371303848205
3010018,18.095578664166673
3010019,1.8732058670286071
3010020,126.73530557534474
3010021,202.86197814461835
3010022,0.7910638549817348
3010023,4.89604235678437
3010024,107.67737896978274
3010025,37.64631447829996
3010026,588.0147841793763
3010027,9.961966292565812
3010028,4.452433859280316
3010029,4.542084093321064
3010030,0.2294831011849185
3010031,1.0270708778111102
3010032,1450.095962283646
3010033,0.0032434108660286485
3010034,173.7615392191855
3010035,4.135831613173119
3010036,869.0267326750704
3010037,245.39953519454826
3010038,175.57658443579703
3010039,297.0478066805735
3010040,30.77901884199371
3010041,2286.7037331437573
3010042,4.677624786973474
3010043,0.2723912497771771
3010044,13.878234966882477
3010045,13.479863027936123
3010046,0.15386384682135704
3010047,171.47295709378432
3010048,0.004126005048210119
3010049,0.018046685735146815
3010050,2.9899728510306045
3010051,21.259464131596655
3010052,1.119166990850283
3010053,55.102590169368234
3010054,151.04023673670036
3010055,0.772383342137147
3010056,3.0889634853073615
3010057,67.73548795106353
3010058,35.28345327203773
3010059,481.2347126661857
3010060,0.160614112748479
3010061,1.712408146272082
3010062,7.293625074182334
3010063,0.4134480857978129
3010064,3.4305490742129026
3010065,3006.62605207976
3010066,0.0031596719845009007
3010067,319.50206562538705
3010068,5.6393060167043645
3010069,1196.5625761884403
3010070,710.2958515069769
3010071,445.2919108460798
3010072,321.02817904902594
3010073,76.21277693978121
3010074,4733.292740366625
3010075,12.670412801894225
3010076,1.1248117764969154
3010077,23.188699803809403
3010078,23.5886785110728
3010079,0.11222718616160879
3010080,283.19200505739366
3010081,1.538130857392925
3010082,0.045191851943542534
3010083,6.914362794352444
3010084,25.947799330914073
3010085,3.6421823484614007
3010086,258.86762204408313
3010087,271.0343048129545
3010088,2.148756017566081
3010089,8.377018449535196
3010090,325.88434260339005
3010091,59.00284794093551
3010092,1213.9218160603195
3010093,32.68715430284361
3010094,12.215158791009438
3010095,3.1940115620073297
3010096,0.2556438375853867
3010097,4.596302623110038
3010098,2018.677411240964
3010099,0.002536467581193448
3010100,569.943723797975
3010101,6.282314984636082
3010102,572.7280422162231
3010103,545.1927066509966
3010104,198.348970001542
3010105,234.54114770744937
3010106,38.925509837047414
3010107,2652.279295448367
3010108,12.025566110830475
3010109,0.8923087105053387
3010110,17.20192684877793
3010111,14.194515723292165
3010112,0.06462655505043297
3010113,179.32844617022135
3010114,7.217376156900754
3010115,1.7567898467222869
3010116,6.116996524767315
3010117,41.825972830554484
3010118,1.8604012352093773
3010119,70.93852143338323
3010120,156.37382252836625
3010121,2.9799439302021
3010122,6.048456636643916
3010123,158.21870133869777
3010124,43.710368724335105
3010125,1311.2191798062722
3010126,45.001785603979926
3010127,11.37812365214153
3010128,5.357503960641982
3010129,0.4161890396364508
3010130,2.402415523603071
3010131,2484.231000436625
3010132,0.0029521693449931427
3010133,187.79157407506105
3010134,5.981348890682951
3010135,849.6806483833423
3010136,335.52637239112096
3010137,297.2990689564706
3010138,86.42141752768192
3010139,37.18780524309443
3010140,3189.8611187892134
3010141,12.093510776080665
3010142,1.22841877297229
3010143,12.131183776349324
3010144,14.018928062862182
3010145,0.16851584876666442
3010146,188.91621208554915
3010147,7.497516111591273
3010148,0.005041016712680974
3010149,4.069865857795286
3010150,26.5831288083099
3010151,2.4405985274374724
3010152,134.92015175017775
3010153,189.83827815239542
3010154,1.179114558943733
3010155,5.042892731494523
3010156,91.00403222597814
3010157,29.28484996956862
3010158,427.8235491282679
3010159,7.532694736935496
3010160,4.6779011731745825
3010161,5.559418975146574
3010162,0.0528368297190671
3010163,6.894688413356149
3010164,2847.5331826329607
3010165,0.03536824326958472
3010166,587.7186797507832
3010167,9.35630250850145
3010168,807.8630938691324
3010169,797.826811996646
3010170,217.88623058743175
3010171,163.32108500509463
3010172,90.44220687420288
3010173,4239.315611526097
3010174,26.244807065811017
3010175,1.2008914387164682
3010176,17.612872169117818
3010177,28.841892880432905
3010178,0.11756863315300893
3010179,223.26843630822458
3010180,18.287451114795484
3010181,11.19390725929133
3010182,8.724914999713594
3010183,61.38928801082294
3010184,7.975806606120217
3010185,414.54812804913587
3010186,275.41528957744646
3010187,8.089631059398044
3010188,7.431034471769389
3010189,404.8471405002775
3010190,86.7146706933549
3010191,2146.4761762889425
3010192,0.07772231876398847
3010193,28.90753232762823
3010194,5.9526139032214225
3010195,0.2565682498189827
3010196,4.888207391704877
3010197,3501.7058162829812
3010198,0.0032484361846572014
3010199,416.97187682903245
3010200,5.277520325551048
3010201,1206.2740583755694
3010202,634.0798369227491
3010203,534.898004147396
3010204,128.6828643541116
3010205,62.825198547481634
3010206,4854.314040109515
3010207,9.549202383257228
3010208,0.5412361869947331
3010209,16.338099664791805
3010210,13.559733049294246
3010211,0.052181175780394023
3010212,285.24509273223805
3010213,2.1276070192064482
3010214,5.12664466203946
3010215,3.3671222504739986
3010216,30.992722674665597
3010217,1.3479818499037055
3010218,224.31106082079535
3010219,333.70180437718426
3010220,3.0609469254060198
3010221,5.345483548577184
3010222,269.239228599507
3010223,57.25062662525116
3010224,880.1594968028321
3010225,59.60191196605082
3010226,10.594844299309022
3010227,8.321557607016949
3010228,0.5054981123917078
3010229,4.281220112663592
3010230,2872.5388581864604
3010231,0.003421954258782939
3010232,438.3142550401753
3010233,5.593107650854075
3010234,1274.090506270267
3010235,556.5287862528548
3010236,294.70491495536606
3010237,405.72585176739364
3010238,65.49809199540509
3010239,3728.2600195677906
3010240,10.391146315802192
3010241,0.6072432708084667
3010242,27.692637975635105
3010243,29.759650832633
3010244,0.2059692058945905
3010245,304.059843533936
3010246,3.5540871861936014
3010247,2.6463876605757313
3010248,7.998684537274418
3010249,58.267210261856825
3010250,1.9744987204145055
3010251,109.52574802274194
3010252,264.5184662319259
3010253,2.415323393077071
3010254,6.541203995321256
3010255,163.45765162194567
3010256,131.93271377888513
3010257,1223.304783092664
3010258,1.0166154293287004
3010259,4.911775466451849
3010260,3.792382857416532
3010261,0.18200366161850548
3010262,1.9773772701169765
3010263,1865.2602503805101
3010264,0.0033164166716706696
3010265,130.28223477721247
3010266,6.52470693094124
3010267,640.2316759250448
3010268,297.19960306698795
3010269,146.03207525106316
3010270,75.1671265317253
3010271,45.342762582604735
3010272,2355.75762452507
3010273,6.183477799602416
3010274,0.8715773476058288
3010275,25.958283876560024
3010276,16.282201470991247
3010277,0.06810998148659557
3010278,175.32045599921582
3010279,0.479823547277626
3010280,0.004595769212256412
3010281,4.402714163468743
3010282,43.303705873476204
3010283,2.4759513316527895
3010284,96.60448899354911
3010285,156.59402209845075
3010286,1.0035852346624776
3010287,5.336919813389748
3010288,142.4973390889471
3010289,31.972105102858
3010290,474.8761989329289
3010291,14.069515607758712
3010292,1.8098685424895646
3010293,2.1531151151732715
3010294,0.0033484761654466308
3010295,3.5512173030928427
3010296,1365.099937315577
3010297,0.1632181985954966
3010298,270.5607631811064
3010299,9.524744344516495
3010300,545.6089917727464
3010301,494.89744744881943
3010302,128.78503319380502
3010303,48.32982256339871
3010304,61.93863136781978
3010305,2076.1855638802517
3010306,21.2481878719135
3010307,0.4292570921483226
3010308,10.434845345140538
3010309,16.473363501172585
3010310,0.2801139214045827
3010311,124.69633368090007
3010312,11.472566826146817
3010313,1.4771842886516968
3010314,4.259453378576178
3010315,42.1063681108111
3010316,4.291411344405567
3010317,448.54431903898353
3010318,160.9654491676142
3010319,3.6416188896935027
3010320,4.829094864667755
3010321,281.72658549378156
3010322,33.382732304597496
3010323,1136.0224508278984
3010324,0.05810442204871877
3010325,9.097386300687006
3010326,2.783719782868797
3010327,0.08403169552010793
3010328,5.7188193113708845
3010329,3394.1751359106484
3010330,0.042810200932400136
3010331,738.618049907868
3010332,14.174358245490126
3010333,1036.8415061330454
3010334,1207.668154308291
3010335,261.4932700137738
3010336,212.27781700445544
3010337,142.31801833851614
3010338,4006.159114449874
3010339,31.627540991627495
3010340,0.9202183305041503
3010341,19.89744822628975
3010342,30.18064172480441
3010343,0.09564291075677318
3010344,240.28740679849548
3010345,10.744652878538233
3010346,24.22233762606281
3010347,8.795494732738046
3010348,67.34477728270997
3010349,11.389842302757328
3010350,353.59666349229406
3010351,264.2144950228647
3010352,15.333936242847114
3010353,9.495173181422606
3010354,474.7200299117256
3010355,98.4095916725598
3010356,3282.378982105079
3010357,0.11018624252311741
3010358,25.293488085489155
3010359,2.705680194977367
3010360,0.07489749974259625
3010361,3.679635682860121
3010362,1875.158611773942
3010363,0.02842832849925338
3010364,361.65204774472556
3010365,5.783474631474899
3010366,389.0250814259774
3010367,528.0763699336634
3010368,128.94363038981504
3010369,110.16785437622684
3010370,75.5285232044446
3010371,1586.9844493360847
3010372,15.902234849934246
3010373,1.0853522667406545
3010374,18.059955835427182
3010375,14.160161632303048
3010376,0.07653868642406905
3010377,83.11423132725487
3010378,0.003633161642855311
3010379,13.274646776130435
3010380,4.425996190581676
3010381,123.36816251230509
3010382,6.941915614429999
3010383,174.789494934114
3010384,103.80435738995634
3010385,4.0689204249163256
3010386,4.949101037834887
3010387,150.76063351286717
3010388,37.93577592948799
3010389,1174.153668317616
3010390,0.748607285635506
3010391,4.453432258062503
3010392,3.549971351751564
3010393,0.032452673576371
3010394,0.6098524256908708
3010395,848.4616030439216
3010396,0.016856778136996816
3010397,209.1787388673836
3010398,4.342379957775137
3010399,321.5057969393649
3010400,219.431264372606
3010401,78.43107316671266
3010402,33.50874929894644
3010403,35.525936587597
3010404,1407.5642287807545
3010405,5.943746828612864
3010406,0.6563151185290874
3010407,8.595260582912612
3010408,7.67716514167776
3010409,0.27490719471641617
3010410,66.37564712170882
3010411,0.33963089612115294
3010412,3.8899267930652703
3010413,1.6582893066349707
3010414,25.0994457046992
3010415,0.30523578083770736
3010416,250.83807339978736
3010417,125.03363387687683
3010418,2.0572596769573686
3010419,1.4055070782904664
3010420,134.16571453411154
3010421,21.165892070604507
3010422,422.0871478982544
3010423,0.6732739278337437
3010424,2.489813353178326
3010425,5.634217330686617
3010426,0.24054858847306415
3010427,4.8372407318946244
3010428,3106.203695923802
3010429,0.13653361137881673
3010430,637.7554771110113
3010431,11.607404137541874
3010432,800.309151642261
3010433,937.2686653690695
3010434,279.0278432084804
3010435,225.8286170673392
3010436,96.81903692589032
3010437,3634.341807132524
3010438,26.23645971253555
3010439,2.77055116430327
3010440,18.08652656164411
3010441,26.35563452418804
3010442,0.2107230398948718
3010443,215.49283780538968
3010444,6.224634895995321
3010445,26.707355259530782
3010446,8.492093839843855
3010447,94.36428863141987
3010448,3.8179013681160496
3010449,262.32809955733677
3010450,236.37866258772
3010451,9.399631166487367
3010452,8.515411435577478
3010453,371.06063833207895
3010454,71.93571680454937
3010455,2583.513350837589
3010456,1.2857942021524993
3010457,17.290941240321388
3010458,5.697763530596847
3010459,0.014656600053092174
3010460,2.6625868816673623
3010461,3337.1369287840917
3010462,0.0034496518159322026
3010463,609.1134812558889
3010464,8.978878299123336
3010465,1072.6494614013677
3010466,765.9038139745421
3010467,333.58655909044325
3010468,359.3385861982889
3010469,60.005029467714536
3010470,4517.67959946597
3010471,11.638729224793238
3010472,0.8746851045615753
3010473,29.582090683338485
3010474,16.024048580190012
3010475,0.7077256277760636
3010476,249.06130092182977
3010477,0.004173904216788492
3010478,5.126904869110771
3010479,5.141188644611283
3010480,38.881289070798005
3010481,1.1637902695638167
3010482,177.4909225853484
3010483,311.17728186262804
3010484,4.534904854745679
3010485,4.680590795259799
3010486,203.5369888692771
3010487,73.87061353202807
3010488,1309.9073751184046
3010489,2.6249449103019247
3010490,5.050793732380438
3010491,5.368040301097761
3010492,0.4138594952175474
3010493,2.708439894355321
3010494,2994.9280199763025
3010495,0.003582579501559057
3010496,577.7780252717469
3010497,8.454944766304344
3010498,904.0371440837508
3010499,661.7211234337067
3010500,261.2941732717389
3010501,382.14297893597615
3010502,56.58128979423685
3010503,3886.536784709924
3010504,11.402964322097358
3010505,1.1763351793441803
3010506,25.91131518463633
3010507,15.564538215894606
3010508,0.06708682473267466
3010509,233.42260055013676
3010510,0.004303252482526677
3010511,4.986664612407246
3010512,4.591417662362402
3010513,54.880100814630346
3010514,1.3142577473634942
3010515,114.03007096776804
3010516,226.49842853460032
3010517,3.678992063404724
3010518,4.659761624556739
3010519,166.29385616040145
3010520,61.79537778797088
3010521,1054.024247236356
3010522,2.026558500719757
3010523,5.852557055596803
3010524,9.009400503028578
3010525,0.9500717448931774
3010526,13.479806047535503
3010527,7484.621519585942
3010528,0.06951797106476647
3010529,1228.6494919293427
3010530,30.334151542037034
3010531,1850.9451783260306
3010532,2001.6115618421559
3010533,359.0102027897275
3010534,450.3325679264743
3010535,284.528618496603
3010536,7362.673768638568
3010537,66.20241799759108
3010538,2.7678212228329215
3010539,50.78327016920731
3010540,45.12712927954964
3010541,1.6273439575433049
3010542,471.01814807564466
3010543,34.81907561191652
3010544,36.56719630521084
3010545,21.8848395735191
3010546,138.12107959370917
3010547,23.093144801389712
3010548,653.323279855614
3010549,484.90518040080724
3010550,17.352772667506663
3010551,23.190373616369907
3010552,1038.577946619036
3010553,232.46019519971713
3010554,7414.322133604417
3010555,1.0502052787262306
3010556,78.67296969057001
3010557,3.146787285189678
3010558,0.31091497887504793
3010559,0.7307710027076072
3010560,1482.7532517657287
3010561,0.003377157257788496
3010562,169.77859824343514
3010563,3.75008841847274
3010564,598.9653907333981
3010565,264.21771614420527
3010566,108.39843819275956
3010567,202.23088848259601
3010568,39.09207303311477
3010569,1890.4438341439431
3010570,4.820546770309306
3010571,0.5184795566959596
3010572,12.83296898144375
3010573,7.911065352380164
3010574,0.1312960743560554
3010575,148.64920200087857
3010576,0.5309768556669219
3010577,0.0045163218239502225
3010578,2.9375931957335784
3010579,27.465021559220357
3010580,0.7744563717631971
3010581,56.03415926426494
3010582,99.1221299334722
3010583,1.8590805846890328
3010584,4.3432893025874915
3010585,103.3099479789521
3010586,21.07248676730761
3010587,504.5708987495873
3010588,0.3872143587883314
3010589,4.084835703587153
3010590,7.872978244377956
3010591,0.44978569881045005
3010592,2.0702740840214124
3010593,3365.57682267187
3010594,0.003132738303730012
3010595,517.0067762629154
3010596,7.997980100644493
3010597,1189.179574882631
3010598,624.5015594113208
3010599,229.84711831994454
3010600,391.98763679070396
3010601,75.56555190239573
3010602,4253.121631594919
3010603,11.982424434812181
3010604,0.5528747670710145
3010605,19.54817663516221
3010606,18.870717252922407
3010607,0.11622960054937365
3010608,257.81626710483147
3010609,1.0883732754262558
3010610,5.309525201637632
3010611,8.61216157082705
3010612,20.5933935784061
3010613,1.1052660687129856
3010614,295.62118464192497
3010615,268.04131500356016
3010616,3.524024927709397
3010617,5.988226636058827
3010618,117.04323882999319
3010619,67.22551881035184
3010620,1103.711349072033
3010621,1.8097354388340237
3010622,5.299376988302019
3010623,1.7008499268498862
3010624,0.029382237101631112
3010625,0.829517461111507
3010626,1111.9631097496901
3010627,0.003090044206566172
3010628,118.65615959354628
3010629,3.152508627044086
3010630,560.5197903823477
3010631,153.19588922114968
3010632,86.76745040341842
3010633,463.60639464822987
3010634,19.03348431661768
3010635,1736.0101873305994
3010636,1.6141969680615318
3010637,0.4193477973131648
3010638,8.130700884932489
3010639,3.4924279226493518
3010640,0.20862101796714178
3010641,80.91673420778505
3010642,0.0038964835835573024
3010643,0.0043109113176522905
3010644,1.4081246135406942
3010645,26.86311156183264
3010646,0.2620253083000158
3010647,62.74901245118375
3010648,89.31408114904681
3010649,0.46407468751966585
3010650,1.3476159463145814
3010651,51.168516117625614
3010652,11.392677267216797
3010653,175.28780878215593
3010654,0.1264725779728644
3010655,1.8634405586023617
3010656,6.524011135279532
3010657,0.07242329925732821
3010658,1.8502562959830584
3010659,2301.5513919362716
3010660,0.0032406297117811575
3010661,280.562736124083
3010662,7.332452860730432
3010663,1047.513759477505
3010664,412.64478091093645
3010665,185.64384611751217
3010666,616.8538297249614
3010667,44.3648463050513
3010668,2950.25905883915
3010669,3.5594165619024887
3010670,0.6148484933443203
3010671,31.583061973974946
3010672,16.319891688801484
3010673,0.22726677420964925
3010674,230.6170984133952
3010675,0.004100505019692618
3010676,0.03685157133746369
3010677,11.659882933963
3010678,26.891096602898298
3010679,1.5740011465153676
3010680,205.34559138478244
3010681,218.62555121734175
3010682,1.893833556387094
3010683,3.89950673150834
3010684,179.85567937915602
3010685,32.170190370419256
3010686,1138.335555599645
3010687,0.1304676236076117
3010688,1.1444001763209912
3010689,3.334236470101767
3010690,0.37079385790577896
3010691,1.9798625197481088
3010692,2654.6117101219697
3010693,0.0032678281723139205
3010694,747.8612683441369
3010695,7.897120131260542
3010696,851.7392194087397
3010697,591.1622474941585
3010698,239.11578120515736
3010699,203.39857380732317
3010700,75.75587685792243
3010701,4087.804314371053
3010702,6.514122198453968
3010703,2.8730752148175123
3010704,23.921539785670035
3010705,32.42548088944708
3010706,0.19537026035074714
3010707,216.19662382412108
3010708,2.144470684487315
3010709,3.9561096113724408
3010710,5.44549297433168
3010711,24.607346601161264
3010712,2.1807227553417503
3010713,172.03738781360337
3010714,288.31513074980205
3010715,3.241884851041355
3010716,5.725357643732487
3010717,135.92299785661208
3010718,29.487419816915168
3010719,623.7160997059087
3010720,4.094493573494367
3010721,2.7911427953281636
3010722,3.9070843198227
3010723,0.06279625665079501
3010724,0.516904789606188
3010725,1660.7767236718782
3010726,0.003361518538306782
3010727,113.25544702865274
3010728,2.086271182030713
3010729,520.6531246739057
3010730,166.99143232528434
3010731,97.317564109968
3010732,278.4153390127404
3010733,37.42451557347385
3010734,2159.991244461689
3010735,4.926904715511504
3010736,0.5822553020202745
3010737,9.03916649997118
3010738,6.097978443649843
3010739,0.2091397708381946
3010740,92.83591430423381
3010741,0.004252219833529856
3010742,0.00591787521102739
3010743,0.635621150429275
3010744,43.89812151984644
3010745,0.7902140069468064
3010746,164.71125561181105
3010747,87.35442103266593
3010748,0.7821530386484787
3010749,1.2266962031434492
3010750,43.148915728861155
3010751,18.681271645417795
3010752,328.858669407417
3010753,0.20743507168219041
3010754,0.9400321341067004
3010755,4.508803166831646
3010756,0.058256738212612874
3010757,1.1267609506939202
3010758,3593.769517865955
3010759,0.0035050024198435385
3010760,544.8859226644875
3010761,8.74766611981972
3010762,885.759589425538
3010763,599.2924398690029
3010764,207.32431362471397
3010765,186.9717001316949
3010766,69.5880891380565
3010767,3781.963310048559
3010768,7.307641140621363
3010769,0.46383038259795684
3010770,26.018392294214223
3010771,11.931657276035137
3010772,0.11735662159352689
3010773,218.03282160066766
3010774,0.0343897341872251
3010775,13.477826987116417
3010776,3.567385085343196
3010777,55.67379041106584
3010778,1.0319512377129538
3010779,205.25719278873072
3010780,233.350728880041
3010781,3.5225915626985067
3010782,3.5670377274994447
3010783,113.20914620970474
3010784,43.59196617940135
3010785,1246.9462812140764
3010786,2.114718563831928
3010787,1.4411812871488527
3010788,4.083665300185014
3010789,0.0242479462419073
3010790,7.061801574039718
3010791,2546.8838640171875
3010792,0.04126137458570868
3010793,560.7507793208001
3010794,6.131685484575278
3010795,883.666375258676
3010796,841.6267247539098
3010797,157.8326487318311
3010798,133.38586172531683
3010799,114.97084166240555
3010800,3466.535871923308
3010801,36.87303143519595
3010802,1.5361590604582054
3010803,24.791846689888718
3010804,26.545280385834566
3010805,0.2117725470675329
3010806,206.89217714271098
3010807,19.389800579835107
3010808,17.676979561628723
3010809,2.5255976397419895
3010810,68.94221668179877
3010811,8.784808459563754
3010812,201.88676116886523
3010813,272.0244471714004
3010814,11.661896393216121
3010815,11.482455625080865
3010816,231.5594910192399
3010817,85.64840808338357
3010818,2363.3188741283316
3010819,0.08182741342297775
3010820,12.345028760902263
3010821,5.1019729618238445
3010822,0.024769713533840467
3010823,7.029067454667861
3010824,2156.245092538877
3010825,0.03528257839015222
3010826,464.42990930399003
3010827,9.812465199876502
3010828,906.2199247481011
3010829,744.8015273476076
3010830,145.78404083786586
3010831,94.01602572305478
3010832,120.28465525520386
3010833,3341.9412272956965
3010834,23.157280655632427
3010835,1.1860207508161889
3010836,35.96106742682369
3010837,26.152948984995643
3010838,0.04744372281939885
3010839,287.06953576948666
3010840,19.02296841391051
3010841,11.733170462717778
3010842,9.799239374330782
3010843,80.83654666554945
3010844,9.600149603113733
3010845,154.8630392159522
3010846,333.6138252706961
3010847,6.659584285057787
3010848,9.014040102148941
3010849,121.1041404288949
3010850,74.01265638936184
3010851,1780.844605528249
3010852,1.9881015378318199
3010853,14.312148264686414
3010854,8.015009926758811
3010855,0.40014003014509625
3010856,3.244950079840719
3010857,3190.8443482454677
3010858,0.0035051707445382606
3010859,728.5132403797209
3010860,5.339102739593198
3010861,1519.1724829057312
3010862,611.0456746531999
3010863,183.24881269578833
3010864,1360.661857735217
3010865,56.31985754309845
3010866,4788.897266691035
3010867,26.253311844420878
3010868,1.491871702151845
3010869,23.1234186948366
3010870,17.624630408212887
3010871,0.17940353956449678
3010872,331.2489845261616
3010873,4.587676112287296
3010874,11.485355833772775
3010875,7.9564844006659365
3010876,44.45052900535261
3010877,3.7271398437985273
3010878,126.11590997360102
3010879,305.19794597874363
3010880,5.654294639077008
3010881,8.684478977050498
3010882,197.12989991370446
3010883,55.27565023693526
3010884,1440.274040509891
3010885,13.282465935976369
3010886,12.312595701703433
3010887,3.8771645196531996
3010888,0.12309801076382003
3010889,5.94820053207177
3010890,2328.3035181345963
3010891,0.05896631568134147
3010892,374.71745710747825
3010893,6.328283936302502
3010894,785.8050105693017
3010895,757.5705686889327
3010896,189.90832834920982
3010897,142.71011433297102
3010898,94.60502950278608
3010899,3178.14674584315
3010900,22.0533162230924
3010901,1.2302714518976003
3010902,14.136833003109855
3010903,9.519888635133437
3010904,0.24456572357671083
3010905,182.2777117803679
3010906,16.542800530035525
3010907,13.483701799817693
3010908,2.444736446269599
3010909,55.40578031142854
3010910,6.679600967630617
3010911,328.36128054160434
3010912,227.0838807596374
3010913,6.1804777531227595
3010914,8.108392930088812
3010915,360.28786720940275
3010916,60.6019313381181
3010917,2045.152289204058
3010918,0.18336356599934878
3010919,23.8067524100595
3010920,3.3472816227270377
3010921,0.2301611238800703
3010922,2.160276698231653
3010923,4685.488016290078
3010924,0.003326964440881223
3010925,445.45473375690824
3010926,8.28037684278668
3010927,1862.1733663862358
3010928,625.6393130406298
3010929,283.21474976208174
3010930,285.3742576914688
3010931,55.134047109499626
3010932,5706.919310854267
3010933,9.999588558578827
3010934,1.6492701321938508
3010935,27.8181239625222
3010936,20.587152962805554
3010937,0.16357777403083607
3010938,395.7850010207365
3010939,0.004218364739126495
3010940,0.1440732208648885
3010941,7.908539762113858
3010942,29.42994737630521
3010943,2.025950920794208
3010944,131.24561411248823
3010945,313.8555238237784
3010946,2.984039722396335
3010947,9.111596777314809
3010948,183.68037236981786
3010949,51.9704859801986
3010950,1132.3452932500354
3010951,0.6717874824728262
3010952,4.871538586831551
3010953,6.179655017183215
3010954,0.0538412475635818
3010955,7.303463835294654
3010956,2395.213850838669
3010957,0.03598597789036513
3010958,463.31995409279494
3010959,9.276848475424533
3010960,908.930709337285
3010961,693.0001517836524
3010962,213.08574248074822
3010963,125.82151336152029
3010964,109.97500446505785
3010965,3295.7946522307607
3010966,26.115335287601056
3010967,1.1766559309417204
3010968,22.347217467271633
3010969,28.972036002028048
3010970,0.08520378673010426
3010971,223.37094506393552
3010972,12.75164294604419
3010973,12.933052992234895
3010974,7.662958302867401
3010975,57.65849137931299
3010976,10.557557451973246
3010977,174.03570685972844
3010978,296.99351190588595
3010979,10.592384139235438
3010980,8.251300639828482
3010981,171.75247001401596
3010982,54.45498697973378
3010983,1848.3704818853462
3010984,0.6423987897912569
3010985,6.847305798907578
3010986,3.039682072082752
3010987,0.01668375618419857
3010988,5.570973531950852
3010989,2186.866041843556
3010990,0.06435319186634467
3010991,402.4441223942364
3010992,7.580916175253712
3010993,646.5127910655654
3010994,721.9284329456018
3010995,161.52108040142633
3010996,108.61195791641563
3010997,83.21646880466615
3010998,2645.3299193294124
3010999,21.475237540265958
3011000,0.9021655474099268
3011001,19.849495605117127
3011002,18.916608121835928
3011003,0.07519035042219818
3011004,180.17878312565242
3011005,11.608110348392993
3011006,24.37508957922935
3011007,3.9740006865746493
3011008,50.79610460253603
3011009,8.807742130449105
3011010,184.9498719876709
3011011,206.28294679792168
3011012,8.092581063085898
3011013,7.878621511041291
3011014,195.52529479867724
3011015,46.95169755033431
3011016,2047.1445334803684
3011017,0.42642618187173503
3011018,12.498505528311648
3011019,6.356568584187816
3011020,0.07859510339032647
3011021,4.031939580933601
3011022,4811.870577601717
3011023,0.0034676553281832306
3011024,545.9719153929783
3011025,9.885800188344568
3011026,1158.362264971743
3011027,649.8522579973514
3011028,291.9853532642129
3011029,353.7024196761694
3011030,57.77053717265042
3011031,4562.311018684661
3011032,8.915642129071603
3011033,0.5273834216901062
3011034,18.941595395817107
3011035,19.567858492517523
3011036,0.13573013532513628
3011037,238.44454915339514
3011038,0.004190280736573751
3011039,4.499524441928305
3011040,2.2100386473449305
3011041,63.88442649146478
3011042,3.061401577686391
3011043,202.80566735297833
3011044,278.69224350121294
3011045,2.6371574540634155
3011046,2.783308395912655
3011047,205.4332801454828
3011048,113.30555691688508
3011049,1146.586626250962
3011050,2.540035539971048
3011051,0.8389372042580703
3011052,14.774432044425206
3011053,0.0032280518703402396
3011054,13.650031870793644
3011055,8104.05248550027
3011056,0.07871130409680335
3011057,1431.4268944769806
3011058,21.653012391831346
3011059,2247.821523871367
3011060,2320.7137396546404
3011061,519.5481773488307
3011062,543.8963082599453
3011063,339.8156836393879
3011064,8806.123453761384
3011065,69.5841346754757
3011066,4.019302054713106
3011067,89.93317169725096
3011068,94.48269904729163
3011069,1.4478912217430089
3011070,574.863988963664
3011071,28.850974413033132
3011072,19.034092692057072
3011073,57.915485756769776
3011074,226.0504839479919
3011075,20.90076057023281
3011076,730.4430019983041
3011077,535.4059587717447
3011078,31.53378920571968
3011079,33.00664095673184
3011080,1037.5821653492962
3011081,289.38721096725055
3011082,8058.1868708538395
3011083,286.3494989641723
3011084,79.92004117304512
3011085,14.187071053742732
3011086,0.0031062637830181813
3011087,13.006235903150731
3011088,7891.727511903534
3011089,0.08687155695780076
3011090,1241.4252725636707
3011091,23.215317463836683
3011092,2326.4295653172185
3011093,2035.4681485322026
3011094,622.7197165599475
3011095,371.8915414359242
3011096,302.37857292866374
3011097,9406.344325476144
3011098,76.30695886117363
3011099,1.5252170509440202
3011100,56.97856174934978
3011101,74.67441731765336
3011102,1.030942036086713
3011103,556.1999261204073
3011104,20.49795951936354
3011105,23.93271011170282
3011106,26.771540955665476
3011107,131.02973319323266
3011108,17.650812843202424
3011109,982.6333593686302
3011110,638.4395747138396
3011111,21.73517591803779
3011112,25.31311219352384
3011113,1182.4516534518543
3011114,223.85313142434714
3011115,5795.973381024414
3011116,309.1957335809957
3011117,74.2729901855487
3011118,11.206966791736853
3011119,0.0029546414182524496
3011120,18.657561893814627
3011121,4807.227029374438
3011122,0.12064386216729744
3011123,799.7023045356138
3011124,12.794575505354741
3011125,1979.261942794108
3011126,1418.0579814333018
3011127,711.8110556897662
3011128,138.7118629233018
3011129,224.16064480057912
3011130,8296.263662229012
3011131,36.23615358521355
3011132,2.4510025153747987
3011133,42.19025077035366
3011134,30.58729552480321
3011135,0.7731483683125044
3011136,515.1806343032586
3011137,26.698738237237066
3011138,18.307421335020546
3011139,9.64095059320771
3011140,88.72107888616809
3011141,9.502143465641977
3011142,869.0613284584532
3011143,678.3880117710196
3011144,19.923687817491242
3011145,33.23764215691535
3011146,744.4888280590644
3011147,133.7555898833314
3011148,2457.0197389286245
3011149,267.7811575422914
3011150,38.92730677640948
3011151,13.958426424181683
3011152,0.002991485005238371
3011153,19.802064577613503
3011154,7337.825882103328
3011155,0.08371508926147626
3011156,1095.7813689222621
3011157,17.318342570336952
3011158,2107.859777244254
3011159,1885.6777553432353
3011160,597.2320418287005
3011161,328.95232817731323
3011162,216.8386139865271
3011163,8884.495911679569
3011164,44.40466862557375
3011165,1.476165589829653
3011166,66.28526909655633
3011167,58.093782601930926
3011168,1.4168396256898241
3011169,541.7791857387729
3011170,25.613726329399405
3011171,22.00201112451659
3011172,30.455475829895693
3011173,142.3353649365533
3011174,12.926292214696938
3011175,714.4312828144951
3011176,652.4268579295102
3011177,19.635873521446587
3011178,25.340434380780327
3011179,1006.8916482183238
3011180,200.1159181749228
3011181,5339.09638409884
3011182,306.14915740780543
3011183,65.21896570498677
3011184,10.83293454726676
3011185,0.0029546414182524496
3011186,16.923749806754643
3011187,3695.50525746857
3011188,0.02871473079439163
3011189,703.6030664072302
3011190,14.27204693093628
3011191,1840.837871200242
3011192,1076.8664983320066
3011193,560.415991633839
3011194,106.4812253351111
3011195,164.30141798093467
3011196,6346.626200279731
3011197,31.70222772834923
3011198,0.5285293269127137
3011199,30.59999826631691
3011200,28.540785402650574
3011201,0.3524327700782193
3011202,486.02063715649
3011203,25.252650260033807
3011204,8.56063567563778
3011205,6.478983376882532
3011206,72.86712701947535
3011207,5.4264680917874175
3011208,674.0718915511659
3011209,649.9869762370948
3011210,14.995351224425038
3011211,19.95645740861218
3011212,702.0320670858525
3011213,81.00369834266648
3011214,1703.9624066677216
3011215,326.8449777194079
3011216,21.42811610271959
3011217,10.371081629713974
3011218,0.0031499325965196464
3011219,11.963102183330385
3011220,6499.704285675493
3011221,0.06614228697540316
3011222,1141.1305062249246
3011223,22.983976918309025
3011224,1767.6050566421607
3011225,2048.61940525881
3011226,385.34988315582535
3011227,420.3528842256069
3011228,272.06259817732604
3011229,6978.580918219576
3011230,64.71949235886335
3011231,1.4894532114147534
3011232,44.67723786919089
3011233,47.878256365119626
3011234,0.7776158473315135
3011235,423.023538257896
3011236,16.801617221780628
3011237,22.66907286698328
3011238,8.610524540686662
3011239,157.8895458362368
3011240,16.88526383305421
3011241,664.9757923888632
3011242,465.13608982632763
3011243,16.100023190665336
3011244,28.294904443079176
3011245,860.9749825705607
3011246,230.83376638912196
3011247,7370.589655422532
3011248,244.8370807299155
3011249,74.20060618792655
3011250,5.669315834344093
3011251,0.39327308412307976
3011252,7.465309592825443
3011253,1795.7464376474957
3011254,0.04668199140879785
3011255,370.7697870810735
3011256,19.133101087515207
3011257,845.136298700691
3011258,562.64065899994
3011259,222.20537036634818
3011260,94.02510535402605
3011261,89.46125331679161
3011262,2874.233929065139
3011263,24.258521777897705
3011264,1.1836982355334122
3011265,23.992679586363778
3011266,21.972485494159308
3011267,0.13716060239338523
3011268,197.70142849327254
3011269,11.37997534385491
3011270,6.3208851923474105
3011271,12.562063103168201
3011272,45.49518110797211
3011273,7.382047078258388
3011274,242.27801411475912
3011275,254.9611530730356
3011276,3.253982129383916
3011277,6.5637707839316635
3011278,208.93198116257338
3011279,61.894467445901995
3011280,1464.5153186502391
3011281,0.8216785985509166
3011282,9.315993220338488
3011283,9.725489284871703
3011284,0.002988957343930736
3011285,12.518134967386873
3011286,3673.526783872711
3011287,0.0653349875594753
3011288,558.3329508493401
3011289,27.71136062168645
3011290,1435.4258160968357
3011291,989.6328999010921
3011292,412.464595972236
3011293,102.24324821006999
3011294,130.9522394768819
3011295,5770.820558161869
3011296,49.84075588441851
3011297,1.5043682193847396
3011298,50.62249105533342
3011299,34.9624177383577
3011300,0.21971469171802002
3011301,333.8784395835395
3011302,16.293722892420814
3011303,7.830286963015892
3011304,4.212447135362691
3011305,86.49377167807702
3011306,8.41963339331762
3011307,500.2645408308686
3011308,474.20529192521684
3011309,9.434759672223144
3011310,19.681407782948895
3011311,364.63423966222007
3011312,88.84518390829037
3011313,2019.6437933947777
3011314,284.2970074335228
3011315,17.640470606349975
3011316,6.250602819935506
3011317,0.0027184362225244536
3011318,5.656220274336023
3011319,4495.996770702768
3011320,0.056278002888126635
3011321,837.6160515232768
3011322,9.477941812710252
3011323,1330.1558651696794
3011324,1489.8461368758144
3011325,238.48708608188758
3011326,321.1490280065806
3011327,198.70180415740504
3011328,5097.87537180881
3011329,36.849045315622206
3011330,1.655104830678976
3011331,25.751550061218325
3011332,36.9893374658387
3011333,0.48716998031486675
3011334,297.97149074694755
3011335,2.6504362845350182
3011336,32.61322855924551
3011337,4.900458243702211
3011338,94.92430492767888
3011339,10.116688922394395
3011340,520.1923044511655
3011341,290.75012030375916
3011342,16.721883154590074
3011343,9.783426324394396
3011344,643.5007242402568
3011345,124.46754686934256
3011346,5042.397204002407
3011347,3.155248550839242
3011348,46.979739976378745
3011349,8.325328674752788
3011350,0.003924536379255339
3011351,8.460899917493474
3011352,3865.456454893194
3011353,0.003938362956315024
3011354,803.9250460360958
3011355,9.946848759645908
3011356,1321.5383556293664
3011357,1085.6058736743473
3011358,296.6863646820948
3011359,205.26282324925168
3011360,240.24824734781964
3011361,5238.379416806415
3011362,40.174773619311
3011363,3.154378889388802
3011364,44.96020428480651
3011365,40.38094300038698
3011366,0.13769915857645787
3011367,301.50622283291193
3011368,8.761785863108983
3011369,41.358155848014356
3011370,8.735874768750536
3011371,180.12580939927028
3011372,10.752753279579853
3011373,388.49103216027504
3011374,299.61528929738785
3011375,12.829824004899622
3011376,23.489762438943448
3011377,399.30862644078906
3011378,116.64380649554802
3011379,4011.1303932064297
3011380,4.8897035222522955
3011381,7.636730490691045
3011382,7.23219758876602
3011383,0.023543828671642827
3011384,4.774125332012522
3011385,2020.8316671050168
3011386,0.02958906493968131
3011387,425.0048949794811
3011388,6.509484439051668
3011389,814.2545008240498
3011390,504.28568389606727
3011391,212.17250703986562
3011392,82.19395974902034
3011393,79.51490525645725
3011394,2644.077432100236
3011395,13.977958158399266
3011396,1.147645657504504
3011397,21.637059744057037
3011398,20.05659269664766
3011399,0.11649680134268009
3011400,179.97003744814018
3011401,5.019928778461539
3011402,8.060280859051838
3011403,6.741712765691726
3011404,61.77367676644758
3011405,4.1457565850204805
3011406,213.43172233346672
3011407,214.61633598229201
3011408,4.287514026060448
3011409,6.2090597970107995
3011410,159.21610008288255
3011411,55.65511299889933
3011412,1697.421215352455
3011413,0.41820898996036615
3011414,4.196034769034614
3011415,6.107578730898839
3011416,0.0752873298234726
3011417,1.393507747781732
3011418,2876.167912784759
3011419,0.0033905079239041156
3011420,249.15583307914017
3011421,3.8939089291857636
3011422,1217.5148141340492
3011423,248.38856575456265
3011424,212.89794762504474
3011425,94.7915036564217
3011426,26.306919714677424
3011427,3364.225964939822
3011428,11.999369547463804
3011429,0.9144487085656067
3011430,21.512662303561825
3011431,11.34727076476609
3011432,0.2097707905035374
3011433,212.8374793806092
3011434,0.004279104304822812
3011435,0.00452086382562851
3011436,4.2828749799824175
3011437,20.445497525292918
3011438,0.9638712253666799
3011439,47.355173812267886
3011440,206.26621703997162
3011441,0.09347591169958576
3011442,2.4915087730283156
3011443,53.44481592272326
3011444,79.78293764556466
3011445,581.8376906291055
3011446,0.11453876124268408
3011447,2.4762043616570466
3011448,6.018222120465363
3011449,0.03852624863672852
3011450,6.742782197408744
3011451,3383.643825464116
3011452,0.020924893986694452
3011453,551.9036403416706
3011454,10.165344214979953
3011455,1159.4442223051344
3011456,919.3446932272253
3011457,344.4540375974728
3011458,179.33828598998824
3011459,132.65075521987097
3011460,4696.228953669635
3011461,29.30401984152929
3011462,1.0507470676902122
3011463,23.25899578620137
3011464,42.836391647744264
3011465,0.09189136417996457
3011466,280.06668502899356
3011467,19.90698178775041
3011468,11.410354663023167
3011469,15.542087697706272
3011470,57.585280898457285
3011471,6.440561334868768
3011472,423.8866042759503
3011473,321.8959202163115
3011474,8.771363462904072
3011475,13.162023966244924
3011476,525.2754816989744
3011477,97.92200163672176
3011478,2357.1479312153006
3011479,0.0714420461771513
3011480,33.80693996842428
3011481,4.672274363683373
3011482,0.04935249437221286
3011483,6.620393560835398
3011484,4434.2270845218445
3011485,0.1736998975124557
3011486,716.3380234441158
3011487,13.710320001786947
3011488,1124.2561295926334
3011489,1424.8651628737755
3011490,182.18095987869967
3011491,290.3283152258
3011492,182.49089874610814
3011493,4405.021836923152
3011494,35.145279711319944
3011495,2.6685810424080665
3011496,28.7347105037715
3011497,37.391240244833305
3011498,0.8449551815117585
3011499,244.9676200280333
3011500,12.917686415740427
3011501,30.71638592119765
3011502,8.266130937045755
3011503,107.38308448097624
3011504,14.527656172472593
3011505,468.568683132636
3011506,250.6807436002433
3011507,6.804845992912406
3011508,13.187987612333535
3011509,631.3065172173668
3011510,145.5443758893046
3011511,5395.079927350737
3011512,0.44767502919799484
3011513,43.70377477648405
3011514,4.523489602102631
3011515,0.35478338291669426
3011516,10.191456160702165
3011517,4237.696216264171
3011518,0.06599873527713906
3011519,794.2004287554761
3011520,16.86502435309169
3011521,1164.7052616818196
3011522,1392.326189335451
3011523,267.0773907653893
3011524,300.17038782034535
3011525,135.14198044474122
3011526,4724.639535214845
3011527,33.74919653363045
3011528,2.652052617894804
3011529,38.1779036591777
3011530,42.03160789714733
3011531,0.23482068358545632
3011532,310.25648878668426
3011533,26.09928136725408
3011534,27.885501124448115
3011535,24.764414255585184
3011536,103.04886295049063
3011537,15.894887010407995
3011538,373.58327606791784
3011539,318.17409363415686
3011540,15.617046254415914
3011541,16.947992369513866
3011542,537.0204703806812
3011543,141.8877247404372
3011544,3798.1964612402467
3011545,0.8887576222082206
3011546,33.786547840847405
3011547,10.70413829724859
3011548,0.3223576168514649
3011549,7.325687653871228
3011550,3220.3326607129293
3011551,0.003449390966279501
3011552,524.1622465775829
3011553,10.253672001886278
3011554,1674.1795374416138
3011555,773.4651713558831
3011556,520.6164442778738
3011557,247.16415195336467
3011558,85.35080486128672
3011559,6080.11220041774
3011560,9.8518259978352
3011561,1.5063059907738445
3011562,41.363811718503
3011563,36.54324672040377
3011564,0.08981284359051406
3011565,382.99137384315657
3011566,9.00499496528252
3011567,4.980423596132912
3011568,8.850651741869932
3011569,44.81249860959875
3011570,3.3352835168803963
3011571,339.4211733705311
3011572,414.061300153621
3011573,5.95005840006503
3011574,7.0110598348962645
3011575,408.8770093886018
3011576,92.97715417845833
3011577,1336.644446088868
3011578,153.18876045902326
3011579,15.234803877895686
3011580,4.443907973268347
3011581,0.003911778844674586
3011582,3.478941055551114
3011583,1920.4645765263465
3011584,0.06529028186934363
3011585,342.7489864469606
3011586,10.297014262853118
3011587,684.7181757595903
3011588,683.3901394635362
3011589,126.5203439779206
3011590,123.73150287444555
3011591,123.98932000628926
3011592,2526.7799617327105
3011593,20.19158091211292
3011594,1.7792044735224186
3011595,22.664060920186895
3011596,26.417508172204123
3011597,0.11602303863738085
3011598,158.4388413899186
3011599,13.73338805756101
3011600,15.95075995912758
3011601,6.894863864751109
3011602,82.93577096552634
3011603,5.888421864042665
3011604,260.1393076495039
3011605,168.73697975904625
3011606,4.601144527606124
3011607,9.37610589949967
3011608,268.8452441546069
3011609,62.54124490921261
3011610,2076.127694324438
3011611,0.060192867127011294
3011612,23.94756426194706
3011613,1.8776127945127583
3011614,0.0691331005538162
3011615,1.9963798665758803
3011616,1156.7912857032716
3011617,0.0031714351701252605
3011618,100.9247483112652
3011619,3.2159608338723227
3011620,689.6960925450686
3011621,256.39508797226625
3011622,221.38376027550976
3011623,43.561118676141525
3011624,32.24035217268932
3011625,2406.0521558354326
3011626,4.262770792688726
3011627,0.43391182610469675
3011628,8.547245772436726
3011629,7.718818450007616
3011630,0.14736041095508
3011631,164.0197822928123
3011632,3.6807958958577998
3011633,0.00652402050623346
3011634,2.0874456686815597
3011635,12.950038524152875
3011636,0.35864696202460167
3011637,170.05139810247306
3011638,172.39953344212714
3011639,0.7441292389201501
3011640,3.4556904556236554
3011641,135.70874833918018
3011642,24.54465496091481
3011643,321.8143559803168
3011644,6.761648095697256
3011645,2.224394343071243
3011646,6.545134218010343
3011647,0.2390250033526664
3011648,5.058315969576099
3011649,4070.801682415903
3011650,0.003320879717365367
3011651,619.5936464490384
3011652,12.193554073251665
3011653,1699.6280461964475
3011654,568.8762673280622
3011655,419.3092508184749
3011656,204.6672152021828
3011657,76.84939033065135
3011658,5922.832957394579
3011659,20.48958099445617
3011660,0.6946140408067228
3011661,25.43081976862647
3011662,17.547701495795792
3011663,0.18768057996872586
3011664,396.56629130934766
3011665,7.0723726674032905
3011666,3.2051759884880875
3011667,9.172054353155302
3011668,31.18208145184784
3011669,2.1331579689865237
3011670,523.733323969403
3011671,357.9269144935651
3011672,2.0070349314098657
3011673,11.896003269194082
3011674,404.2809038800416
3011675,78.5179327132945
3011676,2060.9708219650156
3011677,14.586346260730226
3011678,9.181228464704333
3011679,4.920483570045077
3011680,0.05376202263824447
3011681,1.1015777077640108
3011682,1531.479187953589
3011683,0.003049323340658331
3011684,173.3944063864772
3011685,9.474426821200325
3011686,832.0567394995402
3011687,324.690318341183
3011688,184.1938306553091
3011689,61.60827359446724
3011690,35.93403280322797
3011691,2506.9740140302074
3011692,6.655541582383913
3011693,0.6016105662853829
3011694,13.564011608527363
3011695,15.404147531285624
3011696,0.14394129256987137
3011697,151.54892477484907
3011698,4.983072516940731
3011699,0.004855800596974133
3011700,13.38599887449929
3011701,35.19917449282867
3011702,1.4613898474121232
3011703,142.4441546762696
3011704,165.95429325925437
3011705,1.0807171297242504
3011706,5.815476054795354
3011707,145.89285049876923
3011708,31.647926199305893
3011709,451.00156980752195
3011710,10.971523791119454
3011711,3.134867500884958
3011712,4.557568108430383
3011713,0.002940843804093304
3011714,3.050078429344552
3011715,1439.0488339351136
3011716,0.002948770410336712
3011717,131.81917876673455
3011718,6.057751413861461
3011719,704.8171888287435
3011720,251.88173515563548
3011721,140.03909875935835
3011722,41.27809990569551
3011723,29.171735840300897
3011724,2642.563810418505
3011725,9.767197767593622
3011726,0.28800461567169533
3011727,13.16637988666487
3011728,8.601044908355588
3011729,0.07255739721257058
3011730,138.35478668921837
3011731,1.787652521354611
3011732,0.0049908848221909
3011733,2.4476958616443003
3011734,29.477555086624882
3011735,0.8788664975175094
3011736,146.4751955962094
3011737,188.54473379848957
3011738,0.4615338051881064
3011739,4.739778926726995
3011740,88.22801257454003
3011741,23.045324462335188
3011742,234.30559913580805
3011743,11.322664087686547
3011744,1.5077237071945766
3011745,3.5959232778089683
3011746,0.0032970091905811247
3011747,1.745582945486029
3011748,1346.5947553583085
3011749,0.003305020712401123
3011750,166.41986951819953
3011751,7.868254391349995
3011752,940.3175539369661
3011753,356.3140397468472
3011754,228.1670429416587
3011755,33.2533598478724
3011756,40.25216865054574
3011757,2603.924824226279
3011758,4.8162125546661425
3011759,0.2181880733292536
3011760,8.962856634524123
3011761,17.873981899091792
3011762,0.11124812482524862
3011763,174.12505412880586
3011764,1.0311471696041647
3011765,0.004438893940492987
3011766,3.242549631716794
3011767,18.303045815951705
3011768,1.8755494964262838
3011769,280.2388649157367
3011770,259.7998421896114
3011771,0.804224638423144
3011772,4.894421375981337
3011773,69.38146207568104
3011774,80.15591972597684
3011775,424.7827529179249
3011776,5.38069451622764
3011777,4.241630372289252
3011778,3.538660710818475
3011779,1.0693009427795874
3011780,3.0111694736830357
3011781,1629.6861962436508
3011782,0.0029637424292677733
3011783,152.0119967468862
3011784,3.571973636259918
3011785,818.6927246945404
3011786,322.4070749306434
3011787,257.5455930361742
3011788,89.02746139906843
3011789,59.36977969721339
3011790,2722.433008193074
3011791,6.997564157236283
3011792,1.0925412948812474
3011793,19.118628575078496
3011794,16.204873043162284
3011795,0.14132209721113545
3011796,203.01853200052636
3011797,6.810824065642674
3011798,0.003977609965609192
3011799,3.81130425841959
3011800,19.42786232175448
3011801,1.692037242763008
3011802,128.55746280284512
3011803,183.52721726073372
3011804,0.7525087159430267
3011805,4.7713375299316665
3011806,113.61155469935059
3011807,38.618983425297635
3011808,1013.8466532139358
3011809,12.899588712739549
3011810,4.67094845164118
3011811,4.41624029297021
3011812,0.24553584509530238
3011813,1.086148829251934
3011814,1278.979473474849
3011815,0.0032011557977530665
3011816,158.9017124730605
3011817,4.310055962460025
3011818,741.8624761644705
3011819,239.467212251123
3011820,165.2803817504552
3011821,123.14810044631365
3011822,29.44819991090242
3011823,2083.550504782089
3011824,4.9216068000382975
3011825,0.27190672938438376
3011826,12.392200714724682
3011827,12.873755370423323
3011828,0.15619028398651583
3011829,146.87517677207944
3011830,0.004079934929499167
3011831,0.006819362920214622
3011832,2.944615813385287
3011833,25.75012541071648
3011834,1.1780317751387182
3011835,51.79273130849161
3011836,138.1046724657914
3011837,0.726264983873383
3011838,3.032908618289581
3011839,66.34112375278661
3011840,32.33103853112035
3011841,835.176444761837
3011842,0.15318680535742132
3011843,1.6884848548661884
3011844,6.851799437066353
3011845,0.4349749198293267
3011846,3.196013524982824
3011847,2790.824197124558
3011848,0.0031214767376617474
3011849,289.323171715377
3011850,5.892381016134375
3011851,1019.0411904288541
3011852,612.6792766034379
3011853,420.8516898479363
3011854,166.50068366495373
3011855,78.91665895466582
3011856,4113.6490589018895
3011857,12.640234030442878
3011858,1.2071711995067713
3011859,22.97607263532522
3011860,22.32456740773785
3011861,0.11579520675357682
3011862,243.84378270266157
3011863,1.147602629234231
3011864,0.06715759905832869
3011865,7.5297414970130445
3011866,29.203810191349977
3011867,3.125906697858639
3011868,234.36618047775323
3011869,244.2836753421575
3011870,2.1577184183465326
3011871,7.748532589346382
3011872,292.87108386264265
3011873,57.10867744340348
3011874,1940.0586173371507
3011875,13.526029604833152
3011876,11.898933067050185
3011877,3.098671948593359
3011878,0.23457287463618853
3011879,3.845862244052748
3011880,1984.1393466871489
3011881,0.00252139623965869
3011882,564.800715411584
3011883,6.302835636947827
3011884,551.8758074402235
3011885,526.5015141181634
3011886,187.27186259753367
3011887,146.9950904457492
3011888,41.76452980934705
3011889,2543.153783647076
3011890,12.314779141770945
3011891,0.9030562624929518
3011892,19.722207869792218
3011893,16.21665889383678
3011894,0.06338072122124172
3011895,167.2601786667473
3011896,7.2365279780625595
3011897,3.96624057471849
3011898,8.432124411295003
3011899,50.602563247993665
3011900,2.0746357687365506
3011901,70.77593420402802
3011902,148.25833275098415
3011903,2.7753655323895092
3011904,5.97355950395606
3011905,140.82599317088867
3011906,44.418592107541215
3011907,2962.827113768998
3011908,44.34530906137364
3011909,11.156316791431204
3011910,5.370685836244322
3011911,0.31998583727310714
3011912,3.1320045088075457
3011913,2245.453657261696
3011914,0.002953680571796206
3011915,156.7120573249792
3011916,6.446763262394519
3011917,755.131674863108
3011918,296.3235593609004
3011919,273.0748947788996
3011920,57.207621096631605
3011921,39.5152376537158
3011922,3010.842048804908
3011923,11.452226801669498
3011924,1.154643190538781
3011925,12.647978083114259
3011926,14.054565284148165
3011927,0.13821436212064503
3011928,156.71135393673887
3011929,7.179730762622147
3011930,0.0050503688090365595
3011931,3.969167243414981
3011932,29.37658690111629
3011933,2.32039172824425
3011934,129.82049448394972
3011935,174.46666099170915
3011936,1.0597528245059458
3011937,4.829631784619272
3011938,87.16626318015871
3011939,28.16313680217142
3011940,556.8248236727918
3011941,13.619197309945939
3011942,4.633184892688446
3011943,5.545490250796604
3011944,0.04676728630609889
3011945,6.91914581564852
3011946,2445.3810616279316
3011947,0.040983097700045316
3011948,534.252086977273
3011949,9.332296040420148
3011950,763.4873897764994
3011951,749.9635319929604
3011952,195.0245032819223
3011953,138.99802374552132
3011954,90.39020931099884
3011955,3360.1806429985977
3011956,25.63092284653014
3011957,1.177245668975528
3011958,19.498934394560827
3011959,23.49634775721214
3011960,0.1138675066230961
3011961,202.78561576828116
3011962,17.59966369591108
3011963,12.823802387266392
3011964,5.423701425822
3011965,70.66059123068165
3011966,7.50482230074031
3011967,401.0825211853859
3011968,234.06802191167728
3011969,7.949245602917413
3011970,7.196561674028275
3011971,375.5908236460526
3011972,85.01291425302077
3011973,1887.7936497844767
3011974,0.07551032123279924
3011975,26.188818202142603
3011976,5.930110962415766
3011977,0.23735254665167624
3011978,4.728311540736952
3011979,3031.060505381023
3011980,0.003206381141342856
3011981,401.14622624732476
3011982,5.205428506085079
3011983,1142.5722079296554
3011984,591.3560466821681
3011985,490.0492420016163
3011986,77.62001324574749
3011987,64.69625048467955
3011988,4248.7975155491795
3011989,9.46136083822421
3011990,0.4892216674532426
3011991,16.577817786101125
3011992,12.508922586726106
3011993,0.05037986929863429
3011994,264.4063643518554
3011995,2.118832644334479
3011996,10.59247918427093
3011997,4.012124673638022
3011998,31.96040746073798
3011999,1.1591856923078843
3012000,217.37960886245546
3012001,306.5784897877312
3012002,2.9574439050236423
3012003,5.108905554352435
3012004,231.24713701540355
3012005,55.02398221604153
3012006,1263.1698858341394
3012007,46.985401596815464
3012008,9.470727236962016
3012009,8.287083447019759
3012010,0.48940269069309905
3012011,4.208379590011532
3012012,2728.5255560262967
3012013,0.00338441414050921
3012014,404.90750993917555
3012015,5.68078728488508
3012016,1222.4072814437116
3012017,534.7505266051235
3012018,265.9890969388979
3012019,213.7866668373334
3012020,75.78600511433677
3012021,3407.288210105303
3012022,11.101497810090002
3012023,0.6113937797184786
3012024,31.003050423660806
3012025,28.697690919426122
3012026,0.16784874219609275
3012027,267.9190098302074
3012028,2.9228438812818665
3012029,4.06400023998521
3012030,7.891873658125129
3012031,64.58562679792918
3012032,1.878479035008735
3012033,107.39004140019664
3012034,246.81316812816462
3012035,2.3659352042065342
3012036,7.235282060333488
3012037,159.1102721107659
3012038,127.362256231576
3012039,1983.1257470349674
3012040,1.5649458892376882
3012041,4.778453407367579
3012042,3.7430781633549564
3012043,0.18118524248915632
3012044,1.7273338047078843
3012045,1677.668581613433
3012046,0.003265081696175378
3012047,122.40793316939929
3012048,6.500757009788153
3012049,594.4349932805437
3012050,273.44081709305556
3012051,134.6882170402621
3012052,43.952022822509676
3012053,43.0302179706302
3012054,2184.5688484153543
3012055,6.342284081725557
3012056,0.8350579164549169
3012057,24.855310104803976
3012058,16.861507820104904
3012059,0.05753624017669664
3012060,168.37721664459508
3012061,0.3828437199847584
3012062,0.019215879479220797
3012063,4.193837177473533
3012064,45.147810704767274
3012065,2.438110292554402
3012066,87.8882029303253
3012067,147.1417729982006
3012068,0.9604947758259113
3012069,4.9864981399125705
3012070,142.24476010730243
3012071,30.12417804299346
3012072,639.5147609076676
3012073,8.429746772882183
3012074,1.771187121368551
3012075,2.1416900762358386
3012076,0.003313363412289252
3012077,2.678915530193252
3012078,1206.589282525335
3012079,0.15434815980083802
3012080,253.79151604743797
3012081,9.3907606633441
3012082,508.8879696567187
3012083,448.35495908430096
3012084,113.00677499279112
3012085,43.15749317152223
3012086,64.84314145368249
3012087,1950.0570603289857
3012088,22.070401602440988
3012089,0.3494476772639984
3012090,9.810552015552693
3012091,15.444237568203116
3012092,0.26116929250608784
3012093,111.02658230076034
3012094,11.135720601897301
3012095,1.480651338183405
3012096,4.2368733116067965
3012097,50.047041085802846
3012098,4.029415325854089
3012099,730.368694247905
3012100,144.64469543916076
3012101,3.5362737891083844
3012102,4.6060027583533145
3012103,296.4067397470162
3012104,32.63123508545692
3012105,1017.8325130547897
3012106,0.05710188391637206
3012107,8.749448015407362
3012108,2.721293928720989
3012109,0.0978340841111204
3012110,5.799069248351338
3012111,3019.9123921391774
3012112,0.046356438107408665
3012113,714.2741371065188
3012114,13.880007980995055
3012115,997.8454050756693
3012116,1110.9352894440567
3012117,241.30946401177425
3012118,186.18211334354652
3012119,149.59213573168387
3012120,3522.0644563631954
3012121,26.486725180623218
3012122,0.9169993155683743
3012123,20.548022051490015
3012124,32.215318749755944
3012125,0.10296539518034961
3012126,218.6740156250451
3012127,11.317837351014925
3012128,27.271719575268072
3012129,8.846221302576776
3012130,76.63437314570444
3012131,10.64868433222046
3012132,320.0749003798153
3012133,243.91104714678144
3012134,14.948949763137264
3012135,9.338820869434102
3012136,426.5460915057275
3012137,96.54101870856877
3012138,2956.4484786965227
3012139,0.08231790452150418
3012140,24.66576726159793
3012141,2.4947559921433173
3012142,0.07163597997203495
3012143,3.2929715394788444
3012144,1623.0797656415855
3012145,0.027558534893807832
3012146,328.84299072433873
3012147,5.655262000091813
3012148,344.6859493912676
3012149,465.6736329061935
3012150,124.78702115002693
3012151,100.87369106939965
3012152,77.832342350574
3012153,1411.6438999425006
3012154,15.433366588485686
3012155,0.9835485544228555
3012156,20.734829073243088
3012157,14.199780565000609
3012158,0.06601073711290563
3012159,76.60209082874717
3012160,0.0035955091891849656
3012161,13.585412563472909
3012162,4.450228333785422
3012163,114.50460488511958
3012164,6.447841581590142
3012165,152.57737179391745
3012166,97.94880374230516
3012167,3.991388249126016
3012168,4.697358493063365
3012169,139.209273560771
3012170,35.21303638718512
3012171,1058.2683514481096
3012172,0.7286453849278653
3012173,4.305578008030926
3012174,3.5108755723241356
3012175,0.05057400145464748
3012176,0.5290690156680748
3012177,805.3151712150855
3012178,0.004759700451009777
3012179,204.93416763580382
3012180,4.338213158147095
3012181,285.32132212960926
3012182,200.93349022641814
3012183,70.29140537956147
3012184,28.795867138242016
3012185,40.92952625184989
3012186,1227.5891829259915
3012187,5.386613326170467
3012188,0.6354700954326606
3012189,8.173674540140123
3012190,7.862584716735761
3012191,0.24831875292980166
3012192,58.21675410966854
3012193,0.3397151290699948
3012194,4.150312755763211
3012195,1.43074245251494
3012196,23.21310340373965
3012197,0.2985779426805824
3012198,223.62595624946434
3012199,126.79504606879419
3012200,1.8805196568908755
3012201,1.4278952686641981
3012202,120.76673591431569
3012203,20.383469094446244
3012204,395.3918551495293
3012205,0.6975546573352216
3012206,2.3328942318255863
3012207,5.577056559313616
3012208,0.23631144826584977
3012209,2.953140130697472
3012210,2456.3651587748404
3012211,0.10669093609633401
3012212,567.4657170857206
3012213,12.835259449216066
3012214,708.1562220010674
3012215,828.4888750360781
3012216,252.19300843594021
3012217,194.44027354378255
3012218,96.86636350109778
3012219,3123.1215629944663
3012220,26.073985470749122
3012221,2.4780072587038138
3012222,16.16910170627687
3012223,25.60849443176992
3012224,0.21757745208452678
3012225,186.24573891971446
3012226,6.165739906601718
3012227,26.801275036644185
3012228,8.50612648055451
3012229,95.31126996602882
3012230,3.6386142127933425
3012231,238.05645845791454
3012232,210.02515694830691
3012233,8.89351084070224
3012234,7.930937761219623
3012235,316.08354634666205
3012236,67.15607084595831
3012237,2221.078746162058
3012238,0.9564553435486876
3012239,15.883368960490976
3012240,5.749833629844425
3012241,0.027917949953782994
3012242,3.7014943160280094
3012243,3039.5842384487823
3012244,0.00347879957385886
3012245,594.80669328208
3012246,10.63857680405318
3012247,1046.4387978346763
3012248,745.8384055553482
3012249,344.53441214309015
3012250,226.0985386313214
3012251,65.85647393648804
3012252,4364.265125750661
3012253,12.667844123946685
3012254,0.8845270916013308
3012255,28.85543839775388
3012256,17.062139620652193
3012257,0.7057312903847114
3012258,239.43039430646584
3012259,0.004195466995942751
3012260,5.711053534727209
3012261,5.190747168358274
3012262,48.37461584353258
3012263,1.050486653763549
3012264,183.9046293986118
3012265,309.75141140903906
3012266,4.08626874155524
3012267,4.634530359867625
3012268,209.80025013290918
3012269,73.38571691710358
3012270,2902.374006640001
3012271,2.706306304495196
3012272,5.00448333475728
3012273,5.576092234207788
3012274,0.41842762528126265
3012275,3.4129778810074356
3012276,2820.999110419347
3012277,0.0036286593103543614
3012278,560.2829407109006
3012279,10.03332961455268
3012280,888.9615346883463
3012281,656.546833807119
3012282,258.6978656039874
3012283,182.93387938227946
3012284,61.46405286092564
3012285,3762.1600277368875
3012286,11.727034034056244
3012287,1.1832728972086
3012288,25.975366308657147
3012289,15.90752752857124
3012290,0.0825373190945787
3012291,225.2917196699255
3012292,0.004334149792870785
3012293,7.8554555755093265
3012294,4.366913920660051
3012295,56.69895293571732
3012296,1.4747093478467233
3012297,113.93632737281645
3012298,225.577029586233
3012299,3.6480897227558335
3012300,4.689238565319361
3012301,164.98524113394848
3012302,63.35142803436854
3012303,2582.3831150941905
3012304,2.0161960437757545
3012305,6.028531073308973
3012306,9.004900380530382
3012307,0.8933393191809157
3012308,13.119926911826534
3012309,6541.800153929233
3012310,0.06542124620632714
3012311,1059.9744289970583
3012312,32.03105218580123
3012313,1706.6072809918808
3012314,1812.0307004960348
3012315,315.32675860729825
3012316,378.4856796360133
3012317,282.0614281355956
3012318,6463.337060400947
3012319,64.54987848960124
3012320,2.651632808828313
3012321,52.100395167512865
3012322,46.79713353557671
3012323,1.1999302965704854
3012324,412.4380271763225
3012325,33.642076918585744
3012326,39.951258877304106
3012327,25.81706945946867
3012328,157.13860722359044
3012329,21.61213211561585
3012330,591.1640267426526
3012331,422.2613437146533
3012332,15.756771634096701
3012333,21.978158320555185
3012334,882.9889390911328
3012335,220.6568855310134
3012336,6576.255476431507
3012337,0.9292854895660929
3012338,71.05160559832039
3012339,3.1989510965775394
3012340,0.2526332283830215
3012341,0.7270361862651441
3012342,1446.824231896752
3012343,0.0033727785944900088
3012344,167.0538427914188
3012345,3.7499755244491877
3012346,590.4454029135957
3012347,265.94087871486903
3012348,107.05998912258482
3012349,129.72246999221346
3012350,40.52609197827482
3012351,1832.403078507474
3012352,4.845563659211354
3012353,0.5205256103328871
3012354,13.148724708098658
3012355,7.912100082019457
3012356,0.15153723461969626
3012357,146.90081174898066
3012358,0.5769591825746202
3012359,0.004514800396619796
3012360,3.0366779756620947
3012361,34.20236121513165
3012362,0.761012959014744
3012363,67.00334053388983
3012364,97.37531174052424
3012365,1.7871253564672391
3012366,4.181816604968916
3012367,102.88843406338488
3012368,22.655052909638105
3012369,1097.1775487352375
3012370,0.3633415240555682
3012371,4.070277979755566
3012372,7.85018137854116
3012373,0.4293082562221429
3012374,2.165143193608526
3012375,3145.2483413221516
3012376,0.0030953716311682283
3012377,512.6440489877008
3012378,8.175187665731327
3012379,1141.8417428769394
3012380,599.810194496979
3012381,221.9923365716986
3012382,284.3088022494347
3012383,78.23432155776524
3012384,4108.490307036644
3012385,11.789412591804881
3012386,0.6310736271882865
3012387,19.016460646840006
3012388,18.815967331185533
3012389,0.10190099410657338
3012390,236.8422158123338
3012391,1.0862568291033763
3012392,6.354050040257881
3012393,8.630025581618039
3012394,22.765237476767926
3012395,1.19726616470837
3012396,284.0971102981275
3012397,260.9529917477545
3012398,3.436728040056952
3012399,5.871828650029209
3012400,123.616995623774
3012401,64.21059987985709
3012402,2474.8260526606064
3012403,1.784908196698657
3012404,5.174919027295769
3012405,1.5595259855998498
3012406,0.05525949903573422
3012407,0.821081619290125
3012408,1095.4470207593151
3012409,0.0030853853334536817
3012410,109.41656495148592
3012411,3.178682754023002
3012412,535.3182426142064
3012413,149.52210531721852
3012414,83.04260554347216
3012415,156.0215983171692
3012416,19.54479759117894
3012417,1677.1480609644527
3012418,1.4663160991939295
3012419,0.41900751038716777
3012420,8.15147083748363
3012421,3.8025286515122874
3012422,0.19740551062565803
3012423,79.0073447486472
3012424,0.003893971801594714
3012425,0.004309020146297976
3012426,1.3696001346306295
3012427,28.947731591913694
3012428,0.23064697083341343
3012429,63.898262834057306
3012430,88.00554525853991
3012431,0.4160177638132512
3012432,1.2552795845418112
3012433,53.828845667255464
3012434,11.25562552915584
3012435,357.5894491295106
3012436,0.10092208064982158
3012437,1.7304794930542462
3012438,6.125265021207311
3012439,0.0628370126074849
3012440,1.8373766312291258
3012441,2081.905724620722
3012442,0.003206183938215445
3012443,249.9181062374063
3012444,7.236822108548143
3012445,901.2282104067842
3012446,379.8956771393575
3012447,174.85092022577302
3012448,170.36933474821117
3012449,59.216505489153775
3012450,2795.7655326519316
3012451,3.6179158351446112
3012452,0.6072731626862786
3012453,29.070833203543994
3012454,15.944159969394951
3012455,0.2536753842570484
3012456,195.00573745490087
3012457,0.004063534234996973
3012458,0.020807853032913094
3012459,11.496611683645607
3012460,35.26950770179806
3012461,1.568241587059298
3012462,227.30711264774692
3012463,207.7147818270168
3012464,1.7068018576024442
3012465,3.7494283873158967
3012466,196.73563706178828
3012467,30.86032462605092
3012468,2051.9368169546697
3012469,0.16055305138650072
3012470,1.1003419449609921
3012471,3.316044751099733
3012472,0.3620940434518283
3012473,1.9799984255594538
3012474,2319.2702132386717
3012475,0.0032581211109330307
3012476,655.0021855881022
3012477,8.296863154594392
3012478,806.8914210779603
3012479,530.9391389973657
3012480,215.5770815920597
3012481,107.47164410927174
3012482,78.46247120602517
3012483,3710.176365827368
3012484,6.668930646924225
3012485,2.8624456488879515
3012486,24.03158984827816
3012487,34.075131673208716
3012488,0.2198783094397235
3012489,198.0331801339313
3012490,2.108665673140653
3012491,5.7973073937337185
3012492,4.872567309785984
3012493,29.87078307329476
3012494,2.097106817831709
3012495,158.9824515622853
3012496,255.95293684206862
3012497,2.896872960709721
3012498,5.5539226661302035
3012499,128.57145437151
3012500,28.63785139425132
3012501,1193.0827971954043
3012502,3.9963597918838376
3012503,2.72986022391024
3012504,3.899045638730966
3012505,0.05249183879264155
3012506,0.5242026079116318
3012507,1458.489728775567
3012508,0.0033572176137121046
3012509,112.87916245159337
3012510,2.0835185309211104
3012511,506.0846645566849
3012512,156.14473396789296
3012513,89.00987547027023
3012514,122.25787375154579
3012515,38.63290372612834
3012516,1717.196282880685
3012517,4.66044818435804
3012518,0.5842100802398469
3012519,8.551404711184542
3012520,5.926334460014539
3012521,0.18173568850208138
3012522,83.20185654883454
3012523,0.004250517401423148
3012524,0.005845371439262005
3012525,0.608741141952996
3012526,36.597075159876596
3012527,0.6092307458012991
3012528,168.21574680362426
3012529,79.988338854497
3012530,0.8061288937327549
3012531,1.1017241723822182
3012532,49.79406683430792
3012533,18.035348668676225
3012534,654.1955097599852
3012535,0.19544143655228688
3012536,0.9680835940652854
3012537,4.574035852252543
3012538,0.056320884972326735
3012539,1.2540085273254395
3012540,3453.858757042055
3012541,0.0035746069012986296
3012542,585.744537769771
3012543,8.932606124661014
3012544,917.5560644906508
3012545,633.5600254036975
3012546,227.57518784466015
3012547,145.041086982229
3012548,88.9657964815828
3012549,3950.951745462654
3012550,8.769824610675892
3012551,0.4750117801086757
3012552,27.787574967195084
3012553,13.693044791471799
3012554,0.12532737045272865
3012555,222.6492574363305
3012556,0.04174843083044979
3012557,23.227501679282668
3012558,3.7559736002806243
3012559,64.47617850477141
3012560,1.1676308649772311
3012561,217.88422448328848
3012562,238.15572038777302
3012563,3.335479050121801
3012564,3.645728412493815
3012565,127.91302146605022
3012566,46.720533083167
3012567,3046.6064963053277
3012568,2.6679851784967505
3012569,1.4601764210585022
3012570,3.7124877346181058
3012571,0.028081468113714224
3012572,6.6861398028575
3012573,2123.3774140991895
3012574,0.04856678905629917
3012575,516.7030889141294
3012576,6.640931525283748
3012577,827.1278778755175
3012578,799.559411870229
3012579,139.7977476703115
3012580,108.29763796602612
3012581,113.85999937249134
3012582,3150.8952575167423
3012583,36.15579802061748
3012584,1.611635041915537
3012585,24.837655378423406
3012586,26.431681578691684
3012587,0.21157529550857912
3012588,178.8773225043791
3012589,19.05138826767833
3012590,19.311254658403946
3012591,2.5457023620426606
3012592,85.12614978243177
3012593,8.693418235195917
3012594,196.95758617545403
3012595,234.36736182936684
3012596,10.56612150253273
3012597,11.162540091052962
3012598,209.47142277271885
3012599,84.09980837273814
3012600,2102.14554055208
3012601,0.08926689307892516
3012602,12.13381685875454
3012603,4.94515366333923
3012604,0.014189215192218455
3012605,6.823894493329109
3012606,1973.8004678301816
3012607,0.03586651843902705
3012608,395.5874781698443
3012609,10.685929353172048
3012610,789.7028349308592
3012611,658.7519910044294
3012612,124.42849843668264
3012613,71.30761030390791
3012614,110.79084743598392
3012615,2953.9945066346413
3012616,22.92162410882493
3012617,1.1901626902499391
3012618,33.78387127861325
3012619,24.444328853394964
3012620,0.06256762747723131
3012621,245.14025272982468
3012622,18.46631166035329
3012623,13.157918209004848
3012624,9.633706242765843
3012625,85.78238156343895
3012626,9.038398262325074
3012627,127.11087879929414
3012628,287.53704286051106
3012629,6.46868529141877
3012630,8.866262598185383
3012631,114.56917356182117
3012632,71.37465789288063
3012633,1555.133147144651
3012634,1.771613182532353
3012635,13.628996565357417
3012636,8.148476902850765
3012637,0.3991945827562567
3012638,3.1609461039370554
3012639,3080.431956014409
3012640,0.0035059122053895265
3012641,683.5739041249799
3012642,5.494332906203937
3012643,1443.4403745091083
3012644,587.9244916403236
3012645,179.4324800539915
3012646,272.5573215581705
3012647,61.19563656276367
3012648,4581.089139128359
3012649,27.905236666906355
3012650,1.6383217844230553
3012651,23.344074861888096
3012652,17.67907446549612
3012653,0.17795080450994832
3012654,310.37403729215424
3012655,4.759275546547588
3012656,13.100892698715223
3012657,6.602128567043428
3012658,43.36492510304572
3012659,3.8863173612844975
3012660,151.40441897903958
3012661,288.4202853097142
3012662,5.562354702934392
3012663,8.531220462667225
3012664,191.317914782336
3012665,54.405320425497116
3012666,2845.3750805201507
3012667,12.728942529189675
3012668,12.146764670076081
3012669,3.787711810117721
3012670,0.024353568094460896
3012671,5.136902619455455
3012672,2069.7869713145537
3012673,0.06665925925785743
3012674,336.17111927336646
3012675,6.1376398121538225
3012676,717.6069972408251
3012677,664.6867782256372
3012678,165.75293556030127
3012679,114.79506430240495
3012680,90.00437948168474
3012681,2888.532433434414
3012682,22.04017750927114
3012683,1.198412228122369
3012684,14.131473157700048
3012685,9.476074883015276
3012686,0.22959227076742927
3012687,169.19187955175195
3012688,16.163751021157015
3012689,13.773020764206727
3012690,2.4058724716160977
3012691,65.40790953683155
3012692,6.305280950753576
3012693,300.28493696718095
3012694,202.05269084598157
3012695,5.992788547522194
3012696,7.691654377702119
3012697,330.2430701897051
3012698,59.415024574910035
3012699,1742.836316220993
3012700,0.17866271536475342
3012701,23.035302806338606
3012702,3.3659193546339656
3012703,0.32661966847049434
3012704,2.184054528260057
3012705,4554.496606671434
3012706,0.003329792914401025
3012707,416.61243461118715
3012708,9.051416059359061
3012709,1688.190484374628
3012710,560.6460675997885
3012711,257.8599047885824
3012712,175.48572380646064
3012713,62.805965380254875
3012714,5219.164480719155
3012715,9.949533079577243
3012716,1.675745426145125
3012717,28.950789114868957
3012718,20.63105513556823
3012719,0.1797980520087372
3012720,342.64370766526247
3012721,0.004224966266883434
3012722,0.1072020805806495
3012723,8.016409411972493
3012724,34.22087732929733
3012725,2.0139975954241582
3012726,133.73367585184036
3012727,292.43521489282415
3012728,2.8018382568673053
3012729,8.989591741972777
3012730,180.29131835846908
3012731,46.807118222611294
3012732,2155.058079162832
3012733,0.6737969197144742
3012734,4.700646965748199
3012735,6.095149515170387
3012736,0.05089413800499329
3012737,7.395128689589313
3012738,1937.045518504499
3012739,0.03388435825219001
3012740,423.63178691901106
3012741,9.641100919260595
3012742,829.8245747582299
3012743,618.318921448176
3012744,184.70151536281645
3012745,107.98169140619783
3012746,116.45018590363571
3012747,3129.260382552447
3012748,25.24604423687133
3012749,1.0904437608273918
3012750,22.38600148539392
3012751,25.71487126206844
3012752,0.10291386493485413
3012753,194.73909661314613
3012754,12.023695037111338
3012755,13.688766630114205
3012756,9.130298116309152
3012757,59.15541212583556
3012758,9.558588138717012
3012759,170.62962998525225
3012760,265.9767448583396
3012761,9.877566806550082
3012762,7.761396220339803
3012763,153.3205618890109
3012764,52.57442061889429
3012765,1672.1978367475278
3012766,0.6156186406367341
3012767,6.51142848405268
3012768,2.952252844748707
3012769,0.05870160471693046
3012770,4.787173651165765
3012771,1961.9660621566657
3012772,0.06199827377470451
3012773,362.5252326615559
3012774,7.65975238057512
3012775,586.9232307510025
3012776,649.9003944133294
3012777,143.08966747771726
3012778,96.53406656042716
3012779,85.59090958782181
3012780,2362.398800544221
3012781,20.997036290634263
3012782,0.8511807080713203
3012783,21.136849442769766
3012784,18.90802950567423
3012785,0.07208648731217332
3012786,162.4469735959362
3012787,11.521772932490952
3012788,24.45820046113314
3012789,2.8709324638793223
3012790,50.90539842340987
3012791,8.23436856298795
3012792,179.7732226396105
3012793,181.44215504301582
3012794,7.480133311165901
3012795,7.5408080556432155
3012796,179.996612264596
3012797,43.72852372469296
3012798,1779.2959661863777
3012799,0.4006022541226737
3012800,11.357118673282825
3012801,6.354333748330646
3012802,0.07812962665655822
3012803,3.0158981085945773
3012804,4345.95089968859
3012805,0.0034936241560023463
3012806,502.8433756383645
3012807,9.772969018848405
3012808,1046.8684993108304
3012809,599.6119968641351
3012810,268.0041733060658
3012811,203.3053048330162
3012812,60.064709204147164
3012813,4212.953744867595
3012814,9.058548040666967
3012815,0.5001726444669359
3012816,19.17116121175012
3012817,16.94211982072443
3012818,0.13663020300073472
3012819,218.36122239755068
3012820,0.004207453444859904
3012821,8.262447944518351
3012822,2.2537064817939654
3012823,58.68951205188256
3012824,2.972745191573263
3012825,191.56189208349429
3012826,256.88000416359984
3012827,2.831036387172301
3012828,2.7445351212654097
3012829,211.79778224857463
3012830,108.34463317789736
3012831,1692.0210287940733
3012832,2.099785165342427
3012833,0.8309710035332412
3012834,14.070145754403224
3012835,0.0032231431724011107
3012836,13.02164430768224
3012837,7379.498292039248
3012838,0.06564564349826368
3012839,1235.3792817358558
3012840,22.374817703375
3012841,2002.9047084619558
3012842,2008.5587344801525
3012843,435.59693221832924
3012844,448.27418529122144
3012845,352.92384003450553
3012846,8107.928162936947
3012847,68.00772416145345
3012848,4.006331757165779
3012849,94.20515792166228
3012850,98.00728860774038
3012851,1.168993847534918
3012852,513.5598340450847
3012853,28.431900933929242
3012854,18.999954594428655
3012855,58.60603937488729
3012856,243.12870890834336
3012857,19.700555659894352
3012858,678.4720264732423
3012859,467.46926462221757
3012860,29.677746089748833
3012861,29.496917687535774
3012862,889.3118394774215
3012863,273.8899244275062
3012864,7210.512712341055
3012865,285.6269431719011
3012866,75.20644264746957
3012867,13.788490023320168
3012868,0.003062656679618313
3012869,12.49312081376031
3012870,6749.846459075499
3012871,0.09749529350229656
3012872,966.4135870636959
3012873,23.176014386160084
3012874,2028.2592789192313
3012875,1804.5621691141084
3012876,526.2425908172676
3012877,290.02533615338876
3012878,272.15373504675074
3012879,8344.881457229676
3012880,73.27965045578324
3012881,1.4697308267086342
3012882,58.202385625744355
3012883,72.92246601189612
3012884,1.0127136344358911
3012885,501.54552491222364
3012886,19.527148272951845
3012887,24.404124090785352
3012888,13.773290343184424
3012889,138.2421084670178
3012890,16.494108380117304
3012891,830.0449487660464
3012892,566.1959185023074
3012893,18.83424337667288
3012894,23.499520704037
3012895,1030.6773070294776
3012896,206.6961014601804
3012897,4711.690344941525
3012898,285.85652616306254
3012899,68.05062370325693
3012900,11.047304074419626
3012901,0.0029232448434280047
3012902,18.279870046953324
3012903,3906.450643682036
3012904,0.10765362278224552
3012905,712.2946242637702
3012906,12.556319397934768
3012907,1745.2453809778742
3012908,1190.5459744683562
3012909,575.2656725956034
3012910,106.50309678261611
3012911,218.6479379047304
3012912,6837.369437186564
3012913,36.20231429454899
3012914,2.415231663435846
3012915,40.02383488387315
3012916,28.773099109787942
3012917,0.6932525177865176
3012918,473.74925236681173
3012919,25.997716099609153
3012920,18.446530844844347
3012921,9.195216726073026
3012922,95.25396759580062
3012923,8.792578686398702
3012924,755.4281126794926
3012925,570.9103301638856
3012926,18.44249430404028
3012927,31.557478727836198
3012928,651.6032045715158
3012929,106.3761620623107
3012930,2056.5701071368767
3012931,256.3291387337333
3012932,37.292519448685646
3012933,13.520123871387533
3012934,0.002952218848741139
3012935,19.140157591814813
3012936,6371.978947922804
3012937,0.08029162215004525
3012938,941.3382917793089
3012939,17.78970158202234
3012940,1810.6849536559027
3012941,1633.3764252106048
3012942,500.30492213784134
3012943,257.6827121036301
3012944,225.4566999908951
3012945,8066.599855368132
3012946,43.15385785244808
3012947,1.7001683771947063
3012948,62.81941427107132
3012949,56.913147663402555
3012950,1.1398671254042456
3012951,486.0276586822857
3012952,25.235162256669756
3012953,24.117707925247576
3012954,26.91965807960493
3012955,148.28423317054387
3012956,12.048100440118445
3012957,664.3539531512897
3012958,562.9844850234941
3012959,17.962103178693493
3012960,22.399589230903242
3012961,855.5125371425827
3012962,182.6155427851969
3012963,4552.629243318774
3012964,260.0910640773116
3012965,56.08433160172252
3012966,10.58577829445736
3012967,0.0029232448434280047
3012968,16.439091490065657
3012969,3262.8136577693012
3012970,0.030113195878012908
3012971,624.562356873721
3012972,14.614404981323014
3012973,1643.667083130167
3012974,924.7768159720903
3012975,464.61241413663555
3012976,82.8414444422711
3012977,158.40262239533877
3012978,5805.065838294107
3012979,31.09770122591454
3012980,0.4658023447381329
3012981,28.28610148461367
3012982,28.579416374702607
3012983,0.2212780721120731
3012984,437.5995515399711
3012985,19.5802392922781
3012986,8.561868893845471
3012987,10.86833453764152
3012988,88.25570140795521
3012989,5.17358058698184
3012990,642.3125839149698
3012991,560.4778431088155
3012992,13.812731699272083
3012993,20.061199352345355
3012994,614.5318720791328
3012995,78.43964400969668
3012996,1509.0057843306554
3012997,316.4386717287085
3012998,19.681304205531493
3012999,10.023148409272913
3013000,0.0031430180803837006
3013001,11.68337426890194
3013002,5236.89825643048
3013003,0.046155073305013575
3013004,979.7576630631161
3013005,23.801678120152665
3013006,1472.8096741950899
3013007,1727.1969969465376
3013008,342.2315002483116
3013009,359.16677097622687
3013010,274.23959078888095
3013011,6304.590510004813
3013012,58.43049273251485
3013013,1.461656793656795
3013014,47.386753521490625
3013015,45.83404069747246
3013016,0.7248611618437069
3013017,362.5047028872156
3013018,13.363671657215571
3013019,24.51590771871092
3013020,11.382802021536381
3013021,163.898728313872
3013022,15.83052639866765
3013023,583.4056362285228
3013024,418.6148911428424
3013025,14.858036585959184
3013026,26.692453856795275
3013027,733.3354546547102
3013028,192.8931609767715
3013029,5854.280461059965
3013030,220.33778163642353
3013031,63.84121722940047
3013032,5.261969040969326
3013033,0.30644957102946446
3013034,6.788937789491725
3013035,1573.4030481633577
3013036,0.04561931867951577
3013037,330.38484703646446
3013038,20.016635727503907
3013039,774.624507109935
3013040,492.1615874913776
3013041,200.06435824357322
3013042,76.08452900085321
3013043,93.32375083120806
3013044,2606.6310139266193
3013045,23.123211091556648
3013046,1.1686394180478734
3013047,25.748574342549794
3013048,22.595135772994695
3013049,0.12097995193941888
3013050,171.95769233723783
3013051,11.262091777468145
3013052,6.595256026252219
3013053,11.784927829235283
3013054,48.155395121023076
3013055,6.857839608489056
3013056,213.79281396271224
3013057,224.07391000886489
3013058,3.366322100071858
3013059,6.286188340497318
3013060,198.28340714139074
3013061,56.989351449043795
3013062,1287.1729333474345
3013063,0.7576225042495843
3013064,9.0624646882227
3013065,9.583506685570766
3013066,0.002992122080543189
3013067,11.48618279917384
3013068,3340.7710471299342
3013069,0.06368527315479608
3013070,494.78752221265466
3013071,27.45544386486722
3013072,1297.0629118538084
3013073,906.6873611371722
3013074,364.0802271366187
3013075,83.65761859954348
3013076,138.18127499330922
3013077,5102.6448196985575
3013078,49.89476922693111
3013079,1.380493724991935
3013080,51.374043126143214
3013081,35.36165681353223
3013082,0.18353016644035786
3013083,285.06887892600423
3013084,15.328825915432237
3013085,7.842645004296039
3013086,4.099867427184656
3013087,95.83915857715823
3013088,8.080661712861975
3013089,474.6561077505038
3013090,419.5634364760652
3013091,9.6766070332612
3013092,18.61713208397555
3013093,335.96796477750974
3013094,78.59540467803792
3013095,1745.3979996887235
3013096,276.52564449982975
3013097,16.751661368029847
3013098,5.98327877982251
3013099,0.002729303996347703
3013100,4.50312645620526
3013101,3728.747143598718
3013102,0.05039715834865133
3013103,720.8273570098252
3013104,9.535178788738307
3013105,1215.627970410517
3013106,1275.8889893489127
3013107,213.2279615735771
3013108,257.81677047745256
3013109,195.98041955032375
3013110,4295.197833308726
3013111,37.50285801168285
3013112,1.6623026146114959
3013113,31.642641004468302
3013114,35.70542064256232
3013115,0.49176741453093337
3013116,252.99564556449863
3013117,2.650887563177061
3013118,32.899340803731704
3013119,4.940158997552433
3013120,108.60084567723973
3013121,9.183248256992126
3013122,468.2500478794097
3013123,253.54153459884031
3013124,16.357844349851852
3013125,9.52548511857531
3013126,835.5082929778129
3013127,109.50125466691856
3013128,4385.078037737305
3013129,3.1242615232739084
3013130,41.90356990515345
3013131,7.432273393740179
3013132,0.003922512202535913
3013133,7.968889765477093
3013134,3546.9773420751835
3013135,0.003936359877097777
3013136,759.8218294887923
3013137,9.207456739177783
3013138,1189.3371404155073
3013139,953.5699939301559
3013140,284.99330416892394
3013141,173.73084713772397
3013142,240.16642804681598
3013143,4604.688108406428
3013144,29.520325763432123
3013145,2.8215290073525687
3013146,42.29472796645337
3013147,37.73010923557633
3013148,0.0874879288495697
3013149,276.51519886741465
3013150,6.984556038346749
3013151,37.37594668972639
3013152,7.3611342955389265
3013153,178.82684647991206
3013154,9.655543450799403
3013155,336.10635724205133
3013156,277.90053492316594
3013157,11.411908046465443
3013158,20.505406542163094
3013159,346.52917123854803
3013160,108.47850816147519
3013161,3406.458215546063
3013162,4.5541373801196094
3013163,8.653561136525013
3013164,7.114923145953419
3013165,0.04849082961647
3013166,3.414427462742823
3013167,1731.1454559301817
3013168,0.0297624701706003
3013169,398.52037272696384
3013170,6.466639920419547
3013171,777.4957886737767
3013172,480.439714870667
3013173,187.06519266649352
3013174,71.58803444447531
3013175,86.18217235566051
3013176,2486.3187411998265
3013177,13.977305362624993
3013178,1.1467060996605594
3013179,25.385222292847224
3013180,20.614132960577464
3013181,0.08849420260279388
3013182,161.62778854266716
3013183,4.663097312568266
3013184,9.061083684105606
3013185,6.171069923069827
3013186,62.50074370757588
3013187,3.9610466991957516
3013188,201.97890590438138
3013189,203.81125711992152
3013190,4.16849074270273
3013191,6.088989726848821
3013192,156.0388354004213
3013193,54.627447621280375
3013194,1552.665948918402
3013195,0.43907186895048533
3013196,3.9713469737229463
3013197,6.109106437570551
3013198,0.07095343353851151
3013199,1.4465884033516605
3013200,2585.5835656778127
3013201,0.0033886157349359534
3013202,223.52071177810987
3013203,4.196223346966759
3013204,913.7690873034456
3013205,227.8305010493251
3013206,195.58085841726125
3013207,63.292715954038016
3013208,28.92677632179371
3013209,3212.950981866702
3013210,11.258479853867504
3013211,0.8738211211332886
3013212,17.79737013142963
3013213,10.012600349582438
3013214,0.14630135321566082
3013215,185.05690602644697
3013216,0.004279537480031363
3013217,0.004521343253988962
3013218,4.086780354502679
3013219,30.476104020705574
3013220,0.9095430262747102
3013221,44.84679575863757
3013222,164.78820956260031
3013223,0.08115878174406725
3013224,2.453320544406196
3013225,54.83713085585893
3013226,78.66465849925261
3013227,868.0251521085003
3013228,0.0845830435539557
3013229,2.532492465003469
3013230,5.9268648605535486
3013231,0.031174639195820836
3013232,6.6640192296159455
3013233,2826.0754746499615
3013234,0.02791465596289615
3013235,479.7190717926462
3013236,10.140466569814528
3013237,982.849956828273
3013238,821.2138119135725
3013239,286.38853370201736
3013240,145.45623995990346
3013241,132.31721750633977
3013242,4023.667989261794
3013243,29.569874248377808
3013244,1.0647584692133556
3013245,22.48609629454772
3013246,42.96465636620672
3013247,0.0845464921948903
3013248,241.38815436597037
3013249,19.69141917515436
3013250,11.588603519075907
3013251,14.383898152421533
3013252,62.92982170848534
3013253,6.202787578602596
3013254,367.5499378165749
3013255,281.7294662184534
3013256,8.277687497576636
3013257,11.890138332850505
3013258,477.38243198046604
3013259,92.84094274565366
3013260,1999.2476116305527
3013261,0.054903911336730046
3013262,31.858838098783714
3013263,4.6836155217080115
3013264,0.04600577412185876
3013265,6.2465200608784865
3013266,3706.4051822366746
3013267,0.19050475159768476
3013268,631.0486235502552
3013269,14.490908606616085
3013270,1049.418386164145
3013271,1237.5121678713551
3013272,172.7307187947114
3013273,254.9705578222799
3013274,182.96083880199802
3013275,3794.655829879959
3013276,33.92511699798951
3013277,2.452818321367674
3013278,28.85826285194455
3013279,34.15771717928387
3013280,0.8364077859643951
3013281,213.92331628541206
3013282,11.61966127150933
3013283,34.55678599393511
3013284,9.814238735473587
3013285,108.616265642941
3013286,12.918703179525567
3013287,403.68848372496507
3013288,240.9038829610007
3013289,6.505837698559845
3013290,11.804930107119016
3013291,551.5964086616991
3013292,129.14998013481738
3013293,4412.929329905989
3013294,0.4344530924098173
3013295,41.38774418032151
3013296,4.202198842789295
3013297,0.3883710266028549
3013298,9.481671620631838
3013299,3550.585094555804
3013300,0.061193405541595025
3013301,700.5292792186196
3013302,17.436647247515385
3013303,1087.3826338000028
3013304,1226.7350758719267
3013305,232.05474301176793
3013306,245.0587968039455
3013307,131.69168148146917
3013308,4062.4811565377204
3013309,32.664772274392405
3013310,2.538327728038426
3013311,37.07129474090722
3013312,40.449924947202184
3013313,0.2330010972233484
3013314,274.0213239026469
3013315,26.031137837807837
3013316,28.570362035923928
3013317,29.772932545223973
3013318,113.1478358462748
3013319,14.148749422881544
3013320,351.9526177581289
3013321,287.4548300905201
3013322,14.731574238899665
3013323,17.620900341818757
3013324,473.62519560406804
3013325,133.6300387072069
3013326,3334.2460121573267
3013327,0.8196350480119471
3013328,32.58105803297313
3013329,10.918421572407652
3013330,0.34271016599604615
3013331,7.1832696638247615
3013332,2850.6589083633307
3013333,0.003415724670041999
3013334,489.5414979209047
3013335,12.303770206020683
3013336,1495.6936301972034
3013337,717.4343544439018
3013338,493.35364416849114
3013339,161.12482595495814
3013340,88.47552521028244
3013341,5577.754842879999
3013342,10.886686779408361
3013343,1.505050188547467
3013344,39.89053804579062
3013345,30.616058410481003
3013346,0.0960868337634713
3013347,335.207621276375
3013348,8.872749256621779
3013349,7.584823780388261
3013350,9.483874609993764
3013351,45.59433063883243
3013352,3.298791092560328
3013353,312.90560261811845
3013354,384.1205826634346
3013355,5.8149598977810255
3013356,6.882693157991144
3013357,362.4733473219163
3013358,89.81664240990955
3013359,2124.5103449238627
3013360,134.70365500480733
3013361,14.507612434566195
3013362,4.31190196489956
3013363,0.0038648848099870044
3013364,4.229855004403897
3013365,2345.4815325878053
3013366,0.0693076681272605
3013367,398.8053303976068
3013368,11.571995067655287
3013369,769.447385683452
3013370,804.4156215253772
3013371,139.38071832945684
3013372,141.2844886051567
3013373,122.97676176754592
3013374,2750.1361607800573
3013375,22.044057925803365
3013376,1.8374943948429943
3013377,24.314079542134177
3013378,26.243452318527417
3013379,0.13146234939360552
3013380,162.23622631049946
3013381,13.636261853660066
3013382,23.1925846277177
3013383,7.3208406892952675
3013384,103.7721052085573
3013385,6.088573400305921
3013386,275.64726633905104
3013387,176.92649951750047
3013388,4.575079233989913
3013389,7.487414404600805
3013390,287.2095200996356
3013391,72.71909067848193
3013392,3964.2038500583512
3013393,0.06449974379092159
3013394,27.41360370853734
3013395,1.83236910180955
3013396,0.08524973484975627
3013397,1.9412980420266521
3013398,1091.1254862718324
3013399,0.0031485300484458893
3013400,84.77798286911082
3013401,3.2796740916773235
3013402,627.4919571808933
3013403,291.6664217679715
3013404,206.7599044101396
3013405,40.54735738402309
3013406,29.378930779961365
3013407,2210.9508849236236
3013408,4.194713886504936
3013409,0.4493799316940787
3013410,8.454349779326177
3013411,7.200025462185539
3013412,0.14715776268328817
3013413,135.38903552318584
3013414,3.421350700750884
3013415,0.018739417857476973
3013416,1.9759053207368615
3013417,13.922674567326224
3013418,0.35833343831898423
3013419,154.66179927015887
3013420,152.11046808117604
3013421,0.7489619838551451
3013422,3.3166834852905627
3013423,115.64608776891066
3013424,22.98559453055063
3013425,194.9164499010465
3013426,3.9893480355084554
3013427,2.0988262813465663
3013428,6.500245432572154
3013429,0.21556815578763505
3013430,5.018113885880633
3013431,3778.9479570741337
3013432,0.0033089530469345746
3013433,575.8739654261169
3013434,12.691090984372096
3013435,1644.3666436442381
3013436,617.8066556904054
3013437,394.04781378941425
3013438,198.02177388712062
3013439,71.3899448537384
3013440,5672.582181761611
3013441,20.927952970488356
3013442,0.6567220434687674
3013443,26.542704059692017
3013444,17.168121685603175
3013445,0.19386469597744937
3013446,390.15512045541743
3013447,7.012119193848951
3013448,2.3653551575220195
3013449,8.99220907130772
3013450,36.622015568944896
3013451,2.045576218679891
3013452,507.835687461902
3013453,345.3460833913205
3013454,2.0218273161128693
3013455,13.010572610608227
3013456,388.5405169709842
3013457,78.12514910688023
3013458,1069.5594870483478
3013459,34.91844267619039
3013460,8.177632693989066
3013461,4.864219981743201
3013462,0.06267705104998786
3013463,1.0988762794812994
3013464,1429.0511337984096
3013465,0.003034723519071389
3013466,160.75119566611957
3013467,9.54749838243313
3013468,795.4617788018089
3013469,387.2542366988239
3013470,172.81454539772713
3013471,50.569347543832706
3013472,35.21203719503788
3013473,2406.1680382050663
3013474,6.967236437531625
3013475,0.5461497863431157
3013476,12.614950171330666
3013477,15.140582156799088
3013478,0.1464140175010546
3013479,141.1693864859358
3013480,4.952661122295232
3013481,0.0060019281323967204
3013482,12.395639686920443
3013483,31.687436105984087
3013484,1.264938965892754
3013485,130.22607174182394
3013486,160.51666641915375
3013487,1.130243450363807
3013488,5.4649370451481944
3013489,137.06344216323484
3013490,36.169291815191116
3013491,286.8869609608474
3013492,15.284175385210888
3013493,3.219807725257212
3013494,4.523086799930649
3013495,0.0029266186937716614
3013496,3.036001731723991
3013497,1301.3064781814803
3013498,0.0029344603831059366
3013499,124.42959864069633
3013500,6.095478880635928
3013501,643.4904090744146
3013502,295.04503852722826
3013503,121.09852766803934
3013504,35.89725615676178
3013505,26.527081333374497
3013506,2374.2106728456365
3013507,8.963421240691671
3013508,0.24196956286774585
3013509,12.957954585071409
3013510,8.176325338393632
3013511,0.07650201399062151
3013512,127.78052633284467
3013513,1.617285935311502
3013514,0.004850149759635579
3013515,2.438224230358113
3013516,29.52042470449644
3013517,0.8604848890511438
3013518,123.05398859114209
3013519,163.08722546626245
3013520,0.44028547134689106
3013521,4.221470181237409
3013522,67.02230125398029
3013523,23.51456174425299
3013524,161.343345962327
3013525,39.32031973571642
3013526,1.4339737840219566
3013527,3.4098748434893977
3013528,0.004919902683165105
3013529,1.5745701645940386
3013530,1303.7254199060953
3013531,0.0032809747522525873
3013532,152.638725685274
3013533,8.05547357310034
3013534,852.447636075525
3013535,390.8672606159262
3013536,201.3570069365482
3013537,31.24345497595805
3013538,39.8759093825642
3013539,2465.2094039015033
3013540,5.606228839467029
3013541,0.25160706023843904
3013542,9.53221849306255
3013543,19.001251922995472
3013544,0.11736980784556965
3013545,161.61649746530543
3013546,1.0169480765049996
3013547,0.004418942979329199
3013548,3.2971975413556147
3013549,16.956867747035773
3013550,1.7024292367380673
3013551,191.10736042582553
3013552,269.8334054037155
3013553,0.8230189384913351
3013554,4.947428887183319
3013555,61.59811374101205
3013556,79.00727769564412
3013557,288.4430885208595
3013558,5.907625541796123
3013559,4.079692066704676
3013560,3.300993610134852
3013561,0.9661373119859133
3013562,2.985501991753544
3013563,1595.7340036700168
3013564,0.0029492237136274
3013565,147.12000798597785
3013566,3.644118610058716
3013567,814.6228907764953
3013568,395.8431985837703
3013569,227.7398601244755
3013570,82.77496448557444
3013571,54.03862918859911
3013572,2696.860848420789
3013573,7.115044964086726
3013574,1.0780084359190685
3013575,24.77453418810513
3013576,17.079516317580502
3013577,0.1416940765126145
3013578,200.06742879566565
3013579,6.850434696405512
3013580,0.0039628740788271175
3013581,3.7812218982711374
3013582,24.560201008466198
3013583,1.6546134212719459
3013584,118.03907192034427
3013585,177.27182039825072
3013586,0.7845253852343369
3013587,4.640265490005924
3013588,111.6327493414914
3013589,38.19908460220535
3013590,525.9453742878661
3013591,21.20117898902463
3013592,4.5897518966051765
3013593,4.4110418409360665
3013594,0.241675867420296
3013595,0.9942894670233756
3013596,1219.1006355605282
3013597,0.003145263998999242
3013598,135.49139225400504
3013599,4.128351758760373
3013600,715.4667746808266
3013601,240.07706524807975
3013602,142.19330838739626
3013603,106.09975581537458
3013604,28.05572414976742
3013605,1849.7418974109946
3013606,4.887556774248242
3013607,0.24179296161645109
3013608,11.237183997818251
3013609,11.31274653238526
3013610,0.14719728016808414
3013611,128.311146332835
3013612,0.004002435649950211
3013613,0.01864556280503308
3013614,2.8136746447258627
3013615,24.359113025571865
3013616,1.0104959884501439
3013617,48.67207749143584
3013618,131.2503874766049
3013619,0.709239519239048
3013620,2.6855245958542238
3013621,60.20166813355363
3013622,30.614046095112805
3013623,418.5232648328354
3013624,0.1648407102711982
3013625,1.6019914212590045
3013626,6.7495374145825755
3013627,0.39580051896007357
3013628,2.807210824151615
3013629,2344.7811962764017
3013630,0.003083937221916026
3013631,263.50270553754666
3013632,5.697596596632435
3013633,905.2050370825333
3013634,681.1328637095164
3013635,393.0898207700549
3013636,138.02965118547434
3013637,74.67621680864565
3013638,3655.873982056494
3013639,12.463666526494693
3013640,0.9870599985600379
3013641,20.118695983884038
3013642,22.59283472256289
3013643,0.1178334053930488
3013644,224.00513068766344
3013645,0.8644872091368359
3013646,0.06370300134143939
3013647,10.396820511033988
3013648,30.642457722442295
3013649,3.2394068089203847
3013650,220.83412145286167
3013651,221.48848213737458
3013652,1.9501447929337923
3013653,7.3391334279955185
3013654,261.3562001285192
3013655,54.12448002793058
3013656,1061.8398122488952
3013657,23.454588972570356
3013658,11.16512301188565
3013659,3.162695333745706
3013660,0.23247164397549716
3013661,3.448356322380171
3013662,1757.2683203224233
3013663,0.0025017438502932974
3013664,507.9705451397772
3013665,6.808038361054943
3013666,495.59020164117777
3013667,536.1021572935683
3013668,154.80520048734303
3013669,125.0117056152719
3013670,38.20290547233878
3013671,2298.670599002136
3013672,11.24169154444585
3013673,0.8923137421725211
3013674,16.885448357587528
3013675,13.237714955764844
3013676,0.064962263575784
3013677,144.62356523015666
3013678,6.866701684978741
3013679,1.783685554037452
3013680,9.35154548430027
3013681,49.86691025315195
3013682,1.806334944887484
3013683,66.59710911675032
3013684,137.48541124942443
3013685,2.759654756762769
3013686,5.8895958004273545
3013687,123.28096123319256
3013688,40.64096003100272
3013689,1142.073745556729
3013690,34.53493068387437
3013691,10.382093967519133
3013692,5.056174130985651
3013693,0.27329577647388875
3013694,3.0034347353910182
3013695,2242.9421347695775
3013696,0.002945124392660089
3013697,143.98471740378676
3013698,6.417021327973628
3013699,749.8762010759876
3013700,333.4305853364602
3013701,257.5263916978097
3013702,48.74385856789681
3013703,38.208614207921535
3013704,2967.313079284212
3013705,12.490251812957965
3013706,1.1598396245303046
3013707,12.515940710395288
3013708,13.038085664189646
3013709,0.1390620229223622
3013710,154.15140775014635
3013711,7.065765756802981
3013712,0.0049307106083452895
3013713,3.8295326366432483
3013714,30.36582075985594
3013715,2.3385804718772505
3013716,119.5638451797148
3013717,176.41178403475135
3013718,1.065442296142744
3013719,4.610234819129141
3013720,82.04190888547154
3013721,27.494562764501822
3013722,363.8621095393795
3013723,3.930519298432626
3013724,4.565743621262873
3013725,5.800037366597042
3013726,0.051240031787991476
3013727,6.887507169060317
3013728,2623.4576406026936
3013729,0.036697176883675686
3013730,568.6194093463112
3013731,10.090803112461423
3013732,796.4127933847163
3013733,775.3464001043565
3013734,200.01774251643195
3013735,146.5745386201389
3013736,106.71244691784591
3013737,3615.213798780072
3013738,26.621944489171135
3013739,1.1928961576073147
3013740,17.737004495777402
3013741,29.466308765420912
3013742,0.12108456683312513
3013743,203.7599299284686
3013744,17.549398748655012
3013745,21.230163318215784
3013746,6.951801538022235
3013747,69.64147690917079
3013748,7.762726894825672
3013749,428.13546636101955
3013750,237.44968257785015
3013751,7.926902169282493
3013752,7.176271765963829
3013753,387.6104668892564
3013754,90.97288926984301
3013755,3156.6309835847155
3013756,0.08354412851615876
3013757,28.37110988420041
3013758,5.573365683836478
3013759,0.20778445908087612
3013760,3.711235331097801
3013761,2921.517446217384
3013762,0.003178065056192406
3013763,361.9317503871928
3013764,5.281356697071401
3013765,1120.9896822154851
3013766,665.3218276331565
3013767,451.81010646621553
3013768,70.96579266219308
3013769,63.373820633055274
3013770,4096.08345775058
3013771,9.600107760851692
3013772,0.5325144836209371
3013773,17.81577699931154
3013774,12.000548181554018
3013775,0.06124442887164781
3013776,239.26658136062235
3013777,2.054283776239174
3013778,5.158979740422574
3013779,3.082387930359561
3013780,36.82926274186404
3013781,1.2115372288690145
3013782,212.32218137270638
3013783,261.52035630834087
3013784,2.967579670508589
3013785,5.153384265470033
3013786,226.60117641510956
3013787,54.66648692430453
3013788,750.4765889524078
3013789,69.05108730140563
3013790,9.254541735585573
3013791,7.974221985578924
3013792,0.39990056225193926
3013793,3.2269833598571114
3013794,2480.5352051306145
3013795,0.0033414964054849948
3013796,357.5521110105464
3013797,6.443636284072272
3013798,1186.634974289772
3013799,621.7513274440671
3013800,234.97542884104388
3013801,193.0743348891935
3013802,73.62082250490573
3013803,3254.952715758869
3013804,11.374391847606422
3013805,0.5958468416440547
3013806,25.54957881422701
3013807,29.503400131985412
3013808,0.17478417005390345
3013809,236.29476009102484
3013810,2.85086805150081
3013811,2.567539681038974
3013812,7.370905981977699
3013813,61.250621235527845
3013814,1.8424988222038952
3013815,100.48001032628494
3013816,216.0723176583206
3013817,2.258280207314537
3013818,5.565368406588269
3013819,147.26482506961463
3013820,119.5237905602173
3013821,1020.1003074220969
3013822,0.9478615115680622
3013823,4.2642644385764195
3013824,3.735181943358346
3013825,0.17686297638652798
3013826,1.732078074907724
3013827,1634.1265502953756
3013828,0.0032391743208040804
3013829,112.20519012150791
3013830,6.332706916558545
3013831,571.1856962711638
3013832,356.3253196551957
3013833,128.76400840564523
3013834,43.067450084203394
3013835,49.38070400775868
3013836,2119.990964492944
3013837,6.823358970523141
3013838,0.8628056336592224
3013839,24.221638022784163
3013840,15.811127845656555
3013841,0.06768318176779811
3013842,148.3634211633621
3013843,0.47858783528154014
3013844,0.0056698936346675
3013845,4.136066609984372
3013846,45.914259469911286
3013847,2.337183266399147
3013848,83.01464220374011
3013849,134.83871479368344
3013850,0.9761299853179909
3013851,4.927138896949138
3013852,139.9806528868632
3013853,29.014948206699685
3013854,412.09536635061085
3013855,4.590859655161119
3013856,1.5789623178198333
3013857,2.1114869159375838
3013858,0.0032921322446918967
3013859,3.4752225096583804
3013860,1201.4165240416137
3013861,0.15067026765974545
3013862,250.37847593831222
3013863,9.490256311194461
3013864,519.8019417891206
3013865,480.88645460414045
3013866,112.76340289495096
3013867,42.78422160450718
3013868,62.3427046357986
3013869,1955.6991197995524
3013870,22.378079305588976
3013871,0.3601767782285568
3013872,9.11678234611917
3013873,14.874600831833602
3013874,0.25988745588964757
3013875,108.08759758397791
3013876,11.125190185770508
3013877,1.3492790172372942
3013878,2.8855119845538777
3013879,50.86035217962117
3013880,3.91898589394204
3013881,489.86139514452464
3013882,141.54089288145667
3013883,3.3940044772884845
3013884,4.692643417548949
3013885,289.69355647401505
3013886,32.23056702511584
3013887,1440.4065742451767
3013888,0.05706055461328109
3013889,8.600872229893927
3013890,2.7171960662356534
3013891,0.111142946077371
3013892,4.212286180059682
3013893,3439.713309694521
3013894,0.05384548005650395
3013895,782.9906716465424
3013896,14.900782410327679
3013897,1167.6465974869711
3013898,1296.946991168589
3013899,254.2716719912827
3013900,212.93166650055568
3013901,165.61214148208722
3013902,3923.1159098374965
3013903,27.490999368446516
3013904,1.0054707361746003
3013905,18.73597597940582
3013906,36.88994584501806
3013907,0.10539829297029589
3013908,226.17614136240405
3013909,11.396490286846205
3013910,38.60270055769946
3013911,8.909960429641991
3013912,81.49149307544043
3013913,11.258676921397692
3013914,363.9969267239824
3013915,267.8680710521334
3013916,15.75265551153733
3013917,9.363260358210244
3013918,476.2732948975207
3013919,110.61669674435305
3013920,5968.203251779898
3013921,0.09539780956347618
3013922,27.43960646403147
3013923,2.679818127640427
3013924,0.06363657491663861
3013925,2.880428786993935
3013926,1807.617206477676
3013927,0.03246809928711579
3013928,338.79197420915426
3013929,5.975435477992891
3013930,366.10100457871437
3013931,496.5412407274106
3013932,127.15467347680945
3013933,107.5461317362749
3013934,86.888790359142
3013935,1516.494329927507
3013936,15.897535323024085
3013937,1.0316332580348675
3013938,19.2982828158182
3013939,13.72987486841335
3013940,0.07284162358814608
3013941,81.86070889238525
3013942,0.0037894746046509293
3013943,29.324811730981388
3013944,4.406829743731421
3013945,124.62455887058238
3013946,6.701153894596559
3013947,193.93520783939158
3013948,103.96805680889051
3013949,3.9912341132397184
3013950,5.124031381686532
3013951,150.3909228782867
3013952,38.56822437977955
3013953,2140.3043522600233
3013954,0.8056745647192806
3013955,4.369341793624736
3013956,3.485685573101386
3013957,0.0324368635136182
3013958,0.6082563906878313
3013959,776.5165073409181
3013960,0.0047972413179518695
3013961,202.0077660231843
3013962,4.600419497501131
3013963,302.87329129095195
3013964,217.90587315707134
3013965,69.92617615230054
3013966,29.23070106308153
3013967,39.77366394468325
3013968,1291.511887823504
3013969,5.889980068185035
3013970,0.7424182965968465
3013971,8.551932745478483
3013972,7.686573947122936
3013973,0.2625648830950433
3013974,58.06507121468559
3013975,0.33788934518301567
3013976,5.045629095169729
3013977,1.4542451564876488
3013978,28.290901985646755
3013979,0.25012567904026844
3013980,209.50842626862558
3013981,123.01310188013015
3013982,1.8817865711673407
3013983,1.434635693216261
3013984,119.46146239519983
3013985,20.007268839499094
3013986,941.8542124654766
3013987,0.63267429282023
3013988,2.4354818390973643
3013989,5.483333909941845
3013990,0.2369068703922818
3013991,3.836162168580231
3013992,2761.0098822363907
3013993,0.10451047093159653
3013994,593.1523924273962
3013995,13.752729223627473
3013996,756.9143171432124
3013997,889.7167884578835
3013998,257.252266269943
3013999,197.66210338696607
3014000,101.95192190271105
3014001,3252.0479153581155
3014002,26.047130026191407
3014003,2.499426994316209
3014004,19.70502632678251
3014005,25.68370289241771
3014006,0.2038946734649362
3014007,189.1700946176933
3014008,5.75653489396959
3014009,39.31442804073838
3014010,8.55268901778419
3014011,104.88421106579064
3014012,3.7685864606464117
3014013,251.3040478384113
3014014,219.0817583680418
3014015,8.849312037218331
3014016,8.325898771177426
3014017,337.7315775140125
3014018,70.02672690892369
3014019,3929.240876857618
3014020,0.9237318532113403
3014021,16.415039045319823
3014022,5.259158771573725
3014023,0.028466767717199998
3014024,2.311839474351779
3014025,2653.333971548166
3014026,0.0034020592113481636
3014027,469.6468328947485
3014028,10.493646652036237
3014029,906.7068831603059
3014030,747.9925196180029
3014031,266.6802023469204
3014032,181.6947323740683
3014033,61.60201456739388
3014034,3877.8478210699714
3014035,11.261153250918648
3014036,0.875948237290271
3014037,27.6907081196508
3014038,14.132264934884327
3014039,0.6806121386041081
3014040,196.28863685348873
3014041,0.004163191515103219
3014042,5.0801438548376865
3014043,5.066392724111803
3014044,63.07081917399977
3014045,0.9754199043836557
3014046,154.91484975121017
3014047,251.53350123358058
3014048,3.9723058988882256
3014049,4.209519146161594
3014050,168.5409124970252
3014051,63.31942256460538
3014052,1127.960558206764
3014053,2.445378925214281
3014054,4.397793675871411
3014055,4.963998911443733
3014056,0.4716994995337922
3014057,3.22289433596811
3014058,2559.995511115879
3014059,0.0035226624800833283
3014060,486.0991600654676
3014061,9.199891206759737
3014062,760.814928392866
3014063,676.8740820279443
3014064,213.42350481927033
3014065,163.35006917731084
3014066,59.40914821425827
3014067,3305.8561427023924
3014068,10.89531301936325
3014069,1.0986606157723364
3014070,21.84230255758726
3014071,15.666725847716307
3014072,0.0691628438220989
3014073,194.4902803531399
3014074,0.0042793473185169534
3014075,4.994132013980457
3014076,4.086401685983697
3014077,65.07337590356171
3014078,1.263861611189211
3014079,97.14136206289346
3014080,190.27362184059933
3014081,3.5581740873165972
3014082,4.382321685900677
3014083,148.28438748882908
3014084,57.04190628342949
3014085,905.3294710247678
3014086,1.698342638620442
3014087,5.424246758134692
3014088,9.004110481845798
3014089,0.935798369763927
3014090,13.029407129483426
3014091,7066.679063048694
3014092,0.08009297639935602
3014093,1193.815422538613
3014094,34.23157942562134
3014095,1777.983307165134
3014096,1956.6910598134662
3014097,325.39997901426824
3014098,413.0071766249173
3014099,297.863466772965
3014100,6986.956657849235
3014101,67.49332641435512
3014102,2.609513023634536
3014103,52.77152319737953
3014104,47.233636843637406
3014105,1.6882970662870118
3014106,428.7676545001923
3014107,34.92095815667917
3014108,54.841038335149285
3014109,22.05902595870007
3014110,185.16065406383723
3014111,21.49926362197052
3014112,628.9803017776802
3014113,449.4564068309484
3014114,16.5929499796993
3014115,24.281994721671055
3014116,974.3559250400423
3014117,232.72079506862644
3014118,10129.50692796169
3014119,1.0192245904787545
3014120,80.994329976119
3014121,3.054369396024366
3014122,0.23859196514347325
3014123,0.6673406949106491
3014124,1397.4997255353924
3014125,0.0033561754669452094
3014126,154.74072390007296
3014127,4.488815649544691
3014128,489.04058443030965
3014129,284.3828654056665
3014130,102.41459793187676
3014131,107.5436430539691
3014132,45.252240414465334
3014133,1793.6667448802782
3014134,4.793199556022653
3014135,0.5275267757303364
3014136,12.905697424052416
3014137,7.173746825876202
3014138,0.13766013562962057
3014139,137.9321044920105
3014140,0.4710921661639014
3014141,0.00449334597980228
3014142,3.019306752052658
3014143,39.78423197611667
3014144,0.7471719402972343
3014145,51.1349815985244
3014146,96.19959400038118
3014147,1.6753856695276463
3014148,4.0285560134057
3014149,91.34386231287148
3014150,19.717286660522028
3014151,452.60380836548734
3014152,0.330483609600837
3014153,3.9757880831853587
3014154,7.493513108395786
3014155,0.42268912250200835
3014156,2.017315781457725
3014157,2919.112715107559
3014158,0.0030741775069166085
3014159,436.73883123262647
3014160,8.314406920492416
3014161,961.471829849098
3014162,666.2287152252654
3014163,193.99051670121352
3014164,232.7060267154828
3014165,78.7691341019745
3014166,3616.379851632365
3014167,11.58318932940409
3014168,0.5466916176550357
3014169,18.346341814186047
3014170,16.97077525933704
3014171,0.1149729558070316
3014172,209.74173083703744
3014173,1.066459494233427
3014174,4.723712855644402
3014175,8.308947863423047
3014176,22.68895208833095
3014177,1.0471305520365144
3014178,251.82435342344831
3014179,227.9580448366824
3014180,3.413984469784599
3014181,5.77505317940153
3014182,104.72223612109886
3014183,56.90772559738143
3014184,947.5257386044646
3014185,1.6491725344118535
3014186,4.798597217699283
3014187,1.571946436438405
3014188,0.053001741092014894
3014189,0.8233451759117796
3014190,979.3866759799038
3014191,0.0030710984547287013
3014192,106.81034489945326
3014193,3.3297894077951455
3014194,539.255229828675
3014195,173.92667977121636
3014196,76.66518313934547
3014197,151.04417435074873
3014198,17.962813204634372
3014199,1660.617973822953
3014200,1.4568781335810312
3014201,0.422874528466027
3014202,8.107322458853444
3014203,3.474720993886728
3014204,0.20794071366920405
3014205,71.99852470184815
3014206,0.0038769848807795786
3014207,0.005612700880694265
3014208,1.3727134414864166
3014209,28.83478762409896
3014210,0.20423766596015805
3014211,56.72644001396845
3014212,79.77790204203737
3014213,0.4178098481741158
3014214,1.3256078684685368
3014215,48.536727577156604
3014216,10.796182280601153
3014217,156.53950464297938
3014218,0.10722279288884394
3014219,1.7440986468963944
3014220,6.0466899215463545
3014221,0.07666125444667657
3014222,1.7288379426461207
3014223,1806.0897120777413
3014224,0.0031840581821739765
3014225,208.47231245248554
3014226,7.428643316467687
3014227,773.8421746962229
3014228,421.4890337285688
3014229,155.91105718847123
3014230,135.63514909605396
3014231,53.89578862128348
3014232,2575.2824336021868
3014233,3.3952587281178657
3014234,0.5483537921429363
3014235,28.81787053502292
3014236,15.854000926325234
3014237,0.22460241424019906
3014238,177.953836240447
3014239,0.0040397009105350885
3014240,0.021709764688767546
3014241,11.232486471766427
3014242,38.01201461645291
3014243,1.4209429689649917
3014244,201.67600632107494
3014245,194.11189982317842
3014246,1.705753584332477
3014247,3.704753512409154
3014248,186.0633688957957
3014249,29.720160770409944
3014250,1036.5676685615963
3014251,0.11379300499964082
3014252,0.9954099897120072
3014253,3.28903491816091
3014254,0.36825372146219193
3014255,3.04246753136709
3014256,2227.5378847328593
3014257,0.0032426633826652704
3014258,614.4177182125131
3014259,8.01822612447177
3014260,753.5272255183816
3014261,633.0779476870903
3014262,196.02900505575425
3014263,99.08965430161317
3014264,77.82955284989455
3014265,3450.9450713748065
3014266,6.816876728950704
3014267,2.723060719038565
3014268,25.367839720858232
3014269,32.41399112749108
3014270,0.17841204406367409
3014271,180.3572162268468
3014272,2.0992342178757553
3014273,3.9033208722595654
3014274,4.75648024080793
3014275,35.4138418700761
3014276,2.0869708047585545
3014277,150.855898172837
3014278,242.1940422128535
3014279,2.9030198312463864
3014280,5.517684786004436
3014281,118.76044831923262
3014282,28.180755719156814
3014283,557.289352159896
3014284,3.7134132405298708
3014285,2.651739229687661
3014286,3.8544808520226947
3014287,0.05567239893147514
3014288,0.5073774733621939
3014289,1369.2218309065413
3014290,0.0033433032635445557
3014291,100.7343438952559
3014292,2.7692623576141036
3014293,436.51608988066823
3014294,170.6577029874088
3014295,80.89640161652775
3014296,116.50723085303967
3014297,38.33441614399688
3014298,1617.2802526433074
3014299,4.512740732826582
3014300,0.62468113303247
3014301,8.35268550467119
3014302,5.550284031646458
3014303,0.1819577138644702
3014304,71.1050829883809
3014305,0.00423344126130823
3014306,0.005670390332530748
3014307,0.6016879107395825
3014308,33.15413890206071
3014309,0.582351087723134
3014310,143.6984989914553
3014311,74.77220948020243
3014312,0.731688708370483
3014313,1.102100370261714
3014314,36.47957128871545
3014315,17.35586159422661
3014316,287.11151246694874
3014317,0.14858341631173208
3014318,0.8988197495105619
3014319,4.366987758750596
3014320,0.03438953533336055
3014321,1.0743917824440046
3014322,3248.150406575826
3014323,0.0034632512429617606
3014324,481.4613498694606
3014325,8.573885479503625
3014326,783.3313014021115
3014327,623.1204317059087
3014328,173.36369623512917
3014329,112.85713195743296
3014330,75.87588753882696
3014331,3260.353641492203
3014332,7.189132597432787
3014333,0.4627991699035927
3014334,36.442656565240185
3014335,9.684355054132546
3014336,0.11476660414011039
3014337,184.82228730046666
3014338,0.024972392684621012
3014339,15.562151454420091
3014340,3.570914593132864
3014341,63.43411786492132
3014342,0.9476425245493462
3014343,193.43718408220548
3014344,197.6589942568655
3014345,3.2331745199688546
3014346,3.450913141883436
3014347,103.81996180361878
3014348,40.63652332767925
3014349,1112.3783971905762
3014350,1.7498439647950534
3014351,1.2469536891345525
3014352,3.7778222799806063
3014353,0.0320497152543481
3014354,7.032336867634126
3014355,2571.302581660879
3014356,0.05006474321184776
3014357,556.8215109086642
3014358,7.166787834015701
3014359,980.6245778310844
3014360,872.957559183047
3014361,150.51464863913742
3014362,120.44283650687062
3014363,117.87694593338423
3014364,3373.6224957077848
3014365,39.013228093720215
3014366,1.6133904426735424
3014367,27.409222080049588
3014368,27.538844204017018
3014369,0.24379557496839616
3014370,192.07001791065082
3014371,19.39885445898244
3014372,28.01715748636234
3014373,2.589434522952106
3014374,90.67922440591512
3014375,8.821638998465364
3014376,209.6569471127246
3014377,250.75038317692116
3014378,10.712563175279023
3014379,11.35894419512212
3014380,228.4749577443202
3014381,87.10827208055179
3014382,4069.7556086984546
3014383,0.09474573050670072
3014384,13.472213040473187
3014385,4.919344570764001
3014386,0.011857758706791087
3014387,6.80910082094443
3014388,2129.4793549985743
3014389,0.03731198807657575
3014390,446.56924930248044
3014391,11.608656207269279
3014392,825.2941262947893
3014393,752.3056169659787
3014394,136.20062904108374
3014395,75.86808623742604
3014396,124.97829152021464
3014397,3207.8171007888877
3014398,24.64945513271041
3014399,1.1981201992248973
3014400,34.51757053500621
3014401,26.18734794192979
3014402,0.05412952104101992
3014403,256.8279014009396
3014404,18.91024440962717
3014405,17.247434928268703
3014406,9.810134903759074
3014407,99.30037236769996
3014408,9.35939731470772
3014409,156.26710054067695
3014410,306.8824374098377
3014411,6.831271673272353
3014412,9.31886042298362
3014413,119.00516945584255
3014414,86.18106812594434
3014415,2993.2381334202564
3014416,2.0039638632493126
3014417,14.670096683569675
3014418,7.810326841439913
3014419,0.2604736192296842
3014420,3.956113831114401
3014421,2936.2676717749036
3014422,0.003487719409404862
3014423,598.3880800014729
3014424,5.629304957039396
3014425,1422.3976062898485
3014426,596.4316506547327
3014427,156.19572933633196
3014428,291.6544544128486
3014429,56.74831120336362
3014430,4235.598768602131
3014431,24.688570527562852
3014432,1.4829976789134722
3014433,21.893269952750877
3014434,17.069743888677003
3014435,0.15754702976533969
3014436,276.5415850300233
3014437,4.546447943381878
3014438,11.49482456673676
3014439,7.397936394439233
3014440,44.40606635004596
3014441,3.566572521510098
3014442,137.85866063888713
3014443,260.9745824602882
3014444,5.414513754209397
3014445,8.141151698053282
3014446,171.0453860039354
3014447,51.45355859192513
3014448,1236.6215648004293
3014449,16.446111284896062
3014450,11.587770655585757
3014451,4.000301458731295
3014452,0.023477885187100974
3014453,5.10718559201236
3014454,2122.3424671247258
3014455,0.0682209088435057
3014456,356.5657640709409
3014457,6.678853991377419
3014458,750.9478987159098
3014459,764.93224968508
3014460,178.88019258449825
3014461,122.02617931602383
3014462,89.64351255692698
3014463,2966.256480963511
3014464,21.95193497010552
3014465,1.1914709917094635
3014466,18.011112264507833
3014467,10.939103427793503
3014468,0.244403249884823
3014469,162.66035849920917
3014470,16.09882831518407
3014471,22.725848389892292
3014472,2.6575885692222005
3014473,64.59420534383992
3014474,6.551225233931622
3014475,311.8535826717571
3014476,208.47903960907593
3014477,5.762150149472973
3014478,8.124851924903744
3014479,339.2793141915617
3014480,61.252031565489595
3014481,3068.4106208139
3014482,0.22288217273045122
3014483,24.356681846290186
3014484,3.1875185515963107
3014485,0.3253329324942085
3014486,2.0015433587321025
3014487,4305.790947041247
3014488,0.003307195827388876
3014489,371.1010350800397
3014490,9.197819639720278
3014491,1588.6844527916255
3014492,649.2580720813438
3014493,232.79329730870958
3014494,147.99186999350388
3014495,63.0991175240307
3014496,4766.158232331491
3014497,9.909894637047557
3014498,1.6299793309342943
3014499,27.698970673807334
3014500,21.594671614883882
3014501,0.17380067550969402
3014502,308.3620334503312
3014503,0.004197301025067042
3014504,0.14952550293963676
3014505,7.7283848430738065
3014506,38.54181618123258
3014507,1.98680837794318
3014508,117.99300004026006
3014509,273.1809046708235
3014510,2.9221133717463976
3014511,8.699378259224494
3014512,158.9084320347374
3014513,48.36788340032305
3014514,936.7742925292719
3014515,0.7089754846051929
3014516,4.37969428785314
3014517,6.1223022720201685
3014518,0.05811166204687586
3014519,7.099361986243058
3014520,2199.1439974176974
3014521,0.03684640647645683
3014522,426.75474131379644
3014523,9.865280035532036
3014524,870.5717512432985
3014525,672.9661199324958
3014526,182.55755955047104
3014527,108.14989026983216
3014528,125.39195931150618
3014529,3160.447529151946
3014530,26.381950920416706
3014531,1.160023184882453
3014532,22.339545548130182
3014533,26.814014277746537
3014534,0.11341416993731177
3014535,199.99085639293108
3014536,12.755729418347133
3014537,19.849079642093464
3014538,7.67641378624648
3014539,64.08432077607159
3014540,9.88909638115722
3014541,169.77140767242332
3014542,287.56202704038964
3014543,10.020030877701872
3014544,8.145522142744893
3014545,159.46060755316785
3014546,57.322880362613
3014547,2740.2500421939267
3014548,0.6046627147032573
3014549,6.494641159046773
3014550,2.9611209812831962
3014551,0.014106135089904034
3014552,4.756508315023762
3014553,2237.118843215525
3014554,0.07653143627777183
3014555,377.5661944725858
3014556,8.348006491042316
3014557,609.527453911997
3014558,692.0820343580114
3014559,153.47650281102892
3014560,98.81128186796154
3014561,92.03038430278617
3014562,2482.1374133809913
3014563,25.897682298426588
3014564,0.8945601860857194
3014565,20.860802856003858
3014566,18.90337485525432
3014567,0.10492434023806647
3014568,165.04260216666694
3014569,11.512773878670117
3014570,38.60144866934671
3014571,6.91382209717784
3014572,59.03446288903546
3014573,8.295294934283396
3014574,183.0734942496519
3014575,181.41269868658975
3014576,7.949763038482253
3014577,7.614136491347736
3014578,194.19324969766066
3014579,46.345366537323116
3014580,3043.6044699800277
3014581,0.41034088623645365
3014582,12.165014377159366
3014583,6.163714789471
3014584,0.07869267658156218
3014585,4.0339955786463655
3014586,4020.7879365749714
3014587,0.0034451024555943364
3014588,466.1502843359574
3014589,9.962475771599044
3014590,1028.1739256171377
3014591,640.095451058314
3014592,239.2559855624598
3014593,177.14888377470803
3014594,58.81959990362812
3014595,3889.9065147595284
3014596,8.562772659382276
3014597,0.5327235397995973
3014598,18.16068277963724
3014599,18.569016710716696
3014600,0.11634655352005353
3014601,198.33751243666916
3014602,0.004210439904796194
3014603,5.643986994790164
3014604,2.139304062834113
3014605,56.62162477264332
3014606,2.7841129693977185
3014607,166.03999457686416
3014608,234.7751108103971
3014609,2.620766106038664
3014610,2.6686300751866634
3014611,185.69056818039326
3014612,99.85460733116366
3014613,990.9583774298228
3014614,2.0610641542886943
3014615,0.7870366384036392
3014616,14.080870400854234
3014617,0.003235826519550133
3014618,13.550605484691408
3014619,7848.842498121853
3014620,0.07709308287862315
3014621,1402.20726275905
3014622,24.412996797518183
3014623,2172.7183057391144
3014624,2267.049337808111
3014625,446.7038253650573
3014626,509.07124757232486
3014627,369.3166919208524
3014628,8316.581487148744
3014629,74.53720598121332
3014630,4.028474418593724
3014631,102.9457523979363
3014632,96.33487007959377
3014633,1.4813380369268827
3014634,522.557084649596
3014635,32.39385162598893
3014636,24.433579882388372
3014637,57.34545527980592
3014638,286.25857983302467
3014639,19.966064126051005
3014640,702.6781416543806
3014641,495.44799135085134
3014642,31.13512213644518
3014643,32.397466143146204
3014644,994.2238008359843
3014645,306.96328704741626
3014646,11794.741907433881
3014647,279.9713841349854
3014648,88.94736063109048
3014649,13.77618956064283
3014650,0.0030697966191264945
3014651,12.62587429110002
3014652,7122.842967714963
3014653,0.0892683980320738
3014654,1113.5803565968529
3014655,25.490200004545155
3014656,2062.214692201739
3014657,1913.5079886374378
3014658,525.7856610822914
3014659,309.99245670882533
3014660,294.65844631702987
3014661,8534.315068237996
3014662,77.55792399471039
3014663,1.4745948500339054
3014664,62.99284381623985
3014665,74.67056006562439
3014666,0.9651935977974356
3014667,499.0181525928466
3014668,20.77012107887484
3014669,31.300210630984218
3014670,12.056989154217339
3014671,165.67790009359592
3014672,16.437732178931544
3014673,855.8756561452876
3014674,559.739869225696
3014675,19.434951591721457
3014676,23.544811354364548
3014677,1032.5085199288649
3014678,220.892034212601
3014679,7907.318193857485
3014680,286.82986383292143
3014681,70.92428357150028
3014682,10.74944240470232
3014683,0.002921354351508288
3014684,17.642471982790912
3014685,4282.927850532628
3014686,0.10893788153069069
3014687,712.5221727596847
3014688,13.597665866847334
3014689,1777.0944183578868
3014690,1196.6451774039388
3014691,574.2742588503173
3014692,106.06759482803868
3014693,220.98390544442378
3014694,6940.417497677242
3014695,36.144540385425614
3014696,2.4211806749231943
3014697,44.502490358396535
3014698,28.780384813442648
3014699,0.7550406587840136
3014700,465.30425816774164
3014701,31.34294548727838
3014702,32.91697376531377
3014703,8.98876483589811
3014704,99.62229035268017
3014705,8.805148180699609
3014706,830.5555158424975
3014707,564.0481486257487
3014708,20.499490892805113
3014709,31.610927775129866
3014710,624.2137403371783
3014711,107.90827285941393
3014712,3252.1151037448954
3014713,245.32761134516178
3014714,37.20307820224013
3014715,13.473677201251089
3014716,0.002951380510237748
3014717,18.78675508890374
3014718,6588.019113570122
3014719,0.09542093651836847
3014720,1004.9787060180536
3014721,18.31348313039327
3014722,1813.7681032715905
3014723,1763.6912641843007
3014724,505.86340118428313
3014725,275.20248717188264
3014726,222.5274832785784
3014727,8137.22589713491
3014728,44.894128656191924
3014729,1.5119736954123566
3014730,70.40496658124293
3014731,58.13831275406707
3014732,1.157518159533935
3014733,478.6898759129266
3014734,23.701938308139702
3014735,37.389980442190684
3014736,25.74722166093209
3014737,155.88940268065537
3014738,11.809623911199063
3014739,667.5026650040141
3014740,566.5911621590348
3014741,18.405391131528912
3014742,23.406469100996983
3014743,860.9733491343704
3014744,192.52466901729792
3014745,7200.962318626423
3014746,278.78018719773354
3014747,58.89610033357998
3014748,10.541914299060227
3014749,0.002921354351508288
3014750,16.3141925015406
3014751,3386.325133903706
3014752,0.03413129118192648
3014753,620.8804496893189
3014754,15.610224763956193
3014755,1597.1849578604742
3014756,939.4210212791573
3014757,466.2822318813736
3014758,80.43599513032042
3014759,157.15229923339757
3014760,5704.171468163089
3014761,31.05053886614279
3014762,0.47381571501659014
3014763,30.80152667758467
3014764,30.12182596145906
3014765,0.27496810861452725
3014766,424.3568810473237
3014767,15.809819040200177
3014768,11.012632652851416
3014769,12.7767950929055
3014770,89.38888509751361
3014771,4.93915498310266
3014772,630.7282478248333
3014773,556.7081345354403
3014774,14.002247290519135
3014775,17.16680477163336
3014776,589.7858608348638
3014777,76.77468358964089
3014778,2320.065723267471
3014779,295.07888379199954
3014780,19.63557010046855
3014781,10.076108001374763
3014782,0.003153913639170585
3014783,12.495229773233246
3014784,6256.237177788984
3014785,0.0714490863246846
3014786,1116.7496749488794
3014787,25.73078125956851
3014788,1582.7299021177678
3014789,2004.9810236118606
3014790,341.8666691732942
3014791,382.1956656701771
3014792,291.559045235379
3014793,6449.243817438598
3014794,61.507246789858435
3014795,1.658087774013683
3014796,47.74201961336539
3014797,47.70908375400439
3014798,0.7435446341915419
3014799,373.8161933528962
3014800,14.097025932510961
3014801,31.232572266799558
3014802,13.709064113631467
3014803,196.5536559730878
3014804,15.929008584431735
3014805,601.8323791480801
3014806,443.6564704636144
3014807,15.624519201388235
3014808,26.71574839873733
3014809,760.8136556807694
3014810,210.7859401707391
3014811,10285.29218313102
3014812,220.99971337527415
3014813,69.44138939258733
3014814,5.404142264751518
3014815,0.33740790980117236
3014816,5.5182003310664305
3014817,1688.4738257443385
3014818,0.038940439715387035
3014819,341.3778522898069
3014820,20.885056497493913
3014821,784.5215844726338
3014822,506.2040471602613
3014823,203.35877434597046
3014824,75.16304910801163
3014825,88.68788839568637
3014826,2606.3092268700443
3014827,23.351941193254987
3014828,1.1891883995135488
3014829,23.793490633044293
3014830,23.099317536358363
3014831,0.12642178536238857
3014832,169.23451027584076
3014833,10.541880922058319
3014834,7.655182666632355
3014835,11.657389686340249
3014836,53.6737125158935
3014837,6.790749791553327
3014838,210.47016008919596
3014839,225.18873446347317
3014840,3.339334183956809
3014841,6.421275871914965
3014842,201.2450548663217
3014843,57.8807593172739
3014844,2023.099862573258
3014845,0.7607021149126578
3014846,9.05844523849011
3014847,9.504790122201282
3014848,0.002997136107213424
3014849,11.403118726757038
3014850,3479.15292231171
3014851,0.06909367311775856
3014852,534.635632443414
3014853,32.80085168026153
3014854,1304.5416389496256
3014855,926.6138254075391
3014856,365.97634084629783
3014857,82.55509017739725
3014858,136.91428192420278
3014859,5146.5157146739575
3014860,52.25104175184362
3014861,1.6356832994419785
3014862,51.01419179608666
3014863,35.94271018592653
3014864,0.2551955523510617
3014865,280.88707804283325
3014866,14.265171717893256
3014867,10.505432261241697
3014868,4.084313480735835
3014869,115.76777796896822
3014870,8.2689252016445
3014871,492.77293486584904
3014872,427.16435209607096
3014873,9.63535245588344
3014874,19.25518234682452
3014875,334.46807140988983
3014876,83.61111936464059
3014877,2496.751297570233
3014878,263.0695431575507
3014879,17.09057852484752
3014880,6.292349763177345
3014881,0.0027372362922859
3014882,6.072375282575716
3014883,4634.790594994968
3014884,0.05205625688843172
3014885,854.5451271850352
3014886,9.862865495111018
3014887,1372.625873347028
3014888,1521.9067989200933
3014889,236.19378279535522
3014890,301.64262751203717
3014891,236.6968559283444
3014892,5028.002100680566
3014893,37.68613407144134
3014894,1.7368328120228638
3014895,28.334618547824693
3014896,45.44743252732807
3014897,0.575062123544639
3014898,272.4586219803511
3014899,2.6625667806563604
3014900,44.837804121388686
3014901,4.966338939062889
3014902,121.72944664604253
3014903,9.631384605089162
3014904,513.3129902994468
3014905,278.0335341274142
3014906,16.725479125489223
3014907,9.99911380269885
3014908,702.6991816441159
3014909,129.15450526026663
3014910,7801.881534812808
3014911,3.207788813832688
3014912,49.44651461909665
3014913,8.18651434861305
3014914,0.003926557660233846
3014915,7.7114186011574315
3014916,3990.8471661317353
3014917,0.003940469209579281
3014918,794.429350215968
3014919,10.35191526196065
3014920,1293.6898296955737
3014921,1046.220307433786
3014922,288.6087219542647
3014923,200.1009800284241
3014924,247.60704279864507
3014925,4919.207001136583
3014926,35.35491931302243
3014927,2.8695755866724513
3014928,42.587759487460545
3014929,38.92826559372686
3014930,0.13381573077083286
3014931,290.5068180161279
3014932,7.659874842906247
3014933,61.56870252121037
3014934,8.289500242755373
3014935,189.16474730294257
3014936,9.935653178779745
3014937,361.6277722315074
3014938,300.51946574803833
3014939,11.620356967526117
3014940,23.229299803039336
3014941,382.60913757374476
3014942,115.1134504983401
3014943,7050.84287067488
3014944,4.6093882357462475
3014945,8.234968510214452
3014946,7.173543215952046
3014947,0.052257680809561356
3014948,4.687530854189143
3014949,1971.8066522617414
3014950,0.032052846800415646
3014951,421.96706100285945
3014952,6.643788023666147
3014953,800.5419855184365
3014954,507.5023104837694
3014955,197.85478384696452
3014956,78.76476824945743
3014957,93.68413601487697
3014958,2523.2499556032935
3014959,14.259970333480418
3014960,1.2474867215198855
3014961,22.632104987151894
3014962,21.711068959727648
3014963,0.11872523413737424
3014964,171.05089453734223
3014965,4.88873686202633
3014966,12.766062349761112
3014967,5.870468400876217
3014968,77.23233216273388
3014969,4.07895244881659
3014970,224.20813410775455
3014971,202.82348273829533
3014972,4.185504342251008
3014973,6.407186009130694
3014974,161.53082843971333
3014975,62.998409785446114
3014976,2885.478725093924
3014977,0.41285512977575894
3014978,4.127856823751822
3014979,6.034684910966768
3014980,0.08033367725727603
3014981,0.6918434919954071
3014982,2507.1059750439194
3014983,0.0033515081981621737
3014984,197.85289339509123
3014985,4.376642839737069
3014986,829.4901711661605
3014987,237.73980474129985
3014988,166.65927321112923
3014989,56.81738813657722
3014990,27.189057165164247
3014991,3017.2461632518725
3014992,10.529584053715377
3014993,0.8537871598365212
3014994,17.218805801385585
3014995,9.750914875449851
3014996,0.15828156236787866
3014997,174.2567725100693
3014998,0.004238535702508582
3014999,0.004478417807980445
3015000,4.0465757234994495
3015001,30.95375245531345
3015002,0.9169956505959242
3015003,40.70136979509189
3015004,151.0556217950799
3015005,0.09607159122839405
3015006,2.1027795019663094
3015007,51.22869456718732
3015008,70.73025547492003
3015009,523.3530452628842
3015010,0.11312725917254415
3015011,2.4181640595599236
3015012,5.984782239641754
3015013,0.009066270008546665
3015014,6.355058699149339
3015015,2838.0164953961153
3015016,0.03196023543399033
3015017,504.231391758801
3015018,10.979683410214314
3015019,1081.6505434823212
3015020,873.6602961336121
3015021,282.0230916683749
3015022,151.20814743521868
3015023,136.25115878626204
3015024,4352.395587545906
3015025,30.04454336281597
3015026,0.9867415236177548
3015027,24.477431155517817
3015028,43.08688397380451
3015029,0.09874919159444667
3015030,238.3634580539919
3015031,18.917592942902836
3015032,25.95748979728299
3015033,17.264079456770244
3015034,69.45179901393207
3015035,6.3240061439706325
3015036,368.9790329155237
3015037,293.8941402045098
3015038,8.444603025028577
3015039,12.83101733578752
3015040,474.7419657923889
3015041,95.53088451181988
3015042,3628.0517550922186
3015043,0.07600283636907484
3015044,34.02682707844167
3015045,4.787013141338108
3015046,0.04407239921339382
3015047,6.447270568954175
3015048,4240.621427231547
3015049,0.19145048872434287
3015050,675.1850309623056
3015051,15.268788060872529
3015052,1083.6218089516806
3015053,1375.5319707283875
3015054,171.17545428837778
3015055,271.8382940046614
3015056,188.33745861336033
3015057,4200.036493816837
3015058,35.75438600612821
3015059,2.553175975082129
3015060,30.792381765558737
3015061,34.210887979852885
3015062,0.8403594921701248
3015063,220.66470031275034
3015064,11.939121516979268
3015065,45.01840453802238
3015066,10.531381952469975
3015067,124.0059052432056
3015068,12.383179565506573
3015069,418.2315548269186
3015070,239.4272854045629
3015071,6.493296016236834
3015072,12.787036403815673
3015073,608.2188476899782
3015074,146.6725790517468
3015075,6958.971847538141
3015076,0.4194475719309611
3015077,46.99199717561838
3015078,4.448547601481265
3015079,0.3898038280832938
3015080,9.480751559787752
3015081,4145.033090727969
3015082,0.0604216836279559
3015083,789.1540379087785
3015084,18.696651458502018
3015085,1190.8133797741498
3015086,1360.8786523434783
3015087,242.2592352920316
3015088,278.20369038237106
3015089,154.31309646296756
3015090,4509.858996681704
3015091,35.63324004019338
3015092,2.8395849049103856
3015093,38.27143096234983
3015094,42.32027838419466
3015095,0.294658523101202
3015096,281.3515830043465
3015097,26.013456429708366
3015098,42.27051466733474
3015099,24.778874565693492
3015100,127.21385736086822
3015101,14.140062430923045
3015102,357.8643320784955
3015103,309.14193585176315
3015104,14.676150335797972
3015105,16.62190913339918
3015106,506.13135032683635
3015107,144.33710458397397
3015108,6657.567666809283
3015109,0.8356944513326247
3015110,35.73460445731524
3015111,11.414206114641734
3015112,0.2906608502617326
3015113,6.818385867755415
3015114,2609.867241085143
3015115,0.003394225589733528
3015116,410.405540121575
3015117,13.120814998955211
3015118,1379.0678090861495
3015119,724.4368396719807
3015120,434.432982634421
3015121,137.44419682934767
3015122,83.75029939984869
3015123,5132.070862199251
3015124,9.797864058920446
3015125,1.4828816877290072
3015126,42.560234564035596
3015127,33.20570693520726
3015128,0.09969423169481473
3015129,309.5203716269032
3015130,8.609420365828644
3015131,5.004369882686323
3015132,13.045799870352987
3015133,45.47563837780904
3015134,3.3019865639579136
3015135,280.8412362088052
3015136,361.62731373481927
3015137,5.897075531767753
3015138,6.736738026478073
3015139,330.3917533339787
3015140,88.40235350413869
3015141,1147.2344095966218
3015142,134.3541315382391
3015143,14.208068752594269
3015144,4.187896463121606
3015145,0.0038343779226924
3015146,3.545494250595393
3015147,1915.1095415413329
3015148,0.05941355637163724
3015149,331.7814129525885
3015150,11.549961898440099
3015151,665.638669235278
3015152,599.7244309932253
3015153,118.64996435660552
3015154,110.56408361339376
3015155,104.9007683919794
3015156,2315.262943497449
3015157,20.016694941435425
3015158,1.7708988517085031
3015159,30.936699469664653
3015160,26.309623886250474
3015161,0.13725583258062035
3015162,139.0376921118283
3015163,13.10929204463069
3015164,15.249741210625716
3015165,7.325080060842099
3015166,91.95880088177371
3015167,6.137655389411267
3015168,245.39812079456613
3015169,151.32734940349044
3015170,4.459755422290438
3015171,7.520760474102778
3015172,233.94322671019285
3015173,60.50642952693045
3015174,2044.533207819977
3015175,0.062382588134787434
3015176,24.359210849087326
3015177,1.8522459451477569
3015178,0.07168726060607734
3015179,1.8823005213885542
3015180,1086.206653768491
3015181,0.003106014597964313
3015182,83.27496680136994
3015183,3.493701930126154
3015184,627.8409741378557
3015185,221.15822140653063
3015186,207.20681644366954
3015187,39.061835494854805
3015188,30.359688015642977
3015189,2261.1860296814684
3015190,4.400386666454826
3015191,0.45553419512330345
3015192,9.80072787398583
3015193,6.848398179902596
3015194,0.1341291451648647
3015195,135.54724215340025
3015196,3.6882666249850176
3015197,0.02931534436349088
3015198,2.102594115669611
3015199,14.042349100757784
3015200,0.3401495526767283
3015201,197.78303652549494
3015202,145.2969436089993
3015203,0.5869418084038451
3015204,3.449029558944244
3015205,123.75911329034584
3015206,23.34917014537307
3015207,197.42800392494325
3015208,5.204623544999888
3015209,2.23150156640018
3015210,6.856813260844583
3015211,0.19634179606662655
3015212,4.152273389236988
3015213,4103.998182981035
3015214,0.003285693462012457
3015215,633.9320365894673
3015216,13.484939095829787
3015217,1563.4361271225305
3015218,493.18881260793404
3015219,411.7765091206347
3015220,195.33002092192575
3015221,70.93025893439793
3015222,5672.0674818389425
3015223,22.51874279852898
3015224,0.7164441909551931
3015225,27.95098911301767
3015226,17.713334934081335
3015227,0.19251351799186428
3015228,367.68988346198637
3015229,7.28567536777018
3015230,2.463722020661845
3015231,9.496194653919531
3015232,43.36888828829084
3015233,2.2383972663735987
3015234,733.0061493430142
3015235,329.1415312443093
3015236,2.0597364237478066
3015237,13.185987682866529
3015238,392.9560690983313
3015239,79.17227564492602
3015240,1079.808026953088
3015241,34.955409892816945
3015242,8.817298901166737
3015243,5.267830216258986
3015244,0.06143492096272979
3015245,1.0733580702724774
3015246,1351.0537212375175
3015247,0.0030020534000893126
3015248,152.3752190637867
3015249,10.164941580058937
3015250,727.9402770005706
3015251,290.1862259665201
3015252,172.0519004784599
3015253,56.38077583368205
3015254,37.181193103713
3015255,2433.257827398052
3015256,7.276319590121026
3015257,0.5851753509086117
3015258,13.023140402026153
3015259,15.854631981787167
3015260,0.12487992849767027
3015261,139.5529683826316
3015262,5.404673205657645
3015263,0.016840456424940406
3015264,13.929692452892475
3015265,35.57182483008327
3015266,1.5726191612406597
3015267,247.98494920203356
3015268,154.41161129856283
3015269,1.1808112155451393
3015270,6.466616053822225
3015271,159.40960851831431
3015272,31.839671547584135
3015273,311.973831300008
3015274,5.792289360026045
3015275,3.2900877413490557
3015276,4.385782878599046
3015277,0.0028992375851255208
3015278,2.450819055660589
3015279,1247.6406608553252
3015280,0.0029072545198128765
3015281,105.45425454423707
3015282,6.4728427471083565
3015283,632.593366220827
3015284,217.04561824696614
3015285,126.15865643759967
3015286,38.51843498697574
3015287,26.894197144725908
3015288,2376.027918159337
3015289,10.58467770803835
3015290,0.24718345980266498
3015291,13.396015552155255
3015292,9.46021251087588
3015293,0.06791994726269807
3015294,120.84678591832277
3015295,1.673865720955964
3015296,0.0051073710059913995
3015297,2.5505808072208573
3015298,33.537219930619074
3015299,0.9424327116315737
3015300,159.54058170958692
3015301,149.37565419261253
3015302,0.44020627012427105
3015303,4.4219067562811105
3015304,95.68058780997251
3015305,21.170905953179435
3015306,166.39160377985684
3015307,11.228957464687191
3015308,1.5969335226852583
3015309,3.4830353665570635
3015310,0.024117003726393568
3015311,2.394422793855628
3015312,1275.044891660165
3015313,0.0032555653136064847
3015314,153.88282551262964
3015315,8.553174411253114
3015316,857.6338656809489
3015317,307.08440033123804
3015318,214.80686318540143
3015319,32.74753515250549
3015320,41.368925373080096
3015321,2500.5905132640833
3015322,5.762330563035963
3015323,0.253637804818903
3015324,11.225210802046657
3015325,17.493909711044033
3015326,0.11586474490205362
3015327,163.8659923065
3015328,1.0826210110082344
3015329,0.004393636863732582
3015330,3.246674179511804
3015331,20.383725899269432
3015332,1.7639843237495758
3015333,328.611985341147
3015334,208.5427163586353
3015335,0.879701828023799
3015336,5.005890099584696
3015337,71.1683524324999
3015338,80.86085321355176
3015339,311.0522197762366
3015340,1.966478817354441
3015341,5.053591674692875
3015342,3.316344168278012
3015343,0.8370166903054491
3015344,2.9003888848531583
3015345,1557.2527130202543
3015346,0.002916818780927444
3015347,140.19493706381994
3015348,4.122810149466471
3015349,739.8570760524647
3015350,281.16600489926856
3015351,240.64999713333125
3015352,84.05046508186723
3015353,58.20991573428338
3015354,2418.29495460662
3015355,7.436964270349403
3015356,1.1625897170272048
3015357,15.928671691163016
3015358,15.852869959699845
3015359,0.14009671312854133
3015360,190.98584560203534
3015361,7.176539456082885
3015362,0.003927990135504555
3015363,3.674539381349676
3015364,25.015942162132223
3015365,1.5755068093118143
3015366,145.7962475553402
3015367,167.81950687797132
3015368,0.8026827684980279
3015369,5.384567719356333
3015370,104.28063401314965
3015371,38.87774597681735
3015372,510.2843412382649
3015373,2.2288367214754503
3015374,4.998072461695445
3015375,4.504174256459224
3015376,0.2256724297836619
3015377,0.999489472207254
3015378,1177.5868970007082
3015379,0.0031301590184120587
3015380,133.36213389156492
3015381,4.7555779756912235
3015382,668.8748301471186
3015383,200.9537246932624
3015384,134.67859630214494
3015385,107.58655555934438
3015386,28.654581400463552
3015387,1863.2705467020376
3015388,5.083398150068912
3015389,0.2740157052183219
3015390,13.182218253366146
3015391,11.300011444012236
3015392,0.15976787892323405
3015393,125.10255224096754
3015394,0.0039904869784383075
3015395,0.019083369096263604
3015396,2.9396926663273266
3015397,29.598671406234228
3015398,1.129526279956078
3015399,61.585009830395634
3015400,124.73571322346992
3015401,0.7513384319282829
3015402,3.041997145531356
3015403,60.94983034266042
3015404,30.35453511437123
3015405,406.3946303862109
3015406,0.16781639197184342
3015407,1.6935012229098407
3015408,6.641006392241176
3015409,0.4360988282180488
3015410,2.9453950974086727
3015411,2397.568122136981
3015412,0.0030672221641914045
3015413,249.58465703146592
3015414,6.403596683308173
3015415,864.2435124888337
3015416,522.8653498280893
3015417,392.5739636703815
3015418,149.57474194811383
3015419,78.48414291541562
3015420,3671.140308690872
3015421,12.88914903630205
3015422,1.0884939302986198
3015423,20.79469544380743
3015424,20.598894758046427
3015425,0.1129571555228522
3015426,222.15603598898855
3015427,1.152488135495189
3015428,0.046331143671858574
3015429,10.383098591754337
3015430,35.14651935466184
3015431,3.442182934841477
3015432,280.7742601952383
3015433,214.85356756372894
3015434,2.252820461526239
3015435,8.006311353929062
3015436,271.9843890582379
3015437,55.21017327944074
3015438,1036.5490009302305
3015439,18.131255877349158
3015440,12.02567398043479
3015441,3.310724315755187
3015442,0.2345233435984685
3015443,3.6734267282849675
3015444,1763.167484414821
3015445,0.002487384042003599
3015446,495.5462758172066
3015447,7.47190826668811
3015448,487.3215028477824
3015449,436.474491813537
3015450,163.44682067720822
3015451,132.3185880598395
3015452,40.5078033738715
3015453,2428.534088470129
3015454,11.858636507760208
3015455,0.9533811623830201
3015456,18.087073871994708
3015457,13.95258834933243
3015458,0.06725736215976366
3015459,153.061001570051
3015460,7.0514711926296165
3015461,1.9768446357229061
3015462,6.012604111639595
3015463,53.44584242922993
3015464,1.9408105958956052
3015465,180.05348576397694
3015466,145.91386783411997
3015467,2.8513203135909118
3015468,6.150282619963885
3015469,151.1521753798079
3015470,41.962021134649945
3015471,1156.3836258170209
3015472,34.540591160589265
3015473,11.728458649676186
3015474,5.342299107518913
3015475,0.3384847949423368
3015476,3.063511525322414
3015477,2181.653665809062
3015478,0.0029342565840078092
3015479,137.65890709879008
3015480,6.917253201348434
3015481,724.9579199571929
3015482,262.44160982326065
3015483,253.58545002677846
3015484,52.20956518036691
3015485,39.74569815387676
3015486,2994.054108428288
3015487,13.588775242967941
3015488,1.294125284512414
3015489,15.3166276993433
3015490,12.45794499175747
3015491,0.138877106260535
3015492,146.73112123200116
3015493,6.9435344590043915
3015494,0.018840177092603504
3015495,3.8484985386942476
3015496,35.967830973303606
3015497,2.400160748375045
3015498,148.7283635152647
3015499,160.65288659738104
3015500,1.1380759434430203
3015501,4.972307719178302
3015502,164.10274899641476
3015503,27.31043008447742
3015504,380.506356657738
3015505,2.4175881427546453
3015506,5.1101301251216755
3015507,5.937331145342514
3015508,0.05078106401975563
3015509,6.3105166135900905
3015510,2481.4034010774076
3015511,0.038364214337444275
3015512,524.3303781944146
3015513,10.621278369741496
3015514,710.5500222013263
3015515,689.5406430554916
3015516,181.8889596454607
3015517,126.98907276553983
3015518,90.83133281314957
3015519,3249.332989022855
3015520,27.10626657508072
3015521,1.2677169438446871
3015522,17.81808782543567
3015523,32.087684973782174
3015524,0.12459054677960733
3015525,202.0092851585806
3015526,17.63655664215079
3015527,13.3759303743349
3015528,7.503108465129168
3015529,79.88402962989787
3015530,8.358988108571747
3015531,389.02929389261334
3015532,221.02826576342838
3015533,8.640766684083971
3015534,7.404166422408949
3015535,337.4711234305712
3015536,86.26471620292372
3015537,1752.2432756177539
3015538,0.08108564394082052
3015539,26.8354194970489
3015540,6.011477320877787
3015541,0.22227128216159767
3015542,4.629658874726314
3015543,3071.6195549329977
3015544,0.003163702809729808
3015545,368.35954820562813
3015546,6.305067674356362
3015547,1105.6881270619415
3015548,528.1632173115478
3015549,468.2060222135424
3015550,77.03122016236765
3015551,68.93097905052268
3015552,4754.460469138468
3015553,11.590583560741402
3015554,1.946192507230426
3015555,19.999028670223886
3015556,12.006232032827265
3015557,0.062249968136125836
3015558,255.75921039181202
3015559,1.9940604077032817
3015560,6.180634539538115
3015561,4.085097054011445
3015562,40.584923081046206
3015563,1.27107718306262
3015564,492.7378114475241
3015565,278.4042808337173
3015566,3.134307710681955
3015567,5.524207555671797
3015568,257.6197856781698
3015569,55.23601834142088
3015570,768.3144833786521
3015571,39.6120010853494
3015572,9.928964877625406
3015573,8.564348465505315
3015574,0.4067564249762984
3015575,3.4091848049447186
3015576,2532.291258598215
3015577,0.0033055901922383036
3015578,339.91152419287533
3015579,6.9824418775016115
3015580,1144.173746469031
3015581,448.29451665633064
3015582,240.8433214597007
3015583,197.8802618023436
3015584,72.96524199258086
3015585,3179.978228842172
3015586,12.044117674417045
3015587,0.6148321815231634
3015588,31.720709277576677
3015589,26.959943851671785
3015590,0.20270930564192816
3015591,242.1182427888709
3015592,3.042328537668988
3015593,2.8601082593831357
3015594,7.386653134331758
3015595,72.43074766563058
3015596,1.982529608729323
3015597,119.16733203236208
3015598,219.52767447555232
3015599,2.1746425308172754
3015600,5.85942691528495
3015601,146.62319479919745
3015602,118.2593151517676
3015603,995.9586761874336
3015604,0.8039886776275604
3015605,4.530968152079599
3015606,4.0861532053593965
3015607,0.1688183388802394
3015608,1.8501781587134247
3015609,1680.2628719388817
3015610,0.0032331107503104826
3015611,113.5252356349746
3015612,7.430193254873707
3015613,551.0048489542139
3015614,264.36842527732983
3015615,129.80671149871938
3015616,43.498639904113645
3015617,46.718413035284996
3015618,2160.2969401616897
3015619,7.299449058996807
3015620,0.9036732184670319
3015621,24.187824709301783
3015622,16.13163204805611
3015623,0.07055518033970659
3015624,153.5733972046077
3015625,0.4952280296847142
3015626,0.005814232051054557
3015627,4.26156293317964
3015628,55.12853478148971
3015629,2.4745423167664073
3015630,108.29463380337205
3015631,129.7105217028629
3015632,1.0382810781101437
3015633,5.41078172295791
3015634,140.11355400642194
3015635,28.29002797178459
3015636,421.9016557835505
3015637,4.291155258176158
3015638,1.8211299060138582
3015639,2.2119609096405384
3015640,0.0032732345624889112
3015641,1.950893968040765
3015642,1241.000050645129
3015643,0.1592696402412744
3015644,216.0654477659504
3015645,10.119026184112236
3015646,443.15822713921955
3015647,395.3363007273287
3015648,109.63089734808982
3015649,40.9203658801446
3015650,56.53524903130139
3015651,1926.0184894961913
3015652,23.37407269013827
3015653,0.30626192724527174
3015654,10.223983980045759
3015655,15.372604900511403
3015656,0.26083972439276043
3015657,105.19519010083725
3015658,10.641506130335221
3015659,1.4842174576625127
3015660,5.468948936734275
3015661,51.06873411515879
3015662,4.133940894404731
3015663,667.6486650384215
3015664,133.44833276575352
3015665,3.3605827413809086
3015666,4.648134212054256
3015667,246.99931565457183
3015668,32.61938263465713
3015669,949.1148862934895
3015670,0.06296399924816498
3015671,9.796018457363434
3015672,2.9237601973542815
3015673,0.13528607334137133
3015674,4.464282226105618
3015675,3117.3403051364876
3015676,0.04046004921013971
3015677,662.9931736260436
3015678,15.97783299653067
3015679,964.1605637418623
3015680,1008.2132900026114
3015681,230.77068595308242
3015682,180.66098334727104
3015683,146.84637403674628
3015684,3551.578968304013
3015685,33.34617397589312
3015686,0.9700381906495823
3015687,19.76185314148472
3015688,34.88236487496615
3015689,0.10546127252529945
3015690,219.12065960526604
3015691,10.31823918337271
3015692,31.435166309587167
3015693,9.215542343749592
3015694,85.96756316599615
3015695,12.3355343464834
3015696,312.4111301081593
3015697,230.03410853229886
3015698,15.782617126906517
3015699,9.596495623270629
3015700,416.68120177756083
3015701,98.32147820370724
3015702,2957.2033316033476
3015703,0.10061156473267704
3015704,24.49782309191385
3015705,3.4664907085271706
3015706,0.07174941431685015
3015707,3.9000393434564646
3015708,1907.5636503386588
3015709,0.03403270065074845
3015710,328.02163485955674
3015711,6.857704290501415
3015712,359.1246218869966
3015713,457.6884924026778
3015714,128.84494291220813
3015715,107.99330647703746
3015716,88.55675057043908
3015717,1551.9416421122585
3015718,17.106595091608053
3015719,1.0718900149920698
3015720,22.828457247562476
3015721,16.308335956934794
3015722,0.08633010078547919
3015723,79.7799840228308
3015724,0.003838039516099026
3015725,18.627739104626205
3015726,5.064710315032478
3015727,137.24195556868915
3015728,7.231935573832542
3015729,162.79809067062178
3015730,95.68495881857311
3015731,4.524480546639871
3015732,5.7539294944825485
3015733,145.04315748431338
3015734,37.468299478452266
3015735,1064.4480351767809
3015736,0.6758022479887292
3015737,4.93277351119545
3015738,3.612089369196824
3015739,0.061430538488610714
3015740,1.8489806123514338
3015741,742.3864764160024
3015742,0.0035476545620997317
3015743,177.11043216201244
3015744,4.9240992008993665
3015745,280.7934995082011
3015746,185.21370555344956
3015747,66.3325627852634
3015748,27.604018481834697
3015749,38.06900934987829
3015750,1205.009251799071
3015751,5.911362402509004
3015752,0.6259102640523713
3015753,8.885779583995607
3015754,7.807289755544095
3015755,0.2703828651065309
3015756,56.861061670196214
3015757,0.3477422740649926
3015758,4.0653797375113045
3015759,1.5016396583330875
3015760,28.629967662497517
3015761,0.3056791489174572
3015762,238.43145628871792
3015763,110.67580821760265
3015764,2.037226944131815
3015765,1.4765922234747548
3015766,118.52504329178046
3015767,20.59216673197977
3015768,397.33844025103895
3015769,0.6870874202869902
3015770,2.440868506025633
3015771,5.913235247550889
3015772,0.15456786069466466
3015773,3.777854656659451
3015774,2697.3225184889247
3015775,0.09464741215517841
3015776,516.8073885088269
3015777,14.682578674121045
3015778,670.7978414194495
3015779,742.4398211825323
3015780,235.89004315751004
3015781,180.39181442894085
3015782,103.93463188763124
3015783,3165.3523759731343
3015784,26.051445474727316
3015785,2.6677442050460374
3015786,16.202298781276472
3015787,25.7404793303011
3015788,0.18857558714967937
3015789,177.48730794251904
3015790,5.6569126249823025
3015791,31.17749681327945
3015792,8.54605715200578
3015793,115.13272947057759
3015794,3.871808128296638
3015795,223.75652869245545
3015796,196.57840733935313
3015797,9.1583435840212
3015798,8.327362388422845
3015799,279.48919921521986
3015800,68.39620568943751
3015801,2044.6053992130192
3015802,0.9558239034880136
3015803,16.474878376989576
3015804,5.898736502801959
3015805,0.03124786484358652
3015806,2.3923142789735596
3015807,2842.345809058759
3015808,0.003556529815504406
3015809,491.83135386115595
3015810,11.57232001443963
3015811,924.4713720215526
3015812,615.3217448622153
3015813,293.9891715110058
3015814,196.05376939049788
3015815,65.11293210000451
3015816,4177.6824548311615
3015817,12.013717891073938
3015818,0.9347198563258329
3015819,31.666054887327494
3015820,16.33336855035995
3015821,0.7281199027265195
3015822,207.89355558506787
3015823,0.004354208123446574
3015824,5.90835719167465
3015825,5.430904272417077
3015826,60.42009904310801
3015827,1.0854733721579708
3015828,258.31763409277005
3015829,242.09188642058194
3015830,4.226311165514678
3015831,4.275661568767479
3015832,187.0372661634226
3015833,66.06595141004848
3015834,1120.8966035185163
3015835,2.384864445805789
3015836,4.678405972270105
3015837,5.223880493559507
3015838,0.36376739835484484
3015839,2.6948559526939686
3015840,2614.5604112424485
3015841,0.003528283094739839
3015842,483.56073496114635
3015843,10.140776733352212
3015844,760.2665316583526
3015845,518.8095299226197
3015846,224.63400515525547
3015847,171.09969005114448
3015848,63.50089739978905
3015849,3499.9510718145184
3015850,11.430037491577831
3015851,1.215667976157903
3015852,25.483886757580418
3015853,15.768396513267776
3015854,0.07162060376973943
3015855,197.16752758246196
3015856,0.004285540010071558
3015857,5.577610784812679
3015858,4.699230685055702
3015859,81.99381004162433
3015860,1.262645399521384
3015861,138.9961552327257
3015862,190.30005739764374
3015863,3.6518225304581833
3015864,4.477635831198232
3015865,150.83080397805458
3015866,57.621639803325934
3015867,888.8869483066519
3015868,1.696226933020431
3015869,5.409157255401779
3015870,8.96405780858438
3015871,0.9409884292103414
3015872,12.175071971067025
3015873,6790.365549021611
3015874,0.06870770018360273
3015875,939.4364209455144
3015876,39.18896895306122
3015877,1530.019403085202
3015878,1621.7658951409264
3015879,279.2972792649034
3015880,344.2779569178099
3015881,274.0816690334788
3015882,6518.44016241792
3015883,63.57205528710837
3015884,2.716952036346064
3015885,54.10563812506253
3015886,46.24762071912629
3015887,1.1286173919760358
3015888,388.7663202894023
3015889,31.558578368164493
3015890,39.02954777087436
3015891,27.030525622573304
3015892,201.66489370806755
3015893,23.358144535013512
3015894,547.7275335340998
3015895,401.79728660866493
3015896,15.930149524914379
3015897,21.63894407984054
3015898,816.2304276945333
3015899,214.22614529638423
3015900,5742.636495382349
3015901,1.0121579170481452
3015902,70.45576285741423
3015903,3.2943308679995513
3015904,0.24157408063041907
3015905,0.6879615268227347
3015906,1381.2254249740458
3015907,0.00335811649406999
3015908,150.70164240886982
3015909,4.981943534874534
3015910,533.2952297689999
3015911,226.11797221261344
3015912,105.782116207137
3015913,128.01768129992965
3015914,55.638864019136285
3015915,1819.9608483016254
3015916,5.373451723239571
3015917,0.5448526277960537
3015918,13.859494973539716
3015919,7.743239910927556
3015920,0.1425171549203736
3015921,141.12227004243775
3015922,0.6194095924481513
3015923,0.004661740702074214
3015924,3.166342658975054
3015925,39.129848222663206
3015926,0.723459521276681
3015927,120.36231624885554
3015928,93.84882230152621
3015929,1.899267939192496
3015930,4.5087511436969026
3015931,105.18675532832674
3015932,22.131330041109305
3015933,470.1758016766583
3015934,0.3736361821777956
3015935,4.18230468046308
3015936,8.05647486499169
3015937,0.4358318858329374
3015938,2.0796826027581043
3015939,3033.213734681191
3015940,0.0030816794177672335
3015941,448.94489114400017
3015942,9.2436086475896
3015943,1022.3587708300493
3015944,529.1972460625096
3015945,215.15409620986742
3015946,255.58121053016825
3015947,81.6987972737525
3015948,3713.4436498199975
3015949,12.313677771325557
3015950,0.5431099541160684
3015951,21.022389538784175
3015952,18.0367559236691
3015953,0.12101872245347653
3015954,226.2987012584399
3015955,1.064207606589566
3015956,5.701573014548927
3015957,8.387512838319003
3015958,27.7221659016627
3015959,1.1151260372838077
3015960,497.1242469784196
3015961,222.4824410821432
3015962,3.6776365038968364
3015963,6.189835379662557
3015964,145.31245724809514
3015965,62.342674041727896
3015966,1012.5498156716521
3015967,1.8312761190931237
3015968,5.352487859588876
3015969,1.7518200456626691
3015970,0.058139233319645524
3015971,0.8985397426828209
3015972,1058.409502222358
3015973,0.0030839440518809595
3015974,104.99784826702489
3015975,3.615041793099691
3015976,607.4193146006353
3015977,129.16942063764773
3015978,87.84684984103347
3015979,172.99286637681294
3015980,22.151876680395514
3015981,1628.9350277599915
3015982,1.63998327463997
3015983,0.424781974181576
3015984,8.63742151628815
3015985,3.7309380725477963
3015986,0.21019393499371994
3015987,74.56633446404058
3015988,0.0038885281445338593
3015989,0.005811882602571202
3015990,1.4736622298786077
3015991,43.48514344812159
3015992,0.27342665089656876
3015993,93.82517930458292
3015994,80.94095965181816
3015995,0.46091545932111416
3015996,1.4090592830881274
3015997,58.956802915635095
3015998,11.109405859087813
3015999,168.44124470590467
3016000,0.13454864430447377
3016001,1.8158431515711657
3016002,6.545489584580447
3016003,0.06948433809828616
3016004,1.8849252115327686
3016005,1709.425000344076
3016006,0.003188681055201636
3016007,189.94747502354377
3016008,8.341002051778426
3016009,771.1236883440395
3016010,323.7990559290786
3016011,160.8239706615176
3016012,143.54574982975393
3016013,57.104272880195566
3016014,2500.2610038629846
3016015,3.780032168362054
3016016,0.5713530834081673
3016017,30.380483542556323
3016018,15.074064659822744
3016019,0.22812950146214994
3016020,171.7885025302439
3016021,0.004041837075398583
3016022,0.007577764741985347
3016023,11.642768591475924
3016024,52.35588454896691
3016025,1.2113419613935643
3016026,351.3520950950637
3016027,191.70450342106625
3016028,1.7900574757258672
3016029,3.9329701911648516
3016030,213.33104569878356
3016031,30.28922732530441
3016032,1013.0633373663701
3016033,0.13233257986534774
3016034,1.1349242240091577
3016035,3.3971756484189557
3016036,0.3763700923217403
3016037,2.0388831974067054
3016038,2242.5987962909267
3016039,0.0032445901345076788
3016040,598.1965281943468
3016041,9.066180915427019
3016042,750.8170834913759
3016043,505.8645550984695
3016044,203.378751028453
3016045,102.14158295806135
3016046,77.56950026541756
3016047,3547.359971677307
3016048,7.478406136683532
3016049,2.9808822699021196
3016050,23.42364350643745
3016051,34.27076234373811
3016052,0.20687704732388637
3016053,187.97715988936991
3016054,2.1076306939068274
3016055,4.058322146967105
3016056,5.030345469158268
3016057,45.6527159803797
3016058,2.2243198823766237
3016059,214.01784934619286
3016060,245.99345600712888
3016061,3.0412513615124723
3016062,5.834535280745139
3016063,131.59581178152922
3016064,29.05563059439562
3016065,550.8220741636799
3016066,3.7949171276958378
3016067,2.8195492743064134
3016068,4.03463406275668
3016069,0.06296768285505001
3016070,0.5278895018125211
3016071,1378.5234894116336
3016072,0.003358909791642607
3016073,103.8004919222312
3016074,2.3061622352994346
3016075,414.4538955424302
3016076,141.6718314365621
3016077,91.79567124495267
3016078,181.66410318892457
3016079,44.93259610960138
3016080,1708.010514586304
3016081,5.024102585554816
3016082,0.6037114472037625
3016083,9.106728724541746
3016084,6.241939596095131
3016085,0.22630904491219936
3016086,77.7408291104555
3016087,0.004249148000585417
3016088,0.022536915942190053
3016089,0.6158375005758225
3016090,47.17328751931847
3016091,0.7107083868276936
3016092,273.1372839075598
3016093,73.48085426110718
3016094,0.726035012490879
3016095,1.183877843392066
3016096,60.933874390135514
3016097,18.213084385473046
3016098,322.70225804958113
3016099,0.21103118546153965
3016100,0.9300715417561835
3016101,4.716836562437462
3016102,0.06575026794956201
3016103,1.105869113665324
3016104,3377.628856906657
3016105,0.0035501597056457786
3016106,467.25908735845894
3016107,9.270493593763147
3016108,781.7697742653177
3016109,494.7128825850114
3016110,196.93399927042594
3016111,131.54866746738952
3016112,82.71783976300358
3016113,3491.4891663869034
3016114,8.01363465731434
3016115,0.4798342931581867
3016116,27.94819567900424
3016117,11.502967954532362
3016118,0.12788328902500354
3016119,185.18572474663515
3016120,0.05038925613706621
3016121,18.23867891417988
3016122,3.886052828309596
3016123,75.94416581238508
3016124,1.0767088758166858
3016125,353.15851011317636
3016126,207.9782734333661
3016127,4.16165247769188
3016128,3.553677663310926
3016129,122.8481713102986
3016130,42.59495044215551
3016131,1116.6119194702587
3016132,2.1467227274653506
3016133,1.4970525394014138
3016134,3.8483483960760587
3016135,0.0327885427326101
3016136,7.142018618845061
3016137,2368.6800454139257
3016138,0.06020096026169479
3016139,445.66348482705274
3016140,7.62313171950615
3016141,790.8720380760047
3016142,772.8090518763927
3016143,138.01275442433445
3016144,102.74835578140234
3016145,117.29498939653915
3016146,3023.399110362424
3016147,38.163169262103
3016148,1.4806258292954726
3016149,27.28281880134121
3016150,26.736470077859995
3016151,0.19996494652981195
3016152,179.07225767154998
3016153,18.97192239416406
3016154,18.845101120254864
3016155,2.641743133140934
3016156,99.14882349507242
3016157,9.01315652670895
3016158,193.68922840191638
3016159,216.0247868418082
3016160,11.25617746514103
3016161,10.760632530367976
3016162,205.87502000250657
3016163,84.68649330286425
3016164,2089.8787434236056
3016165,0.08023343111817079
3016166,11.98823975866976
3016167,5.237326102989048
3016168,0.020329885028689612
3016169,5.989127079860778
3016170,2233.28812624265
3016171,0.03970918265379172
3016172,367.03328144606223
3016173,11.757777024139948
3016174,734.87263461725
3016175,642.2629198070074
3016176,127.09976858374255
3016177,66.24099149080511
3016178,103.61125831339814
3016179,3007.973055333776
3016180,24.684326770838123
3016181,1.2755262142740864
3016182,36.66800334306106
3016183,24.950481156232076
3016184,0.05915589109238008
3016185,233.22505563512414
3016186,17.92448714202664
3016187,13.705810670051441
3016188,10.056129441152812
3016189,96.37442760466189
3016190,9.750121536613488
3016191,125.2763715332022
3016192,264.7440609900209
3016193,6.641174108852862
3016194,8.824781225693556
3016195,110.46534059323167
3016196,72.10509711348996
3016197,1529.6777549661233
3016198,1.8963488155589279
3016199,15.732152800926036
3016200,8.072906205346465
3016201,0.2506094106789602
3016202,4.11464724385031
3016203,2969.9162849455943
3016204,0.003572760506558229
3016205,584.8467145636777
3016206,6.137082623196819
3016207,1328.3502508455608
3016208,495.38523863904885
3016209,165.61199024411363
3016210,255.68702115757822
3016211,60.81320385618223
3016212,4324.139390338024
3016213,25.715423603649693
3016214,1.6930645766747217
3016215,23.14507986295279
3016216,17.424449009995854
3016217,0.1697611445121884
3016218,281.6245299062426
3016219,4.779007541875224
3016220,12.895051069253938
3016221,9.682372396958938
3016222,53.89175199598289
3016223,3.8745566853758535
3016224,186.97337510503195
3016225,242.3274664609926
3016226,6.031373407760928
3016227,8.539290806297055
3016228,191.85154106800374
3016229,55.83267178602618
3016230,1204.1829497987503
3016231,8.003566824041657
3016232,12.281678754972825
3016233,4.114465686947225
3016234,0.09447654526496774
3016235,4.713561683507469
3016236,2078.1720706826036
3016237,0.06703038624615776
3016238,294.79997116294777
3016239,7.474392889473798
3016240,682.481030879208
3016241,590.090789808637
3016242,156.8965950934191
3016243,105.6231235588138
3016244,82.01979749395854
3016245,2616.4036318619446
3016246,22.107551300403884
3016247,1.209383327041377
3016248,16.509662814302175
3016249,9.746890838342111
3016250,0.23551485618159199
3016251,153.09231182564528
3016252,15.610227886089568
3016253,14.76269011786119
3016254,2.430050740804606
3016255,71.26729698760377
3016256,6.890533822769975
3016257,269.0574340071291
3016258,182.76029881282588
3016259,6.20221535743978
3016260,7.828310923005988
3016261,277.46564862404983
3016262,58.93096337404708
3016263,1697.4890494868196
3016264,0.1261280811535407
3016265,22.76538566914246
3016266,3.1945354674430306
3016267,0.20239049152398056
3016268,2.0914911813641277
3016269,4134.789883066235
3016270,0.0033548880463025914
3016271,357.27340384861907
3016272,9.470064714203984
3016273,1447.2189343391135
3016274,473.84270881163985
3016275,228.78325143743663
3016276,144.78410146644256
3016277,65.600466038379
3016278,4709.696024403596
3016279,10.10800767501835
3016280,1.7341869530911214
3016281,29.921778672672907
3016282,20.045158897764544
3016283,0.18463045895951458
3016284,313.84848938078505
3016285,0.004257973520019247
3016286,0.2285509847897941
3016287,8.06890464317952
3016288,41.98119635057517
3016289,2.064786809422829
3016290,152.26564158906524
3016291,243.27961077425644
3016292,3.041680513627201
3016293,8.94979476415416
3016294,164.86164340031436
3016295,45.89285355533198
3016296,939.1207664070035
3016297,1.089698437074261
3016298,4.849271379623954
3016299,6.159290190186326
3016300,0.02611966443553793
3016301,6.780513778212107
3016302,2166.9822435409114
3016303,0.0388845916850934
3016304,394.8139091799456
3016305,10.98333967318181
3016306,762.3724243119897
3016307,542.2229773270042
3016308,171.86761915790618
3016309,96.77327448075742
3016310,123.71503097017107
3016311,3184.8315520609513
3016312,26.856486578756165
3016313,1.1528706331008371
3016314,23.899704496210287
3016315,29.377781088291396
3016316,0.11648097356675363
3016317,186.78947033752831
3016318,11.879481715447232
3016319,15.510557389080084
3016320,7.913671077169069
3016321,74.11996581057137
3016322,10.257442543236078
3016323,172.54976524424433
3016324,259.6550845065425
3016325,10.33246934631428
3016326,7.387425562559067
3016327,147.7271949462947
3016328,52.499599685566494
3016329,1554.0206521451237
3016330,0.6621796350122369
3016331,6.598352778694961
3016332,3.0779048274906877
3016333,0.07877931909073999
3016334,4.635957171692532
3016335,2368.243902681992
3016336,0.06931096871713643
3016337,353.1146021613248
3016338,8.787523500092993
3016339,561.9957177789673
3016340,630.8594968671542
3016341,144.4585158711001
3016342,96.90060270774399
3016343,95.03577888436197
3016344,2432.3089248449796
3016345,24.59067691346272
3016346,0.9427272352911538
3016347,21.536423227822645
3016348,19.078790194152777
3016349,0.09381695604254496
3016350,160.74239455397688
3016351,11.163375199753224
3016352,29.104993822158924
3016353,4.206431344140922
3016354,59.392367589196915
3016355,8.77242038676371
3016356,183.04699790636715
3016357,170.1797983611758
3016358,7.7324417960077145
3016359,7.360123709391628
3016360,182.5197818966435
3016361,44.480628399862795
3016362,1775.1934496628844
3016363,0.38823610835259764
3016364,12.01225366492659
3016365,6.875816439660171
3016366,0.09543434239641693
3016367,4.4379017393597895
3016368,4364.94557015026
3016369,0.00368233110030156
3016370,463.6751792616904
3016371,10.546497685186978
3016372,1000.9596046160398
3016373,523.3907920181136
3016374,242.69678511913088
3016375,186.85726510354644
3016376,62.620391913884774
3016377,4106.323577258288
3016378,9.018093085267292
3016379,0.5422806234727252
3016380,19.2994395516754
3016381,17.52088032756231
3016382,0.1460447093451533
3016383,219.0307485664565
3016384,0.004504580280404695
3016385,6.562965364313943
3016386,2.357638713190281
3016387,73.90263090820818
3016388,2.9756451039550402
3016389,247.45983281485056
3016390,246.5802059055369
3016391,2.687130593705479
3016392,2.7676587030833852
3016393,227.523999795628
3016394,107.68170981489263
3016395,1013.5192358801985
3016396,2.0674716311672507
3016397,0.87510790580556
3016398,14.427833783905092
3016399,0.003317730578129052
3016400,13.697535440646593
3016401,8080.942281635931
3016402,0.07023392917319406
3016403,1166.8413867341487
3016404,27.86387842349002
3016405,1900.2358851544864
3016406,1913.9601003733885
3016407,406.05168726963564
3016408,423.5148197836952
3016409,329.4483541705268
3016410,7679.048774273816
3016411,69.2558554760828
3016412,4.106580270102079
3016413,106.13317575396742
3016414,102.02042814251409
3016415,1.1033223648959876
3016416,489.8212468827678
3016417,28.605769133755782
3016418,22.153684013783437
3016419,60.88877306575372
3016420,298.5433920558994
3016421,22.16938501973511
3016422,669.2275532528812
3016423,460.50363372078726
3016424,31.23562204649072
3016425,30.26820212932863
3016426,848.8735147295338
3016427,276.730549593222
3016428,6817.867817613953
3016429,270.9784051875235
3016430,72.76865903753526
3016431,14.056380620551675
3016432,0.003156565169861953
3016433,12.649617637367642
3016434,6362.8132463184465
3016435,0.08286698838504192
3016436,906.5643296190086
3016437,26.986949712395067
3016438,1867.1250693137363
3016439,1705.889913850112
3016440,501.18453030831614
3016441,256.343488170913
3016442,263.47820473906836
3016443,8071.096950379894
3016444,80.33574326975321
3016445,1.5616758724032898
3016446,68.0790210502531
3016447,76.99290677002917
3016448,1.0446291912185812
3016449,468.23778920470625
3016450,23.249376296492667
3016451,28.44032286904099
3016452,18.239006768528796
3016453,209.16428383420762
3016454,16.287496100879302
3016455,783.2094113298303
3016456,516.8620395175195
3016457,19.897634878093793
3016458,22.472250932805416
3016459,871.2476997471796
3016460,203.78829341822228
3016461,4656.551664699659
3016462,300.9446392657211
3016463,66.67557523879715
3016464,11.103240352370511
3016465,0.003004170380368814
3016466,17.98959953263668
3016467,4446.845563606968
3016468,0.11868805182933347
3016469,674.058057687863
3016470,14.250005413784061
3016471,1726.311166616442
3016472,1084.4662145497034
3016473,555.889804865841
3016474,100.22052976943266
3016475,194.34764274895542
3016476,7450.30170429264
3016477,38.00964818610731
3016478,2.6538467661681424
3016479,39.98759266695343
3016480,31.719307600774272
3016481,0.7145121057021334
3016482,469.624436814708
3016483,26.37459561112033
3016484,19.232004660581424
3016485,13.992058978194994
3016486,110.33086514519402
3016487,9.249464595326774
3016488,734.4614661618582
3016489,518.8502049434919
3016490,19.69064608258515
3016491,32.65733424286325
3016492,555.8971729070441
3016493,110.08623124840472
3016494,2071.0579245677554
3016495,258.24885120422476
3016496,36.68461884073459
3016497,13.77656040360506
3016498,0.0030309470709859805
3016499,18.636004929121174
3016500,6154.150802819796
3016501,0.09330521897292955
3016502,856.2966840395873
3016503,20.33664034132557
3016504,1748.091066974226
3016505,1560.541292136551
3016506,477.0398809739933
3016507,235.5322782164981
3016508,216.97973016653555
3016509,7679.495284256165
3016510,43.540352826043176
3016511,1.5855361830145562
3016512,72.44368786578138
3016513,60.325958323498384
3016514,1.1588361163708947
3016515,475.35068145278467
3016516,29.102397098498194
3016517,30.34870850783435
3016518,33.008929594954175
3016519,172.11235652856683
3016520,12.810525499665673
3016521,636.1360090306401
3016522,510.0369483589614
3016523,18.68833932529093
3016524,22.345150567454844
3016525,769.9629647511085
3016526,179.66977452820527
3016527,4336.500430627216
3016528,280.47134440128235
3016529,55.8691484893185
3016530,11.212924787354487
3016531,0.003004170380368814
3016532,16.408792285215846
3016533,3448.3502542797883
3016534,0.03461587716242372
3016535,574.6000667231974
3016536,16.500104384390767
3016537,1640.440788064978
3016538,860.3657512725213
3016539,442.54480913499077
3016540,74.4070882092631
3016541,149.9216970937125
3016542,5543.0103558733035
3016543,33.09881545331776
3016544,0.546004931600095
3016545,29.43417812669177
3016546,30.443626899183116
3016547,0.2351253515208322
3016548,420.38830835354526
3016549,25.623482092739803
3016550,10.346546080493743
3016551,7.722599766854921
3016552,97.37001195145118
3016553,5.596953486577655
3016554,631.0686500724513
3016555,541.9897249819795
3016556,14.888405187408823
3016557,17.70208925286141
3016558,573.7663360350284
3016559,79.72273258176605
3016560,1470.7915877295163
3016561,326.70628308815475
3016562,19.955858738952944
3016563,11.675729239881882
3016564,0.0032169219849724215
3016565,10.989733453438197
3016566,5109.3630931537955
3016567,0.06416755984639018
3016568,890.0870471560781
3016569,27.059985455003087
3016570,1395.9202362224235
3016571,1636.4412516815028
3016572,313.03638662355434
3016573,335.0786884267973
3016574,257.7231417463083
3016575,6114.159051969709
3016576,60.96040506086679
3016577,1.5252312793489637
3016578,50.29234339284244
3016579,49.83397060339484
3016580,0.7836651690764527
3016581,340.9181361783491
3016582,15.975937819354117
3016583,24.72255918464809
3016584,15.00751527817784
3016585,208.557005549938
3016586,16.835235006333992
3016587,559.3187102904242
3016588,388.30138966302724
3016589,15.79369344979333
3016590,26.48914831710463
3016591,691.9185477938656
3016592,188.41049410397773
3016593,5558.105882125361
3016594,226.68790180186335
3016595,64.52026571006083
3016596,5.441856529625834
3016597,0.29474129419041184
3016598,5.905791295725597
3016599,1566.7436781777915
3016600,0.03934435930326835
3016601,287.68332692267086
3016602,23.010932489324663
3016603,740.9433093499621
3016604,436.7542649708751
3016605,190.51532002590469
3016606,68.16441900286779
3016607,91.48120536907568
3016608,2489.020763784368
3016609,23.97379765041415
3016610,1.190145215475558
3016611,27.68418900048961
3016612,22.273157228266715
3016613,0.131202817113288
3016614,153.12444795044172
3016615,10.244120344890897
3016616,6.475488253066423
3016617,11.914477816829752
3016618,62.7776168808831
3016619,7.28742613379476
3016620,192.6295017733803
3016621,193.41988249331973
3016622,2.98356493071566
3016623,6.520681759587576
3016624,180.1407668411187
3016625,55.68290003237172
3016626,1207.0654444255047
3016627,0.7431677866350084
3016628,10.53272313467424
3016629,9.940292820814648
3016630,0.0030511490689882764
3016631,12.07582570834812
3016632,3588.9672858633326
3016633,0.06965478946807996
3016634,480.39897805885266
3016635,31.498367287693107
3016636,1228.1667447309153
3016637,810.2982838895011
3016638,360.61247647873574
3016639,80.24946208236945
3016640,137.9355573780124
3016641,4985.285557158139
3016642,54.69960452803452
3016643,1.4799015747268696
3016644,56.92849880330294
3016645,35.69059714723678
3016646,0.1963897447187651
3016647,277.0053503971398
3016648,14.617010558240004
3016649,8.675338723381671
3016650,4.538977597267337
3016651,122.9348902441181
3016652,9.109946166288182
3016653,478.52893674478923
3016654,399.8531807666638
3016655,9.709244307937624
3016656,18.693570375629605
3016657,311.47580060818547
3016658,80.41479932404785
3016659,1723.0689542322093
3016660,262.65790350734443
3016661,17.02839771095259
3016662,6.7638345544106215
3016663,0.002791880507764215
3016664,4.776348180716118
3016665,3753.6389539454585
3016666,0.057645138977817555
3016667,682.4013592123595
3016668,10.449499030508962
3016669,1090.4183434054776
3016670,1228.2849798229238
3016671,204.5495085223288
3016672,241.58895768213273
3016673,199.3843230661662
3016674,4147.045532741624
3016675,37.15467929464755
3016676,1.7838825930214144
3016677,30.03539635331371
3016678,36.87588908825998
3016679,0.48229190362283725
3016680,237.90845291236627
3016681,2.7876513891152834
3016682,39.37732065854677
3016683,5.054482548936532
3016684,124.54772634582744
3016685,9.637293945222059
3016686,458.8759100779064
3016687,212.08545777960015
3016688,17.484793469382968
3016689,11.198430696344865
3016690,537.4301276475463
3016691,110.03184227507796
3016692,4235.642252185987
3016693,3.062463721936018
3016694,43.44962282182903
3016695,9.025770187469227
3016696,0.003979314578111997
3016697,7.289043940688308
3016698,3879.6328585056663
3016699,0.003993455559955625
3016700,780.8208431191588
3016701,10.939390751396804
3016702,1214.1543453152956
3016703,890.1004624873386
3016704,289.570043587664
3016705,178.74359235007904
3016706,262.43525759139504
3016707,4861.280762402118
3016708,30.299628117464565
3016709,3.2555780014915676
3016710,53.87073718045738
3016711,40.053845185973536
3016712,0.15753206094426284
3016713,291.70743413152604
3016714,8.134391634413888
3016715,55.23144033937579
3016716,8.396400271253029
3016717,258.1723556679033
3016718,11.135318348666546
3016719,355.03420589432517
3016720,288.7509798499071
3016721,13.051985622949514
3016722,22.96869475441182
3016723,361.0084461708015
3016724,108.60252501351148
3016725,3653.78577220765
3016726,4.751401374988767
3016727,7.79453692614525
3016728,7.567066149223965
3016729,0.030612265131055465
3016730,4.232638296925318
3016731,1914.7726194875536
3016732,0.03511038049895951
3016733,378.8482845423375
3016734,7.652392028086048
3016735,765.9283654031228
3016736,420.9484535915828
3016737,193.0898194243386
3016738,73.53408871190808
3016739,96.91522171432747
3016740,2605.706649274756
3016741,15.198000274235747
3016742,1.3055247683983826
3016743,26.483123902356255
3016744,20.076899461536026
3016745,0.10868910969800885
3016746,162.03109455187234
3016747,5.1076954775606875
3016748,8.738741736138227
3016749,6.267240411604626
3016750,89.72838494254675
3016751,3.7511410306674122
3016752,220.4819221291284
3016753,184.48902907149204
3016754,4.3746398773445065
3016755,6.604393025656069
3016756,151.2681898384535
3016757,56.5181266199811
3016758,1497.5896519830221
3016759,0.42511150053526575
3016760,4.232597846343298
3016761,6.306227786610429
3016762,0.08599197308788943
3016763,0.636657648065935
3016764,2632.8746676539636
3016765,0.0033914264496341696
3016766,182.41926386968692
3016767,4.7548600834784205
3016768,809.3970385592768
3016769,214.06127317591893
3016770,172.98937162202634
3016771,59.429362613679466
3016772,28.546122190625667
3016773,3141.6346139546376
3016774,12.201897042725246
3016775,0.8495443901632505
3016776,17.892433367281892
3016777,9.980412855208478
3016778,0.13143327124165388
3016779,172.6206654307264
3016780,0.004286294300720272
3016781,0.004696733747288761
3016782,4.494716073137144
3016783,22.04350670564244
3016784,0.9789353994618775
3016785,58.56228610400634
3016786,145.90516820376425
3016787,0.07900933496005665
3016788,2.2193449782645494
3016789,52.589938242215595
3016790,76.38466552449728
3016791,481.5821093000643
3016792,0.098561665039702
3016793,2.614791223563991
3016794,6.373262300073442
3016795,0.011931845719090731
3016796,6.553044932202166
3016797,2645.7310447874775
3016798,0.02175383244281469
3016799,433.24133382112626
3016800,11.394425487730302
3016801,916.5039771547415
3016802,747.1052335167652
3016803,257.7411364198897
3016804,125.0704113886661
3016805,123.02228387767347
3016806,3875.5552150255576
3016807,28.069135345113697
3016808,1.011193713070856
3016809,26.31971250334071
3016810,45.424554776332855
3016811,0.09071849608671873
3016812,221.90148886281227
3016813,18.464351604847486
3016814,12.76270819582615
3016815,17.76162533163177
3016816,78.08284871567557
3016817,6.7149062623615725
3016818,338.768283750315
3016819,248.1185708783305
3016820,8.44748095379311
3016821,12.270887658419662
3016822,390.26141725077474
3016823,88.56930530956541
3016824,1896.7896443651857
3016825,0.060964625274047037
3016826,31.1129931635534
3016827,4.713638996211964
3016828,0.04158264414127107
3016829,5.885110826259935
3016830,3693.3758441718974
3016831,0.16355723811947362
3016832,548.0752118832402
3016833,16.735359670569295
3016834,844.0131870806953
3016835,1078.7044617142976
3016836,154.95454252682813
3016837,218.34735074186753
3016838,177.39381148801036
3016839,3404.8334329278955
3016840,36.499168015342306
3016841,2.565169196585923
3016842,30.15884439876903
3016843,33.62557252823889
3016844,0.8665096992844554
3016845,198.76325798945004
3016846,11.226165376061289
3016847,33.247866013710905
3016848,10.033232148267524
3016849,140.28471336364439
3016850,13.63924766073693
3016851,388.6268136988858
3016852,198.247466922585
3016853,6.677481369948688
3016854,12.042215696821048
3016855,499.72342981099007
3016856,125.81170506845277
3016857,4147.4696853586975
3016858,0.38580621569056023
3016859,41.52260434171819
3016860,4.179997934097748
3016861,0.4181033033221773
3016862,8.850706935466679
3016863,3678.4021215264584
3016864,0.06545298118086454
3016865,657.5840665313743
3016866,19.21286502513965
3016867,979.0066194828248
3016868,1156.6436189167734
3016869,219.65372447774996
3016870,229.72054500819792
3016871,136.79621140810374
3016872,4009.767984433422
3016873,34.557094112242694
3016874,2.6407011668008904
3016875,40.13106435810954
3016876,43.136636798758104
3016877,0.2559191437107389
3016878,262.54945213659516
3016879,25.211508919075754
3016880,31.008796966801896
3016881,25.902049944990956
3016882,143.59310482917272
3016883,17.64587352087463
3016884,346.5967540964123
3016885,248.4353674270448
3016886,15.581481871474807
3016887,16.743884808253203
3016888,438.5612353407168
3016889,134.11758077702262
3016890,3389.2336680462267
3016891,0.8821497194076611
3016892,30.604932069889102
3016893,11.001216877733302
3016894,0.2897168847383368
3016895,7.326872603582405
3016896,2635.9427576199564
3016897,0.003376094362730265
3016898,405.5622066458056
3016899,14.138703094607333
3016900,1401.6160987109724
3016901,621.3981520998341
3016902,488.9487491221629
3016903,157.62002019149048
3016904,82.28965980872866
3016905,4870.724952532793
3016906,11.011395001688248
3016907,1.600725238925943
3016908,45.526605747897634
3016909,36.10490034943591
3016910,0.1008806234565573
3016911,298.05284454090577
3016912,8.948418435871963
3016913,5.257936233286557
3016914,7.457341907523082
3016915,51.055178861720556
3016916,3.5294742113384845
3016917,428.56454864620713
3016918,349.68383957818264
3016919,5.966583561940333
3016920,7.319142445618242
3016921,362.6333574968521
3016922,91.40299983795927
3016923,1158.2231866513305
3016924,146.1395022733146
3016925,15.563756440974974
3016926,4.531713054308962
3016927,0.0038133743924834203
3016928,3.386573023101035
3016929,2219.157808625294
3016930,0.06881594880941831
3016931,349.48639131786007
3016932,13.308343264282449
3016933,680.9650362258407
3016934,652.9217888076257
3016935,155.51633571978846
3016936,156.62860444956942
3016937,133.09881083302506
3016938,2480.057643203746
3016939,21.593700726906846
3016940,1.7846830904051803
3016941,28.588950760393438
3016942,26.43896277864339
3016943,0.12257248499465148
3016944,144.0924749311802
3016945,13.641690409215352
3016946,18.772570453357535
3016947,7.319996168716351
3016948,149.6136791138129
3016949,6.400285987680419
3016950,549.7570692825013
3016951,141.02755934679476
3016952,4.449392684909711
3016953,7.56388564367048
3016954,438.22629138820673
3016955,79.78697466342345
3016956,2161.464045658719
3016957,0.0640422824426545
3016958,39.35538828982837
3016959,1.863784054639475
3016960,0.07509923382663701
3016961,1.8082302572785494
3016962,1076.6056734745205
3016963,0.003072219237164581
3016964,75.45499250899482
3016965,3.524562455677513
3016966,616.6619734769054
3016967,209.50102279325452
3016968,234.08842118974587
3016969,38.576988598461774
3016970,30.95852364419624
3016971,2155.0468550805617
3016972,4.719556748185368
3016973,0.4352888483762664
3016974,9.37684704586235
3016975,6.549013288166409
3016976,0.14540075347433132
3016977,126.7361578342304
3016978,3.3053217034950397
3016979,0.018624464879558687
3016980,1.9629459439072616
3016981,17.263769484910718
3016982,0.30605216175699035
3016983,141.17136343124335
3016984,138.0992329870391
3016985,0.5686480932781354
3016986,3.3213494969315303
3016987,133.89286983646787
3016988,23.853325336756562
3016989,188.80255782206402
3016990,15.816359004878041
3016991,1.9637397335564255
3016992,6.81334122330931
3016993,0.21423598660656518
3016994,4.799983887713074
3016995,4640.1870991784
3016996,0.0032443966558323607
3016997,562.5779200882837
3016998,15.03299782104155
3016999,1639.8007350358478
3017000,483.76861673044897
3017001,477.3722759170877
3017002,179.0010364747181
3017003,82.62042407552259
3017004,5497.6518660889315
3017005,24.512181892521287
3017006,0.705710376746057
3017007,29.30871333157456
3017008,17.891981040754423
3017009,0.17946037468186227
3017010,360.28932369337053
3017011,8.329308459533086
3017012,2.520528506879091
3017013,9.672427121766713
3017014,60.025971412206864
3017015,2.054956267531634
3017016,479.4843613832771
3017017,310.2525450813839
3017018,1.965641957564781
3017019,12.160948679784394
3017020,512.9126621980448
3017021,87.21285362607303
3017022,1122.4877349788608
3017023,29.39518232753437
3017024,8.370816791942737
3017025,4.991487158477818
3017026,0.055596996409883775
3017027,1.028687476767657
3017028,1486.5143026179524
3017029,0.002963653031388132
3017030,150.04560440568457
3017031,10.937918043846834
3017032,811.6380571005478
3017033,281.53156759507254
3017034,209.46552004044122
3017035,50.92372177131131
3017036,39.82627933888275
3017037,2365.389658082801
3017038,8.208392817024665
3017039,0.5775257574957765
3017040,14.723262346928673
3017041,14.72152766096549
3017042,0.1473660751580883
3017043,136.21956788845313
3017044,4.987211346972083
3017045,0.017364000723138477
3017046,14.26483070301957
3017047,48.8656375791587
3017048,1.4307097987726136
3017049,120.2545354024894
3017050,149.9105346197015
3017051,1.0577352370498216
3017052,5.528604300166698
3017053,160.09396158491455
3017054,31.025915314008987
3017055,285.07957369721544
3017056,5.429546319198145
3017057,2.8904257444441064
3017058,4.767004525368741
3017059,0.002861841951637115
3017060,3.034556297020323
3017061,1356.1791210909043
3017062,0.002869648206334664
3017063,103.86015171327556
3017064,6.423448428948407
3017065,663.751158378669
3017066,213.07899270673272
3017067,147.55839637780213
3017068,36.67618466949179
3017069,30.98668383689463
3017070,2410.1779344596653
3017071,14.41005728479022
3017072,0.24685965108691538
3017073,15.338166914610474
3017074,9.09397233469754
3017075,0.0680214690897578
3017076,125.19242093412697
3017077,1.6292517057863725
3017078,0.017392867237967118
3017079,2.5309047475250797
3017080,46.62391105798895
3017081,0.9150672963242441
3017082,120.55855366124851
3017083,161.76876817693346
3017084,0.3763870813986732
3017085,4.518428336933254
3017086,104.26552953942178
3017087,21.127191019929267
3017088,157.60128956528848
3017089,7.503999430180684
3017090,1.91381411925044
3017091,3.6110521982494017
3017092,0.0048390898678433185
3017093,2.2240871819791854
3017094,1283.444426215981
3017095,0.003207567843155416
3017096,138.94132023868636
3017097,9.251981461669317
3017098,924.4497153725348
3017099,281.99074893172076
3017100,247.5006841167962
3017101,30.896581763643738
3017102,51.16643781257803
3017103,2446.3423888457737
3017104,7.053162376238779
3017105,0.2218087152893527
3017106,10.657220525069446
3017107,18.878802359619996
3017108,0.11497352439851016
3017109,154.50869603553923
3017110,1.008019816372507
3017111,0.004351149334757356
3017112,3.2252241973864764
3017113,26.59132061247903
3017114,1.69770257493354
3017115,178.4698385364129
3017116,247.65513611402494
3017117,0.8373717692011686
3017118,4.627354021045525
3017119,79.21746302079254
3017120,74.4014900566626
3017121,282.4530531147243
3017122,3.538983140884436
3017123,4.806602776880291
3017124,3.5467292439726488
3017125,0.8025611069344153
3017126,2.832099496829042
3017127,1561.7736943955642
3017128,0.0028819099557768485
3017129,127.45446300736828
3017130,4.131385523077809
3017131,741.7885651722386
3017132,274.7771629768337
3017133,266.9208820544025
3017134,79.37417435813192
3017135,61.5411050811732
3017136,2342.53703280002
3017137,8.715705018505897
3017138,1.0626439110977566
3017139,16.5971093955799
3017140,14.664708562624568
3017141,0.12750453362878517
3017142,182.61408745551512
3017143,6.581682698564244
3017144,0.0039056055248765705
3017145,3.705890980910418
3017146,30.041678067679065
3017147,1.8388761013366228
3017148,107.50081424148024
3017149,157.77014581880206
3017150,0.7541867048830768
3017151,4.502121732215025
3017152,125.34442121600864
3017153,39.754270824841576
3017154,493.19161434928725
3017155,3.803573109427549
3017156,4.61469175768115
3017157,4.530651780388922
3017158,0.19532897823513862
3017159,0.9219937663177871
3017160,1108.486238666618
3017161,0.0030851979285013986
3017162,119.37317251324983
3017163,4.8190249519028905
3017164,682.9335572927298
3017165,195.38482029541666
3017166,150.27809005599443
3017167,103.38165121141634
3017168,37.068919105178765
3017169,1830.592894154352
3017170,5.308374834831566
3017171,0.24901504847326272
3017172,13.34619425051331
3017173,12.0291912620152
3017174,0.15054707543873813
3017175,125.602713971896
3017176,0.003928625129361101
3017177,0.019612982568929793
3017178,2.8569804457329755
3017179,36.73959780524891
3017180,1.0515491189979864
3017181,45.06623660710009
3017182,117.35100133563319
3017183,0.7375786861873032
3017184,2.6445364598065613
3017185,75.50504307046698
3017186,32.39798654848924
3017187,409.3815875094314
3017188,0.20017921432666821
3017189,1.5743293916848613
3017190,6.700886451832888
3017191,0.4159263287974225
3017192,2.7861013304818534
3017193,2340.4997968015364
3017194,0.0030115010537760884
3017195,232.42670796328073
3017196,6.311704668706278
3017197,881.0325315813997
3017198,494.2489090633877
3017199,473.5376756736914
3017200,132.32950238427534
3017201,78.97873200748313
3017202,3570.9959078844868
3017203,14.216684974950827
3017204,1.1108372482868991
3017205,22.37281752773768
3017206,18.943562368140885
3017207,0.105802170391698
3017208,205.13284971183245
3017209,1.0558128776831224
3017210,0.044679674737661025
3017211,6.672576615946967
3017212,50.17128491696814
3017213,3.6101789105933695
3017214,192.03130416728516
3017215,202.90319264677885
3017216,1.963397569837448
3017217,7.762605972269062
3017218,278.8416884696181
3017219,54.748739130897846
3017220,1002.091390490364
3017221,16.517321295338736
3017222,11.425469411855785
3017223,3.2241452826290757
3017224,0.16242835399880573
3017225,3.3774720026797604
3017226,1739.7104468122031
3017227,0.002450432926918813
3017228,464.4369386648623
3017229,7.317799499371443
3017230,465.3673226151702
3017231,409.594850317243
3017232,169.02098521991135
3017233,121.66615498817293
3017234,41.42577605392019
3017235,2183.4094648186674
3017236,12.519371970745238
3017237,0.8659850999092265
3017238,18.229050630646352
3017239,12.211468260226747
3017240,0.06643785662624424
3017241,142.66504672738265
3017242,6.748576707380596
3017243,1.6875826753705043
3017244,5.15227520082536
3017245,74.99867626662379
3017246,1.9260944173823062
3017247,64.08469013122459
3017248,129.5996956411445
3017249,2.6904072345737755
3017250,5.814929221790057
3017251,153.9297766445086
3017252,48.12508466457608
3017253,1104.7676420036018
3017254,25.602324192278793
3017255,9.585250057937197
3017256,5.293010408564054
3017257,0.3752165508349833
3017258,3.0352714636351603
3017259,2205.934900075127
3017260,0.0028846860026603863
3017261,126.56021203951256
3017262,6.631452747343554
3017263,774.2615234852356
3017264,259.4799650671166
3017265,292.0417902121162
3017266,50.070731463795944
3017267,40.8429762206774
3017268,2891.057228244073
3017269,17.03910627231802
3017270,1.1715372157736725
3017271,17.742477626752702
3017272,13.212381232531083
3017273,0.15175502687064718
3017274,144.5640882352825
3017275,7.1486446822072685
3017276,0.006568980242798835
3017277,3.8606640173710836
3017278,48.03472131609735
3017279,2.41892394842594
3017280,120.1682663235149
3017281,167.45244838336342
3017282,1.1641388857625479
3017283,4.640096320356364
3017284,105.37682131844453
3017285,25.83223969893798
3017286,369.64385290942175
3017287,7.026633729901898
3017288,4.332479143605477
3017289,5.765396726871154
3017290,0.04943281114640661
3017291,6.722192012872281
3017292,2769.593676112439
3017293,0.05212511863508114
3017294,539.4186301146491
3017295,12.141717411284244
3017296,784.0739391261066
3017297,769.65052936066
3017298,243.99853093895052
3017299,169.90778448722256
3017300,120.58924791980172
3017301,3377.7958949723998
3017302,30.73096370041788
3017303,1.2696785573707827
3017304,24.391151114499593
3017305,32.47046317207097
3017306,0.12892286935883707
3017307,203.0978212856163
3017308,18.314745470913724
3017309,16.83459427622156
3017310,7.16607288111383
3017311,117.59707037606563
3017312,8.86411910564511
3017313,924.7583439258825
3017314,223.7979469056548
3017315,8.266655568874238
3017316,7.567797011620165
3017317,600.202000726177
3017318,100.3920314530529
3017319,1914.8911919766656
3017320,0.08603667390559216
3017321,37.093118104153504
3017322,5.7047674129406465
3017323,0.1986874871427694
3017324,4.318762299593142
3017325,2859.0289279561525
3017326,0.0031091786452752787
3017327,323.5273375467071
3017328,6.461575188104003
3017329,1091.6979419677416
3017330,478.7494458085393
3017331,635.2899504392901
3017332,72.38677275472823
3017333,67.24068048946828
3017334,4160.752505433497
3017335,10.70244120002701
3017336,0.5296498241837149
3017337,18.72744026998857
3017338,11.875361018801087
3017339,0.06046965455619077
3017340,228.27927500773308
3017341,1.9280176791723422
3017342,5.432469003550908
3017343,3.0843039793396794
3017344,43.68408370045434
3017345,1.2429060182542424
3017346,206.82011387618277
3017347,251.26194021506814
3017348,2.780252122427856
3017349,4.978521875256299
3017350,441.2062917789755
3017351,57.05924616161156
3017352,703.4796313146835
3017353,41.985842467257356
3017354,8.420544480851813
3017355,7.751630190536091
3017356,0.3942439167837204
3017357,3.821522056015223
3017358,2463.678322074542
3017359,0.003264795095023969
3017360,333.2340745723088
3017361,6.857044195769123
3017362,1145.7066723070361
3017363,433.2411971853162
3017364,288.42747365362874
3017365,187.60966439441407
3017366,81.28662150007833
3017367,3184.6842977665656
3017368,11.374784743433572
3017369,0.5987482521285227
3017370,32.195012271272375
3017371,25.243738338940293
3017372,0.18165811288488717
3017373,237.56746191662518
3017374,2.912930359788299
3017375,2.7294665230688557
3017376,7.99941857446815
3017377,84.44337844106056
3017378,2.058465829760719
3017379,100.49300315165823
3017380,214.31497221379692
3017381,2.292017120122439
3017382,5.270342047788242
3017383,168.46702639193768
3017384,129.62785065154634
3017385,988.7570900136752
3017386,0.7866137907450313
3017387,4.330065474676755
3017388,3.7769773385154206
3017389,0.17278065484288224
3017390,1.7201937174313808
3017391,1626.8748918587494
3017392,0.003173835351052377
3017393,112.97029329166344
3017394,7.146089908018593
3017395,541.976063453954
3017396,256.43253251703425
3017397,146.62623877721617
3017398,43.61789528830161
3017399,50.42581375258497
3017400,2133.3756726040274
3017401,7.2057916459928295
3017402,0.8724440506580216
3017403,26.08215055626345
3017404,16.36326120381765
3017405,0.06723722601721557
3017406,153.97680956271304
3017407,0.48081036103180547
3017408,0.0056190383844768686
3017409,4.274568269306104
3017410,59.08875849412282
3017411,2.391901610321214
3017412,83.64938718555958
3017413,141.3229203797533
3017414,0.9990994979057322
3017415,4.977029428955448
3017416,185.41066747288482
3017417,30.168328674447714
3017418,428.09861213324064
3017419,11.12177094142174
3017420,1.765737156012454
3017421,2.119913615036771
3017422,0.003214468011757279
3017423,2.646928413583501
3017424,1392.6056875902082
3017425,0.1260177429057739
3017426,247.09992174262706
3017427,11.262340819382407
3017428,492.98163707238666
3017429,452.9096793310017
3017430,137.54907753945525
3017431,55.239351200956264
3017432,79.91953426653241
3017433,1945.5942110392234
3017434,25.575827275521704
3017435,0.342132623910951
3017436,10.988216516725771
3017437,15.669165391215717
3017438,0.2685020690764106
3017439,102.52797603830571
3017440,10.21738230309651
3017441,1.7950940684014218
3017442,4.170225916355026
3017443,82.50515586404315
3017444,4.028787058843677
3017445,529.9180912264367
3017446,134.18701469047727
3017447,3.3165291940319674
3017448,4.644059767671727
3017449,380.85741227972215
3017450,37.99456353709665
3017451,1042.3146311491137
3017452,0.062398627897865405
3017453,13.963966916077291
3017454,2.993887441046049
3017455,0.09616933472272556
3017456,5.29194866486496
3017457,3502.7494661866613
3017458,0.04007529042240047
3017459,742.0317181169823
3017460,17.761860472724962
3017461,1135.3126959739748
3017462,1245.9063359053366
3017463,322.1358172805668
3017464,249.29754080107696
3017465,186.62597418442206
3017466,3978.817735025593
3017467,35.72705003971883
3017468,0.9301923596644497
3017469,21.100190634900432
3017470,35.355719470439254
3017471,0.11652962101254198
3017472,216.72916287319947
3017473,10.229884597580615
3017474,34.10547280367272
3017475,9.536856256476955
3017476,133.92424178237354
3017477,14.082960732210845
3017478,652.7210694407547
3017479,240.52793621583493
3017480,15.737911811586203
3017481,9.798495016429365
3017482,789.3362426401369
3017483,114.81842240081868
3017484,3070.740183015475
3017485,0.10230100238332168
3017486,44.236961694887206
3017487,3.003950547038637
3017488,0.06252318605319554
3017489,4.172709259860429
3017490,2383.7943353431
3017491,0.033408948389072025
3017492,390.28463715011986
3017493,7.520905321237359
3017494,490.28278914365444
3017495,638.4466839463751
3017496,193.5754293723463
3017497,189.28748773215335
3017498,164.43423750278714
3017499,1770.5111109831632
3017500,20.251398550326677
3017501,1.1475453386337053
3017502,26.466219737998347
3017503,17.00590849128674
3017504,0.08410709877794574
3017505,95.36836986863568
3017506,0.003731093237365161
3017507,22.701490471617433
3017508,6.076635043963774
3017509,298.0729631753214
3017510,9.284529016128785
3017511,411.61641756659776
3017512,111.6277528365315
3017513,4.567394217687507
3017514,6.453114772348682
3017515,303.14738785477044
3017516,48.47676120021313
3017517,1263.7334267621172
3017518,0.7110228454311566
3017519,8.390857302939347
3017520,3.597552892232531
3017521,0.06539379061005922
3017522,0.607482873303932
3017523,803.6055781237276
3017524,0.0047961859021206695
3017525,186.05034139097356
3017526,5.371515579966609
3017527,320.72173737690514
3017528,204.76757243962754
3017529,97.40736229999203
3017530,36.52634846717453
3017531,43.238418808723644
3017532,1369.821954033021
3017533,6.309510821336682
3017534,0.6537315522039141
3017535,9.12795758466026
3017536,8.227036589961845
3017537,0.24911176117729542
3017538,56.550961429161575
3017539,0.3079695398102409
3017540,4.85059351306513
3017541,1.4486755315623427
3017542,45.57917561610953
3017543,0.29797540470304407
3017544,395.6634411682428
3017545,122.49445760248263
3017546,2.0394555439566444
3017547,1.3619412186491358
3017548,187.4916622142843
3017549,21.91112707324673
3017550,402.21312108802607
3017551,0.622438336624241
3017552,2.4766646133291084
3017553,5.780531063826517
3017554,0.21768859870613103
3017555,3.7549131554144934
3017556,2705.690676078326
3017557,0.08947835534855063
3017558,516.1849981478879
3017559,16.08887068175142
3017560,711.3330840434921
3017561,789.7189838379784
3017562,302.0112741614281
3017563,233.88838751103344
3017564,139.336998917534
3017565,3164.4702930330095
3017566,28.305645385525494
3017567,2.523236817709327
3017568,19.413959621925923
3017569,26.536850201030987
3017570,0.2039128692179139
3017571,173.81734009221705
3017572,5.14940999609865
3017573,35.88800600678089
3017574,8.805350002075986
3017575,241.31864341529112
3017576,3.7852079538354992
3017577,377.69583683143065
3017578,194.98335553836117
3017579,9.146853520088541
3017580,8.121404101373301
3017581,452.1579375755226
3017582,73.14483633256484
3017583,2163.7995322835513
3017584,0.9168218804218685
3017585,25.17922202399473
3017586,5.796107398207465
3017587,0.02933320495951281
3017588,2.306837616466604
3017589,2603.6928092207763
3017590,0.0034638050951989754
3017591,440.1735349068322
3017592,14.0759261732401
3017593,914.44527177365
3017594,581.7004717956297
3017595,331.0166798111614
3017596,165.7050904900703
3017597,68.99757597902575
3017598,3895.811248241312
3017599,12.33359424144933
3017600,0.8967467924274876
3017601,25.9997867790587
3017602,16.580685943169037
3017603,0.6247045873746556
3017604,186.03333151880776
3017605,0.004244624240300741
3017606,5.214895151324633
3017607,5.069883771363692
3017608,109.8003514341805
3017609,1.1196565140086
3017610,143.4252110454428
3017611,238.91776358386116
3017612,3.9925353131193875
3017613,3.8684685964046257
3017614,196.72114331254465
3017615,68.09360078868008
3017616,1070.3029477751436
3017617,2.369447754522133
3017618,3.9296067084928077
3017619,5.33732159359926
3017620,0.31966105726864597
3017621,3.274683617615624
3017622,2476.869656270056
3017623,0.0034404772047617205
3017624,443.5008542538126
3017625,10.70253933926708
3017626,742.6477462298535
3017627,494.03442977630857
3017628,268.7640778102272
3017629,148.3124996410802
3017630,64.3816003068951
3017631,3216.1095140854013
3017632,11.107139870731082
3017633,1.1021339472895384
3017634,23.151425901134598
3017635,16.840274246219863
3017636,0.07126969291063064
3017637,180.7188772136442
3017638,0.004183483790292382
3017639,5.1059609475104
3017640,4.174736622975317
3017641,146.5739143534514
3017642,1.2682172513482215
3017643,94.16005609728468
3017644,184.52754888299128
3017645,3.15077932200026
3017646,4.41321465187357
3017647,192.30465465500433
3017648,58.623748493193
3017649,825.4161427292671
3017650,1.5247578222095641
3017651,5.240145952642202
3017652,9.683594822343743
3017653,0.9259342489800008
3017654,13.510906937126675
3017655,7576.744505531921
3017656,0.0796316366046518
3017657,1089.155771488547
3017658,44.164607637750464
3017659,1733.7073911374555
3017660,1919.055184627895
3017661,417.8946610005186
3017662,530.9020955633624
3017663,384.9796574540718
3017664,6994.531644652203
3017665,70.97073374009143
3017666,2.702742477407779
3017667,58.191095741881355
3017668,50.54779714475438
3017669,1.6580791912899033
3017670,407.2391778076163
3017671,36.25854610205626
3017672,51.7169362354214
3017673,34.00240915910769
3017674,313.02068822519306
3017675,27.516225598506946
3017676,1237.6716092067804
3017677,430.07037701754837
3017678,16.73444375892253
3017679,23.535764142949173
3017680,1529.0063104619367
3017681,277.01498098328824
3017682,7142.695783546798
3017683,0.9288391587040585
3017684,130.74277064847
3017685,3.1898799660844848
3017686,0.17903401314215714
3017687,0.6534621679332745
3017688,1385.173812751502
3017689,0.003283200431309879
3017690,141.9777235279131
3017691,4.726300573192022
3017692,559.2266567350146
3017693,212.5415521495326
3017694,118.55914862196033
3017695,105.36583627764901
3017696,56.08399234941197
3017697,1719.6224797263756
3017698,5.517963413418423
3017699,0.5373712103292748
3017700,13.247486077280671
3017701,7.398412294719037
3017702,0.13845343221519738
3017703,134.17494728540697
3017704,0.5872724750814275
3017705,0.004433298273276678
3017706,3.0680649605698136
3017707,64.09240081532015
3017708,0.7494934678282619
3017709,48.888115913340584
3017710,86.57605973116821
3017711,1.8339100751636215
3017712,4.052996333647886
3017713,109.56442528041713
3017714,21.39077115845584
3017715,433.88758182631636
3017716,0.31354186642720194
3017717,3.797025865503658
3017718,8.185214493520999
3017719,0.43415671905267555
3017720,1.9795651124049043
3017721,3004.387292660291
3017722,0.0030102513727197112
3017723,424.92857125940776
3017724,10.08231995873694
3017725,1022.3941469984945
3017726,520.1368101840576
3017727,249.9361690173943
3017728,232.30665993944376
3017729,100.35434028192964
3017730,3654.9788905018713
3017731,12.329111605674532
3017732,0.532551989163633
3017733,21.383432486428454
3017734,17.311798163335425
3017735,0.11152899643299648
3017736,210.95965706695515
3017737,0.9830161783105468
3017738,5.042318161751812
3017739,8.597281452810305
3017740,35.24412542186963
3017741,1.2891281192635713
3017742,266.6084656664463
3017743,230.09405947374904
3017744,3.4379556061171463
3017745,5.925072153094176
3017746,144.7175179530512
3017747,65.38906037835751
3017748,967.6221262441522
3017749,1.5197641868727896
3017750,4.678443172556339
3017751,1.6707220505977112
3017752,0.055576236450082236
3017753,0.8331667076693123
3017754,946.2763872765087
3017755,0.0030074993152381557
3017756,100.74423531752622
3017757,3.5316119549548954
3017758,510.5179250592936
3017759,126.6873594419036
3017760,105.79703187978372
3017761,143.94820613812539
3017762,23.631273274560748
3017763,1536.8137748920838
3017764,1.628270463183458
3017765,0.4175738055489995
3017766,9.965559421778128
3017767,3.888482303184666
3017768,0.20607046457187425
3017769,71.71780830761315
3017770,0.0037980875257939287
3017771,0.005569266105108132
3017772,1.3819994030308378
3017773,117.66501316204617
3017774,0.24403756175167488
3017775,55.23825821441764
3017776,79.8536872970597
3017777,0.37975703438855546
3017778,1.1509915430932025
3017779,67.18712710192618
3017780,11.381556485502111
3017781,157.22926749773467
3017782,0.10254031213405557
3017783,1.6391052080298545
3017784,6.28535852056208
3017785,0.06579121308116444
3017786,2.573424817788166
3017787,1680.518928578971
3017788,0.0031184886200250816
3017789,184.47606596613912
3017790,8.194051120700234
3017791,772.4906494810956
3017792,305.05289546511824
3017793,173.11252487399662
3017794,130.27966514099325
3017795,65.7080237469951
3017796,2438.6301636881585
3017797,3.5891180049084737
3017798,0.5425857484871286
3017799,34.33521031835192
3017800,15.168243794720457
3017801,0.23907760124070881
3017802,163.40572557208793
3017803,0.003957893337523241
3017804,0.00581745862371932
3017805,11.47694965347848
3017806,73.98263864352867
3017807,1.381530879875354
3017808,172.44181489520702
3017809,175.08751875187778
3017810,1.723932055574722
3017811,3.6768971643209047
3017812,229.8468076951332
3017813,31.087088337005387
3017814,980.1404929384865
3017815,0.12487141039694302
3017816,0.9795331054251577
3017817,3.3543319194342383
3017818,0.3110283567523384
3017819,2.0927812692799748
3017820,2552.2958703712093
3017821,0.00317223232266954
3017822,624.469221564668
3017823,10.58611909809891
3017824,817.8401760539758
3017825,539.6846895296222
3017826,251.17245523778578
3017827,104.87790082170919
3017828,86.51157449815234
3017829,3878.5790955631596
3017830,8.198203205961464
3017831,2.8780098608141373
3017832,27.82596074949583
3017833,36.083192367186925
3017834,0.20505436305135846
3017835,190.80031547341906
3017836,1.966634251045393
3017837,4.111421031358315
3017838,5.062954907985341
3017839,57.054405129532476
3017840,2.1582755393664783
3017841,147.6856970729561
3017842,274.5318519974793
3017843,2.917289729763174
3017844,5.7266327731936775
3017845,146.50305281533622
3017846,31.491254291104188
3017847,546.3214110170609
3017848,3.7006848863420423
3017849,2.5887397931292573
3017850,4.026594563984586
3017851,0.06342968213402875
3017852,0.5067279315177073
3017853,1398.838512305593
3017854,0.00327040066874882
3017855,101.18048029819344
3017856,2.507181872644725
3017857,411.4911273599335
3017858,135.94258818353998
3017859,99.77158222113084
3017860,120.58135262300543
3017861,60.517293126204706
3017862,1654.4733941179293
3017863,5.028866101778362
3017864,0.5875351808068793
3017865,9.287352999954624
3017866,6.1809182758790495
3017867,0.18411424143852484
3017868,71.34530610646972
3017869,0.004142454850578249
3017870,0.04768255822887074
3017871,0.6027548687618068
3017872,61.28303579507771
3017873,0.7684303077373202
3017874,142.12568050192604
3017875,75.97665791716855
3017876,0.7782811272951653
3017877,1.1030161413254334
3017878,62.21133487802342
3017879,19.000760646785285
3017880,292.91568964345
3017881,0.19636959743320095
3017882,0.9643250417037763
3017883,4.439063142585765
3017884,0.03527415885075142
3017885,1.0823915303599494
3017886,3183.33160531673
3017887,0.0034685805505178663
3017888,469.41637284561904
3017889,9.171522978047763
3017890,766.8585313243358
3017891,475.9509123315547
3017892,207.37683808848243
3017893,124.77158397288612
3017894,92.10447585056214
3017895,3248.234511907199
3017896,7.603095497011306
3017897,0.4648875209833742
3017898,26.994951253202352
3017899,11.75472329793737
3017900,0.11154145821155871
3017901,181.04003924910893
3017902,0.025130922583185587
3017903,21.310564354384304
3017904,3.60684504216752
3017905,129.08147313294543
3017906,1.1461089344425603
3017907,190.86426461451978
3017908,195.45348740647904
3017909,3.1793642041500956
3017910,3.437377427804984
3017911,132.4215889322611
3017912,46.525231345504345
3017913,1122.6593530775513
3017914,1.7634132275005665
3017915,1.378368484160358
3017916,3.5932523200221476
3017917,0.03167855773353333
3017918,6.696258194919196
3017919,2399.0009073769365
3017920,0.054003326373110894
3017921,503.2586535558405
3017922,8.355689979260411
3017923,817.8307557949094
3017924,796.1536618316096
3017925,160.64833065305447
3017926,133.9581027698275
3017927,124.73123175769251
3017928,3200.9120699973478
3017929,40.28706162958933
3017930,1.6248583441399818
3017931,29.77828386619335
3017932,28.977518086498275
3017933,0.1943407666550304
3017934,174.62353025248368
3017935,18.45260667312766
3017936,22.80030516239438
3017937,2.5880798325732144
3017938,138.78870879958106
3017939,9.30397499249938
3017940,342.1711837853961
3017941,220.31768770176353
3017942,10.878850471235172
3017943,11.35589866195835
3017944,296.53302377655615
3017945,96.99745699688644
3017946,2210.730273537577
3017947,0.0889463900712617
3017948,20.278919636134077
3017949,5.592957976827183
3017950,0.056164181234640495
3017951,6.573925693505979
3017952,2210.334549968764
3017953,0.038892636313253806
3017954,414.1745482291009
3017955,12.781090816279967
3017956,803.6272860545587
3017957,706.5700989969639
3017958,152.92296879061374
3017959,91.59759400809945
3017960,121.05063205414972
3017961,3155.351329039293
3017962,26.305481324786438
3017963,1.2158212813941809
3017964,39.39034973545699
3017965,26.281865744309314
3017966,0.05427115332239321
3017967,240.24182053701628
3017968,18.772351877587166
3017969,15.103975705620952
3017970,10.731594119550472
3017971,125.16083378276973
3017972,10.623364988093396
3017973,207.50957311110736
3017974,288.5783311878005
3017975,6.650272004662603
3017976,9.243232698044796
3017977,164.91048473112687
3017978,92.65276678126837
3017979,1653.8510980279393
3017980,1.7480974718293751
3017981,21.764379264274
3017982,8.578128907059465
3017983,0.28841341392361663
3017984,3.9630950831083083
3017985,2813.6281566517155
3017986,0.0034944469474389684
3017987,566.9722083078093
3017988,7.58037930101403
3017989,1430.103054160636
3017990,482.4604310466484
3017991,177.90282136779206
3017992,301.82267090127607
3017993,75.56707364559836
3017994,4404.626031210717
3017995,27.443228112265075
3017996,1.5036299217470814
3017997,28.361267740480915
3017998,17.18164669267332
3017999,0.1572786237616764
3018000,262.186375865532
3018001,4.673479889587863
3018002,14.251901881256636
3018003,6.784768008645857
3018004,83.31070638554412
3018005,3.958073859097566
3018006,338.04163780985346
3018007,250.60118740319214
3018008,5.3712007985997285
3018009,8.376702661192569
3018010,224.56936900552603
3018011,66.17719263332715
3018012,1215.0872177198444
3018013,9.85765712747339
3018014,11.932473749696477
3018015,3.96327419908665
3018016,0.09135475007801086
3018017,5.090436149891502
3018018,2181.2307972751187
3018019,0.06770073984784244
3018020,347.31150295137775
3018021,8.070411872156647
3018022,752.9491037724654
3018023,677.0872790254832
3018024,216.58247870047936
3018025,138.30905514508893
3018026,109.00860791128002
3018027,2889.7638962204237
3018028,23.98953481501782
3018029,1.2021329570051484
3018030,21.496399149249164
3018031,10.64376981259922
3018032,0.24841516860005972
3018033,153.09407932051496
3018034,16.434414648637482
3018035,18.509840756171176
3018036,2.495035621707228
3018037,126.11316324014048
3018038,7.5658505106225435
3018039,515.0601991727
3018040,190.6698932602554
3018041,5.909305551206402
3018042,7.940673283579745
3018043,504.22710568190547
3018044,71.58026042142983
3018045,1810.0191388408457
3018046,0.17213392671631025
3018047,33.136031121483484
3018048,3.2163458355072336
3018049,0.1884939629067719
3018050,1.9860003006390627
3018051,4420.51703699457
3018052,0.0033042741301981928
3018053,359.19632753054196
3018054,11.151397325764023
3018055,1506.940936849879
3018056,449.42007515111345
3018057,272.2175696097228
3018058,142.17330889876288
3018059,68.66755726016522
3018060,4847.500008076835
3018061,11.083894255829076
3018062,1.6625575547495863
3018063,29.38115785671861
3018064,21.54625649270203
3018065,0.1677372492483346
3018066,294.14072620318353
3018067,0.004199059810118045
3018068,0.22053714122391108
3018069,8.099945123107492
3018070,74.23286584698435
3018071,2.0135533954478038
3018072,118.54472815709211
3018073,250.45929273724778
3018074,3.0810328098348183
3018075,8.871539030616773
3018076,194.7676203355964
3018077,47.773586088837156
3018078,920.1297442549702
3018079,0.6881269244057695
3018080,4.52721048267904
3018081,6.282859265274231
3018082,0.050698381271660264
3018083,6.5879188654992555
3018084,2177.264579487967
3018085,0.03429034441467425
3018086,418.29654986821174
3018087,12.099881228644918
3018088,840.3560449942793
3018089,577.0011895124941
3018090,214.38399967828167
3018091,118.92577006330333
3018092,157.90266272311348
3018093,3154.4522721749036
3018094,28.18034610383451
3018095,1.1081867127732035
3018096,25.440020834198947
3018097,30.48578986192705
3018098,0.11725644112357515
3018099,188.5789226058497
3018100,11.687862225069939
3018101,15.917876659184866
3018102,8.056673048807891
3018103,117.75216285482199
3018104,11.791626517905488
3018105,296.4453517410682
3018106,260.65571126732533
3018107,10.319558160863108
3018108,7.5939843580256285
3018109,209.72917328102392
3018110,55.57715308882599
3018111,1651.1960929137222
3018112,0.6223873283575413
3018113,8.22577592952856
3018114,2.965122829897875
3018115,0.07577301104698923
3018116,3.7254910338728777
3018117,2251.3630606967863
3018118,0.06103811390123193
3018119,368.10837791495635
3018120,9.004450300300654
3018121,567.0938698639729
3018122,643.0167900040193
3018123,171.37005574101462
3018124,114.42094120068082
3018125,102.83245471194218
3018126,2413.6931047900625
3018127,25.60292115193687
3018128,0.9014958267064499
3018129,21.533623949331158
3018130,22.17444921292143
3018131,0.0858898992235391
3018132,169.50923160822276
3018133,10.91708239921406
3018134,33.71280380579722
3018135,5.851045009711828
3018136,70.89609368333576
3018137,9.727678176097672
3018138,262.25920391702545
3018139,174.4904336587838
3018140,7.357758847086281
3018141,7.672640022501471
3018142,254.58559467838487
3018143,49.53731285172191
3018144,1882.1866999212755
3018145,0.40344208268327497
3018146,17.503706097722816
3018147,6.463669402938948
3018148,0.12418566278939237
3018149,2.9860031139819254
3018150,4247.964230192197
3018151,0.0036041197339130105
3018152,448.0596118467231
3018153,13.056694126005159
3018154,1087.0115506291058
3018155,533.7632005364347
3018156,291.24544475977325
3018157,167.575512144139
3018158,65.5040284125496
3018159,3998.969692776171
3018160,9.11940431910154
3018161,0.6321852378872198
3018162,21.424831883210036
3018163,19.37331816436604
3018164,0.12325607334353031
3018165,201.0831438059349
3018166,0.004412839245190822
3018167,5.986720699684767
3018168,2.313740266585957
3018169,117.58646013255655
3018170,3.3271191143477408
3018171,173.44326903569447
3018172,257.0058281308143
3018173,2.450542115398387
3018174,2.693794997330865
3018175,266.3094769824139
3018176,106.35551183992274
3018177,1006.814000999795
3018178,2.2717829892381958
3018179,0.8072493563185327
3018180,16.716370671835445
3018181,0.0032777073282901394
3018182,14.166534342727118
3018183,8533.889862527514
3018184,0.06761579746644804
3018185,1436.4384978994556
3018186,36.437471064621676
3018187,2148.176567140209
3018188,2247.33831415669
3018189,666.1384545788885
3018190,638.7591762859832
3018191,424.8619930451327
3018192,8977.601861574598
3018193,81.57712286278507
3018194,4.243969615737428
3018195,105.77345066646033
3018196,102.38945094265225
3018197,1.5345358367380668
3018198,534.3988436813618
3018199,29.599339500396738
3018200,30.41446266994946
3018201,60.3338641595292
3018202,469.29267621909463
3018203,25.138571313297874
3018204,1479.0696682745238
3018205,467.8445159742945
3018206,31.946579981804412
3018207,34.2321402331673
3018208,1672.1157308066672
3018209,355.6412463145769
3018210,8157.617535216943
3018211,279.23251332959865
3018212,139.97583012616553
3018213,15.601797328623395
3018214,0.003112309990566091
3018215,13.346559030125658
3018216,8323.747354630894
3018217,0.09200466372435932
3018218,1226.161773244983
3018219,37.71878618649714
3018220,2194.478099838732
3018221,1961.4043121809782
3018222,757.0513172697226
3018223,432.47984401647506
3018224,390.8725178963769
3018225,9162.032530891174
3018226,86.12477847190932
3018227,1.5586936692973943
3018228,70.6723707059675
3018229,80.21844005453165
3018230,0.9798647799375935
3018231,521.5238214594697
3018232,21.43544911020369
3018233,35.76247690216086
3018234,26.190185558188865
3018235,337.71469784245255
3018236,18.727020474036216
3018237,1695.149118108147
3018238,560.4602277841398
3018239,22.330261533390928
3018240,27.215967691592287
3018241,1677.480906135758
3018242,259.83484761189266
3018243,5640.213116719623
3018244,313.5449084138063
3018245,122.30597508501155
3018246,12.51605088317149
3018247,0.002972814721816264
3018248,17.549012615031796
3018249,4861.246376455307
3018250,0.11884964056412253
3018251,743.8141823640923
3018252,17.280044092359983
3018253,1891.8109485816651
3018254,1266.2079595139885
3018255,760.8143917545891
3018256,136.51642026829435
3018257,266.48492797714374
3018258,7611.489260289132
3018259,41.221244064451874
3018260,2.5366185518555993
3018261,44.60499386765103
3018262,29.516339363617007
3018263,0.7733485942883102
3018264,483.2489056251881
3018265,25.07957187851115
3018266,21.863470764290387
3018267,9.335909978258533
3018268,172.71907472149445
3018269,9.775329544036309
3018270,1713.1287274723697
3018271,578.0814879888246
3018272,19.266314589634842
3018273,34.117278708521795
3018274,1101.6090089318648
3018275,129.08166734940116
3018276,2208.218570008582
3018277,256.5627652699983
3018278,58.58141499359632
3018279,14.83723036393319
3018280,0.0029921912705915994
3018281,18.85665233252815
3018282,7513.256649235657
3018283,0.09344935574799051
3018284,1084.3988877662816
3018285,25.024859316563912
3018286,1869.0882379100365
3018287,1832.8019838225914
3018288,720.3727821693233
3018289,342.9966745573579
3018290,273.882835680144
3018291,8858.391575902455
3018292,54.85387587461652
3018293,1.5396483281515303
3018294,73.02911379515758
3018295,64.184088425234
3018296,1.1762259561418484
3018297,492.04244383393706
3018298,24.094058182987652
3018299,31.59781389782009
3018300,28.91510391970461
3018301,265.1702152365008
3018302,15.012163771765767
3018303,1468.858901055791
3018304,575.8039621816486
3018305,18.845518254123032
3018306,25.124951461065425
3018307,1450.9099780608794
3018308,219.1675758330851
3018309,4895.224354457139
3018310,246.61758873812283
3018311,98.08047984526068
3018312,12.232771819166874
3018313,0.002971396158181358
3018314,16.837861982926157
3018315,3732.252919240945
3018316,0.030709341507995126
3018317,642.9314864448218
3018318,20.108258546949248
3018319,1710.0231765331873
3018320,967.9633049841106
3018321,637.7719193894508
3018322,101.73342393461002
3018323,184.10606510942333
3018324,6291.880289202654
3018325,36.36724377973936
3018326,0.4802771512078592
3018327,37.79830897230006
3018328,28.376320720637885
3018329,0.2828685820040566
3018330,442.3010256417367
3018331,26.32752736825486
3018332,10.893991711199114
3018333,14.10758992467552
3018334,176.94867771341342
3018335,5.35081301256885
3018336,1398.3315919993522
3018337,573.7200947081988
3018338,15.52005206527496
3018339,20.77109713135159
3018340,995.3625936518122
3018341,94.28003697587602
3018342,1548.7379372041137
3018343,330.60077842229646
3018344,31.795054272015925
3018345,10.846448642545004
3018346,0.0031771475564524067
3018347,11.616400021544466
3018348,6932.266807544873
3018349,0.07935695090158017
3018350,1107.410929080463
3018351,34.82608370503663
3018352,1560.6044119254532
3018353,1990.6335006697848
3018354,459.30682339165605
3018355,484.82712528742434
3018356,383.1303569345569
3018357,6820.749636950295
3018358,72.59146309421749
3018359,1.5167329028488583
3018360,55.4593232250737
3018361,49.32640671187949
3018362,0.7486282096067702
3018363,366.1662980014207
3018364,22.828336075434386
3018365,32.52569222570677
3018366,16.748705099961903
3018367,368.2368228677046
3018368,18.056925414847807
3018369,1421.877509398888
3018370,426.78710252775784
3018371,16.53483470492412
3018372,31.70733445546474
3018373,1410.1433433078603
3018374,240.3959921241232
3018375,7201.987857009451
3018376,213.06400088724178
3018377,106.22897922638595
3018378,5.3271268097929205
3018379,0.2569877276511638
3018380,5.693210197595692
3018381,1654.914846461053
3018382,0.05683273152951613
3018383,341.87828786465155
3018384,26.512627224264318
3018385,771.0997437092269
3018386,462.24538084826247
3018387,242.6757669749719
3018388,89.67035858822814
3018389,128.89095156545238
3018390,2598.766002080847
3018391,25.731159402987036
3018392,1.1572313025339045
3018393,27.86099505046034
3018394,24.640288265609566
3018395,0.15193067496340198
3018396,163.0224465726784
3018397,10.069936632440427
3018398,6.858228508366306
3018399,12.620926766370369
3018400,86.1639853632418
3018401,7.52265541847474
3018402,294.47118386679756
3018403,206.65580793836364
3018404,3.2468570627452626
3018405,6.387419293322858
3018406,275.9881030774443
3018407,62.341191527617546
3018408,1278.124658763188
3018409,0.7334889598231539
3018410,15.724479972574024
3018411,10.554340919110809
3018412,0.0030193041524992628
3018413,11.625134876894503
3018414,3738.601307516545
3018415,0.06945510423890006
3018416,516.2858999002183
3018417,37.921460633877906
3018418,1400.8749343731722
3018419,945.8537446224568
3018420,484.968149499602
3018421,100.8736401497048
3018422,168.93503505307913
3018423,5506.372560972072
3018424,72.03290058836164
3018425,1.5180619653487528
3018426,58.14282589945427
3018427,39.20638173738132
3018428,0.19277123914635425
3018429,291.68493194196617
3018430,17.133193116882715
3018431,8.968954085505253
3018432,4.5915951138055755
3018433,167.8958675207079
3018434,9.32538384294243
3018435,719.923818343424
3018436,428.0727680585952
3018437,9.612850332674409
3018438,20.182185101897637
3018439,528.8536742504458
3018440,98.37903188033981
3018441,1875.9301573352259
3018442,276.08795758548814
3018443,23.62110090193706
3018444,6.623407704838087
3018445,0.00277066495227456
3018446,4.845303646195816
3018447,4770.952809139571
3018448,0.05776013042240492
3018449,837.2996058978355
3018450,11.64085870939369
3018451,1280.3517179201358
3018452,1451.0513768222277
3018453,327.3086493610853
3018454,410.4703412879226
3018455,299.5169265376636
3018456,4600.367630513203
3018457,39.95145374441739
3018458,1.7107227204136377
3018459,31.948692396880784
3018460,39.420012429865075
3018461,0.5079458757085435
3018462,261.0969477562209
3018463,2.4469949687895998
3018464,44.54621333647383
3018465,5.228366340341047
3018466,254.21385439966306
3018467,11.24088833623603
3018468,1027.946695274535
3018469,252.98301937029532
3018470,17.544297278994087
3018471,9.967710310917635
3018472,2552.8810402493937
3018473,134.88958258616512
3018474,4844.167572015706
3018475,2.843665488444511
3018476,76.28973685888651
3018477,9.094969974782817
3018478,0.003957795303711592
3018479,7.099761765154026
3018480,4309.104974034545
3018481,0.00397179820480806
3018482,883.7473515075797
3018483,12.767426274441606
3018484,1382.018734423395
3018485,1018.2077103831067
3018486,417.80743645783156
3018487,270.0389702451426
3018488,376.8713803585537
3018489,5607.304892883018
3018490,40.04121000100952
3018491,3.116714730574523
3018492,54.523346543838734
3018493,42.79667392010801
3018494,0.13477378031573856
3018495,329.40649219678414
3018496,7.843851018454538
3018497,56.37443993679574
3018498,8.448259684660131
3018499,317.10781402348493
3018500,11.753267102725498
3018501,654.6251951422496
3018502,330.20133915041663
3018503,14.708601654266062
3018504,24.956557578591003
3018505,635.3155591902251
3018506,127.50587095301505
3018507,3989.8387072194882
3018508,4.543224649331912
3018509,10.165427272628463
3018510,7.602311817059122
3018511,0.0303043239228391
3018512,4.280677565490048
3018513,2009.209668305469
3018514,0.031620355022708796
3018515,402.6473145722466
3018516,7.713568495024168
3018517,781.8030666675086
3018518,453.1341799008784
3018519,245.15688751366542
3018520,91.05026239932147
3018521,156.2148793352878
3018522,2529.858856250933
3018523,15.93214386361446
3018524,1.2630503598400655
3018525,29.609057527898102
3018526,21.579865198549758
3018527,0.11220761087088366
3018528,164.86965215356895
3018529,4.779896414231461
3018530,10.671595644943602
3018531,8.084212576382292
3018532,120.47027870908516
3018533,4.155500162057478
3018534,471.54514782422984
3018535,186.76962844090684
3018536,4.269203695213127
3018537,6.2744617277393955
3018538,251.98382332737637
3018539,60.48862850584174
3018540,1721.6422219242343
3018541,0.5038463494680095
3018542,6.016262832190131
3018543,6.344839466820581
3018544,0.08737240726104895
3018545,0.7019501918050605
3018546,2653.1487102015926
3018547,0.0033803774741822095
3018548,187.15774922561243
3018549,4.9243684508855825
3018550,881.5567401188265
3018551,205.55610355621252
3018552,205.35666900009653
3018553,58.80979144606563
3018554,32.57360485693738
3018555,3162.575672663122
3018556,12.062483037859964
3018557,0.9225369478685956
3018558,20.317172337266918
3018559,10.209390239706577
3018560,0.1824363781454414
3018561,173.54883158890922
3018562,0.004280906076789256
3018563,0.004561769580616255
3018564,4.439439430182571
3018565,42.245273116702236
3018566,1.014747598177073
3018567,46.1900711038852
3018568,157.84233670585596
3018569,0.07722675230597846
3018570,2.4697361299384264
3018571,69.39078871336483
3018572,76.92230634272168
3018573,526.8139106937479
3018574,0.11415275825912158
3018575,2.195368364688567
3018576,6.1025934818580625
3018577,0.008878485918800522
3018578,6.238832382748366
3018579,2843.3798890756843
3018580,0.03144229589097282
3018581,472.9005008921785
3018582,13.362239744334332
3018583,984.5153016856593
3018584,809.0704326188372
3018585,338.14322202559555
3018586,166.36335028143486
3018587,161.58029453754378
3018588,4087.6995048738913
3018589,33.02456225753783
3018590,1.064177868936053
3018591,23.87680052205588
3018592,46.68535168523466
3018593,0.08868533716005893
3018594,225.0558257166072
3018595,19.626404662080198
3018596,17.616445924443106
3018597,10.660213279031138
3018598,126.40233373865367
3018599,6.8815546067749
3018600,650.1091746236793
3018601,251.19426363876352
3018602,8.61622437494801
3018603,12.068820179153219
3018604,725.0558837887816
3018605,106.09401297456316
3018606,2062.192681776242
3018607,0.06424883995978659
3018608,51.661116274931445
3018609,4.824358359867753
3018610,0.04455669367743775
3018611,5.623415022447255
3018612,3998.121946820386
3018613,0.19029962740264733
3018614,617.5466960686387
3018615,19.38534499693346
3018616,938.8550827364661
3018617,1251.0427557355433
3018618,202.8729855866289
3018619,307.58334426207296
3018620,236.52128807845185
3018621,3738.2233431810937
3018622,36.708626486757794
3018623,2.388934902546979
3018624,32.55655391495033
3018625,32.02629618268657
3018626,0.6528237072502902
3018627,197.88407582369393
3018628,12.030747421684305
3018629,39.309522264253175
3018630,10.120467857483064
3018631,236.74972649526342
3018632,14.896345750003352
3018633,717.90853661147
3018634,202.0491465510981
3018635,6.434944701973802
3018636,14.056183108490181
3018637,836.6786607837056
3018638,150.12919689409878
3018639,4560.821412757779
3018640,0.41158820245398414
3018641,61.76089670112464
3018642,4.766556113857373
3018643,0.39480870192957535
3018644,9.528045796915697
3018645,4427.262318294165
3018646,0.06968082563817637
3018647,756.3631112722264
3018648,23.400079489953594
3018649,1118.274194368993
3018650,1356.206387183986
3018651,312.2066896026229
3018652,320.60800563468933
3018653,192.1337559757159
3018654,4602.383726679515
3018655,37.250747648421616
3018656,2.700309899632087
3018657,42.25026880210293
3018658,43.014418474513455
3018659,0.275506800176356
3018660,268.367622837377
3018661,27.68758799960736
3018662,33.206908757185516
3018663,22.755066749457637
3018664,214.84664495401762
3018665,17.465901006147888
3018666,724.6825777641086
3018667,275.0185376516257
3018668,15.462422993073364
3018669,17.002235510178295
3018670,826.0804987570881
3018671,159.5946123935478
3018672,3493.753051615867
3018673,0.796943171366594
3018674,58.14252708466054
3018675,11.711148303457346
3018676,0.28789588311942205
3018677,6.893710219202879
3018678,2561.1799735639174
3018679,0.0033344101973270864
3018680,374.987617773181
3018681,15.67446306788648
3018682,1349.4578069269187
3018683,596.0649431376256
3018684,574.3824986278493
3018685,130.34883511713355
3018686,82.16803314382526
3018687,4735.698664565367
3018688,12.066578667327356
3018689,1.3202261937420277
3018690,47.467428322421
3018691,35.38940600936319
3018692,0.09978960164171077
3018693,291.727223827966
3018694,9.164365384103906
3018695,5.332057422314934
3018696,8.271860157712862
3018697,72.42189205564924
3018698,3.4170873649984843
3018699,259.7279502161508
3018700,327.7605566796541
3018701,5.490499011065453
3018702,6.830688616515922
3018703,414.84778027065136
3018704,93.52051024400461
3018705,1115.5629160542303
3018706,128.3600815386521
3018707,14.953400470130891
3018708,5.150784165277178
3018709,0.0036079735483063747
3018710,4.483678438545978
3018711,2181.1351245171313
3018712,0.06673681368716203
3018713,339.2367546618284
3018714,12.439411869777949
3018715,575.3713268322949
3018716,682.7047507469745
3018717,128.39436891840205
3018718,137.41673021340654
3018719,131.46169106537212
3018720,2371.624706015508
3018721,21.01664780334289
3018722,2.0736106707491744
3018723,28.379554680426253
3018724,27.93267687245019
3018725,0.1338729188368177
3018726,157.36623949448702
3018727,16.170220016149017
3018728,16.906749535660495
3018729,7.590937230840404
3018730,139.05851003816832
3018731,8.142808368724976
3018732,248.38562638576687
3018733,163.2873077091276
3018734,5.515905145105675
3018735,8.845752573714432
3018736,255.5461102599939
3018737,69.85534692349084
3018738,2303.973208121942
3018739,0.07200820572496196
3018740,32.072669499139245
3018741,2.6896077569057226
3018742,0.13025246788241307
3018743,2.8741839233056097
3018744,1385.4209413917479
3018745,0.0031501049914486098
3018746,111.89850987335934
3018747,7.517599980224916
3018748,835.8541865216365
3018749,296.5538305515183
3018750,257.8643296054289
3018751,54.94463643744522
3018752,57.2712965489839
3018753,2787.035861129172
3018754,7.786979126841687
3018755,0.672508734083104
3018756,13.581743004886563
3018757,10.26558870625344
3018758,0.17657898997125884
3018759,192.52280990452647
3018760,6.372900175116631
3018761,0.01939666107921878
3018762,2.7323767161685195
3018763,23.558354700929478
3018764,0.6238035975431689
3018765,184.25452527725167
3018766,208.36724616528684
3018767,1.0262964518622828
3018768,4.825852050355446
3018769,170.39936244733954
3018770,32.45729247353241
3018771,248.58268421955535
3018772,23.012904113095743
3018773,3.100809494393438
3018774,10.300422394384643
3018775,0.42885846837286684
3018776,6.6688719788359165
3018777,4895.446703115295
3018778,0.00320193079996482
3018779,650.8153667342833
3018780,20.252420799735724
3018781,1821.4023560977746
3018782,591.0756320352554
3018783,475.57856136754384
3018784,221.28123583124713
3018785,126.0741766380529
3018786,6900.323474856135
3018787,29.71821499800244
3018788,0.9394806613986276
3018789,39.80092954933525
3018790,23.2171883643749
3018791,0.22115847138549288
3018792,478.6489411234475
3018793,10.303578954563479
3018794,4.015256133583691
3018795,12.019311730737158
3018796,74.0484994125225
3018797,3.471709178514996
3018798,542.6224644763198
3018799,424.1806846008032
3018800,2.9010480627751476
3018801,17.50121698719274
3018802,473.03910298634656
3018803,90.87320970510252
3018804,1329.5305479864403
3018805,40.32244091502292
3018806,13.220485094517247
3018807,7.542484635957896
3018808,0.07567790454180814
3018809,1.3541063648387288
3018810,1633.3569628358566
3018811,0.002986546518808485
3018812,178.82336171658798
3018813,15.128184690445169
3018814,954.2358598430714
3018815,375.05727589400954
3018816,206.7657320255857
3018817,71.29921507505031
3018818,61.59064010549743
3018819,2727.477713031641
3018820,10.606125246557168
3018821,0.7308362343515248
3018822,19.09019998528132
3018823,19.998966930925192
3018824,0.16690249566268262
3018825,179.36014764552726
3018826,6.058173703460296
3018827,0.017875322034956148
3018828,9.291734798822167
3018829,69.20093143516783
3018830,2.025779006598284
3018831,131.76422339109786
3018832,201.26543182067925
3018833,1.5459422444395985
3018834,7.402291377188956
3018835,163.2273649453797
3018836,36.968668831985994
3018837,343.26031029498427
3018838,8.16873630090773
3018839,4.953126700056586
3018840,6.996755170428141
3018841,0.0029555511716235347
3018842,4.107765124617833
3018843,1859.7145959431482
3018844,0.0028889678542898165
3018845,146.24863851760782
3018846,10.003428440514776
3018847,979.1097808272941
3018848,331.24143186616806
3018849,205.71436125801233
3018850,48.67813975924375
3018851,48.848033272613364
3018852,3319.6588937396973
3018853,18.387879719843383
3018854,0.33569502174182575
3018855,22.322647780580915
3018856,12.280698507634805
3018857,0.09648933191816048
3018858,188.59330118201862
3018859,2.6828129927330693
3018860,0.035042853403637136
3018861,3.3562471012189636
3018862,62.6029319771974
3018863,1.359697547522955
3018864,184.19560980589176
3018865,245.36381485517484
3018866,0.6201189125289158
3018867,6.25276793333744
3018868,162.11169089067326
3018869,27.06280311832038
3018870,207.42649185508284
3018871,11.943710305990367
3018872,3.6712078997876576
3018873,5.551895293019437
3018874,0.004993329093012982
3018875,3.325483695468912
3018876,1726.6016233442938
3018877,0.0031662186691299764
3018878,210.57680529607867
3018879,14.446309607122432
3018880,1299.1839655551432
3018881,448.7433596494171
3018882,279.41284387562524
3018883,45.61872362395691
3018884,71.83065569861316
3018885,3517.32348541731
3018886,8.321014791692797
3018887,0.2766543197070256
3018888,17.58929722648991
3018889,26.254451246156766
3018890,0.1513373979184655
3018891,274.2013953563054
3018892,1.5763678682942364
3018893,0.0046874113491510005
3018894,4.289119191510298
3018895,34.6271301789795
3018896,2.624379515507441
3018897,339.36321712061095
3018898,343.2721362418837
3018899,1.26696743742559
3018900,6.2777780379507915
3018901,154.71941887931587
3018902,95.89110485156075
3018903,390.9683994110672
3018904,6.926618980219221
3018905,6.653927494321831
3018906,4.84247528532036
3018907,1.1406275065339528
3018908,3.893806023892565
3018909,1620.293414865583
3018910,0.0028784571871307008
3018911,141.19016050629432
3018912,5.474460178224881
3018913,885.2075083733662
3018914,321.03000680175177
3018915,252.81565481189853
3018916,98.02397647276594
3018917,78.54180511996249
3018918,2712.0363340477024
3018919,9.833778674826915
3018920,1.3927448808438265
3018921,28.849642498923963
3018922,19.778885639731204
3018923,0.14691949060158305
3018924,222.12835827688482
3018925,10.285791078461953
3018926,0.01792211523500619
3018927,4.294118727022838
3018928,39.71160103035033
3018929,2.341035399627649
3018930,119.0417341283379
3018931,199.97232260160675
3018932,1.0730864719547284
3018933,6.0099348796622625
3018934,110.34752074338675
3018935,38.53825401615884
3018936,546.5593860027304
3018937,8.030931515093084
3018938,5.914588791496768
3018939,6.357346228947535
3018940,0.254766021403699
3018941,1.3610798218430997
3018942,1374.9570101308177
3018943,0.003073259577913816
3018944,160.009677921405
3018945,7.863572488569846
3018946,899.7562701053689
3018947,249.05942266655916
3018948,175.59728039578465
3018949,140.72130076505678
3018950,59.87272841264786
3018951,2280.202265484396
3018952,7.478967222598891
3018953,0.3431239923011568
3018954,16.87789381177608
3018955,14.341905339520464
3018956,0.19879893584562333
3018957,159.37754019114615
3018958,0.004011994554853403
3018959,0.006748376862088138
3018960,3.7529433624008965
3018961,60.72603385100568
3018962,1.9181855741525822
3018963,56.378485419924544
3018964,150.003363679985
3018965,1.1145790083508675
3018966,3.8997491733987255
3018967,74.9590255079998
3018968,38.486489191435396
3018969,489.29142595835475
3018970,0.18905049569720328
3018971,1.9173472041160038
3018972,10.457674218516669
3018973,0.45196845385997664
3018974,3.8797478441998967
3018975,3418.892605465434
3018976,0.0029917243269872414
3018977,309.8900847216912
3018978,10.843354316393278
3018979,1267.693540758515
3018980,761.5797952424585
3018981,510.3785515844133
3018982,172.13554249376446
3018983,161.49122622575405
3018984,4697.411156215077
3018985,20.211481597274
3018986,1.4683506707714427
3018987,34.600165893798504
3018988,34.88056009834145
3018989,0.14185060821474227
3018990,289.2848192247274
3018991,1.8296166445888333
3018992,0.06867688501270924
3018993,11.886088375286564
3018994,92.21977034030488
3018995,4.8905367559697375
3018996,242.2033241286999
3018997,305.4225332532541
3018998,3.1039280802853275
3018999,10.977510785608544
3019000,389.33782751092326
3019001,74.33735526279177
3019002,1354.0564311232463
3019003,24.015892403461052
3019004,16.070302440149995
3019005,4.963326477200897
3019006,0.3077973007344738
3019007,5.161162942882871
3019008,2390.8881829018487
3019009,0.002502913473361699
3019010,588.9505800594511
3019011,8.401121246583374
3019012,676.3362361536083
3019013,600.5291313693751
3019014,222.34793137344369
3019015,181.9806502489327
3019016,119.51294587543265
3019017,2858.9749285002968
3019018,15.996320076832113
3019019,1.19672726756666
3019020,24.569148048867184
3019021,23.177797776064487
3019022,0.08528348863656947
3019023,216.89532103740984
3019024,11.144568914398736
3019025,2.6989270338196176
3019026,6.462422609563678
3019027,109.2434651206313
3019028,3.0882881788732313
3019029,86.10201842342958
3019030,190.96328330322842
3019031,4.310717418659647
3019032,8.972400730007099
3019033,192.36218651888763
3019034,48.875084309299815
3019035,1515.122129216318
3019036,49.78746912300884
3019037,19.205912469835436
3019038,8.269124953807363
3019039,0.5162096870555589
3019040,4.731068910277955
3019041,3211.2816729113333
3019042,0.002903674707512557
3019043,201.14861534571432
3019044,9.613662699881006
3019045,1355.8788328917224
3019046,432.5836338711009
3019047,383.70217846681174
3019048,67.67699854085255
3019049,66.36475768478178
3019050,4498.774433437824
3019051,22.70265498582984
3019052,2.1370887764970514
3019053,22.329755021674842
3019054,21.62326708845781
3019055,0.28088318211606655
3019056,262.4570800523744
3019057,12.258846407706184
3019058,0.006580790811597413
3019059,5.247015259872875
3019060,62.40881009885554
3019061,3.4401264272464473
3019062,191.18509975024838
3019063,281.94569665150766
3019064,1.633883641249903
3019065,7.527511555297128
3019066,264.76572731629597
3019067,35.32834953363049
3019068,521.2435477319776
3019069,9.756271651278563
3019070,6.928376764107711
3019071,8.743230409014554
3019072,0.059826324604246084
3019073,10.26058387820506
3019074,3515.4311700474104
3019075,0.06170466798907245
3019076,649.9875901580562
3019077,16.020119293084758
3019078,926.7904614390081
3019079,955.9707195979903
3019080,252.0503152031796
3019081,187.56628115123846
3019082,144.7459556221218
3019083,4190.759257548097
3019084,38.36596426826695
3019085,1.7405662367913506
3019086,28.054412724234098
3019087,52.2710110275835
3019088,0.15912789071793101
3019089,248.21180567815236
3019090,27.84805895027717
3019091,22.495271879737217
3019092,9.283457388815835
3019093,179.6285826782911
3019094,11.75685743155887
3019095,467.26474176622077
3019096,290.18218512227986
3019097,10.884402614697988
3019098,9.743181778000123
3019099,480.19897309761024
3019100,128.3387427945757
3019101,2576.027068774429
3019102,0.11300749190679485
3019103,37.123128434077074
3019104,10.049720611224569
3019105,0.3693066437034181
3019106,7.270628791897206
3019107,4482.450273030329
3019108,0.003124634574012751
3019109,494.04717926024364
3019110,12.5208486988934
3019111,1687.1224688016348
3019112,771.773830052742
3019113,696.7442803065369
3019114,116.93912023059606
3019115,142.76061026593675
3019116,5793.2566814098755
3019117,16.08547380854326
3019118,0.6923326361129438
3019119,27.235205874164606
3019120,21.12133370951025
3019121,0.08996792842321141
3019122,396.5758839681442
3019123,3.6025602450808503
3019124,9.147664484569148
3019125,6.143694236426203
3019126,76.11197079760635
3019127,2.1472164867549703
3019128,321.720656611134
3019129,453.034010072503
3019130,4.208940469041077
3019131,8.000354467977452
3019132,419.67814539724174
3019133,75.0104902322276
3019134,1160.1046312894618
3019135,44.3072565977146
3019136,20.90467464373206
3019137,12.30984393537479
3019138,0.4618992878117977
3019139,5.6815731714071696
3019140,3613.818382278372
3019141,0.003332018142606379
3019142,484.53536186412515
3019143,10.813980103394504
3019144,1554.9361562734357
3019145,641.1092886901079
3019146,366.3573973991954
3019147,267.8424183539382
3019148,146.63327669336897
3019149,4586.820013258524
3019150,16.885522041164315
3019151,0.7930859854829099
3019152,51.71095231980795
3019153,39.69879325849806
3019154,0.273607363460568
3019155,368.6561433684767
3019156,5.514649998331478
3019157,4.500791167738935
3019158,10.646720689425539
3019159,118.79711051356952
3019160,3.1181332168378852
3019161,127.54297844433712
3019162,357.3296200620919
3019163,3.189884959716159
3019164,8.460329238788189
3019165,211.36437008698348
3019166,156.39376591301138
3019167,1376.7821468365953
3019168,1.2138104289318592
3019169,7.760676327737669
3019170,5.7567314525676325
3019171,0.23387592540450694
3019172,2.406710008320726
3019173,1775.4684855701412
3019174,0.0032002473055367255
3019175,138.9218253179364
3019176,10.919287350555752
3019177,698.6376504522419
3019178,343.8367857483492
3019179,164.1665657568705
3019180,54.05845437437846
3019181,92.59967206934205
3019182,2343.949795524466
3019183,8.94110233454771
3019184,1.132207681041262
3019185,37.75113769857343
3019186,20.714513685109786
3019187,0.10135915184272783
3019188,202.2386206735663
3019189,0.7333760544979836
3019190,0.01908967094387828
3019191,5.836471634843868
3019192,69.91149813416735
3019193,3.9235824882821024
3019194,97.18062612815855
3019195,170.37624543158566
3019196,1.3894190874520436
3019197,7.178325351784649
3019198,157.9689239520026
3019199,34.01069232748902
3019200,492.2535877336119
3019201,21.81911975634086
3019202,2.213875752360637
3019203,3.096798191526818
3019204,0.0032909319859641545
3019205,2.663978284064532
3019206,1562.9291716508142
3019207,0.2080801795410308
3019208,266.341406376755
3019209,14.106305684239327
3019210,594.9237574350449
3019211,504.02012159047143
3019212,138.49682257284826
3019213,49.091524730971344
3019214,92.58236498398453
3019215,2215.2945399227174
3019216,28.20904528688238
3019217,0.46434259074820755
3019218,14.50722466909215
3019219,19.056032871733642
3019220,0.30534116218108504
3019221,136.27751356828065
3019222,15.642127815173497
3019223,3.5865983474027363
3019224,3.697760717544612
3019225,125.04146812780968
3019226,5.8967740887947455
3019227,576.153036066343
3019228,155.84002407677167
3019229,4.320119571546192
3019230,6.558419150613396
3019231,300.6758154684614
3019232,42.62020959834819
3019233,1155.5017741443412
3019234,0.075510996890202
3019235,10.444687885323845
3019236,3.648409050023407
3019237,0.11092670267799204
3019238,7.137917401623707
3019239,3946.428410591161
3019240,0.06753302391462629
3019241,780.5788196240088
3019242,20.926026963934824
3019243,1202.244693968609
3019244,1291.7096586972389
3019245,294.453299935588
3019246,232.6060231493828
3019247,199.72454965471914
3019248,4356.181905986361
3019249,33.86417205561274
3019250,1.295737886226077
3019251,24.574997015654205
3019252,44.229952658028125
3019253,0.13449612928301571
3019254,263.98764169000515
3019255,17.2385365157133
3019256,39.16813166411631
3019257,11.78534613763032
3019258,164.76017113857688
3019259,16.339564451026
3019260,396.13386568450255
3019261,310.7758845543113
3019262,20.919310277971107
3019263,12.86705422353565
3019264,528.0531825008449
3019265,129.08887811693637
3019266,3606.6814380899887
3019267,0.16553427191324271
3019268,30.70278874252257
3019269,3.9980547084917593
3019270,0.03768118286722902
3019271,4.6973769723780165
3019272,3088.966278882049
3019273,0.03662684843174552
3019274,454.3372635438526
3019275,11.212558729338957
3019276,576.4172069116684
3019277,713.1796616509051
3019278,176.06029552360906
3019279,162.9583047797216
3019280,258.7987137281504
3019281,2116.4996224175557
3019282,23.79415941361934
3019283,1.4123224957458285
3019284,28.09372785241365
3019285,20.153121735898182
3019286,0.09488241638265851
3019287,118.38865461993461
3019288,0.0037009826035133957
3019289,30.74974962516837
3019290,7.775162535042028
3019291,447.24317752991163
3019292,12.387134093966393
3019293,249.16132374031685
3019294,149.62855165655816
3019295,5.042614281496004
3019296,9.249648662291175
3019297,196.20521949778737
3019298,54.37765300202811
3019299,1227.944298803539
3019300,0.9461708921618586
3019301,7.238213403913845
3019302,5.056281461519015
3019303,0.08048627695126383
3019304,0.7938953091316447
3019305,1026.9901715217406
3019306,0.019407730627568058
3019307,231.16841829952764
3019308,8.409278213207305
3019309,384.46833725289645
3019310,274.5767019066474
3019311,100.16326260524905
3019312,38.88761689241197
3019313,55.908546592263285
3019314,1631.277717730549
3019315,9.396923648753898
3019316,0.9408370552527168
3019317,13.34592181329655
3019318,10.539953873432815
3019319,0.3122763915149208
3019320,82.5220469518772
3019321,0.4544949122195789
3019322,7.279655324521515
3019323,2.506153710571082
3019324,54.77253603945766
3019325,0.35885503290029597
3019326,256.1524389944568
3019327,154.2344152789789
3019328,2.952027184740129
3019329,1.9021647446574521
3019330,165.47871126932353
3019331,27.11479379432527
3019332,499.94384552730776
3019333,0.8151490074466535
3019334,3.1243571079674437
3019335,8.450278801321156
3019336,0.21356501414837725
3019337,4.111905167923608
3019338,3892.1645154175467
3019339,0.14049358341258592
3019340,664.6267833042255
3019341,24.245000607652045
3019342,926.2225941732955
3019343,1051.0802744023224
3019344,298.7755266444669
3019345,237.21497305229013
3019346,236.7829767915959
3019347,3834.290856935316
3019348,34.64644939869857
3019349,3.403864703677275
3019350,26.93873007820639
3019351,39.47036035549092
3019352,0.24563066404384715
3019353,240.6127134561936
3019354,10.27626689613276
3019355,48.55909927164583
3019356,12.508670476636027
3019357,408.9650995107478
3019358,5.783169948847331
3019359,300.4249558711925
3019360,271.9925634153468
3019361,12.245221283248153
3019362,12.113589332941649
3019363,385.9621755050498
3019364,97.08810158759894
3019365,2889.388130538944
3019366,1.2167139229618853
3019367,23.35094155048581
3019368,8.573573521894467
3019369,0.05519315920904212
3019370,3.6963055099267526
3019371,3970.611418195891
3019372,0.0034685672734949304
3019373,646.732141701588
3019374,20.276355116322627
3019375,1391.401032358514
3019376,863.7986602250827
3019377,379.8142423762663
3019378,230.7216982960423
3019379,133.1190436003201
3019380,5592.502009745335
3019381,18.068223107588
3019382,1.3252204202041045
3019383,40.122732938798244
3019384,24.187418273809666
3019385,0.8732224961285489
3019386,289.9099018140913
3019387,0.004360462329172323
3019388,7.450170180772775
3019389,7.667356284903034
3019390,145.3873066165612
3019391,1.9946806322613733
3019392,204.2715359270737
3019393,339.71677336224815
3019394,6.528023440345439
3019395,6.241901982621398
3019396,272.1758090267072
3019397,94.5764454336704
3019398,1607.51692510145
3019399,3.3705689152318277
3019400,8.847077142187544
3019401,7.821006487343782
3019402,0.5251203415153929
3019403,3.648226035230478
3019404,3500.012138428853
3019405,0.0034447409057177083
3019406,618.6315466189519
3019407,16.07108822177033
3019408,1092.421154089531
3019409,708.6835318195933
3019410,279.7141041675985
3019411,197.6571496285714
3019412,132.6053406556459
3019413,4449.864412624338
3019414,15.850146067756878
3019415,1.5633004450183972
3019416,34.44180828762425
3019417,24.312934372423417
3019418,0.09379628168854226
3019419,271.89545354304437
3019420,0.004309490247023959
3019421,7.350508102418028
3019422,6.094067662137125
3019423,275.9431726610294
3019424,2.2088918497234244
3019425,125.93888871078904
3019426,284.81649738596883
3019427,5.250785488726935
3019428,6.251278733664973
3019429,198.65006503039814
3019430,68.72304782274456
3019431,1194.6919179893307
3019432,2.4279145428493054
3019433,9.731472908771599
3019434,13.424908988151234
3019435,1.1947958614522662
3019436,19.960478749318433
3019437,9650.710980677031
3019438,0.09517352860308445
3019439,1305.9975252080658
3019440,58.681105462941815
3019441,2104.324180653857
3019442,2331.5054335029963
3019443,441.7708478769397
3019444,542.63552196704
3019445,422.82352703042847
3019446,7932.600521261182
3019447,82.83407039600392
3019448,3.637740954485185
3019449,69.43691607949202
3019450,64.35572322825331
3019451,1.5173879016080865
3019452,580.0188900229589
3019453,58.625428223993865
3019454,57.49493475283692
3019455,35.11764514024296
3019456,380.669110223501
3019457,34.70777308432603
3019458,800.362289323425
3019459,615.5371042084985
3019460,24.515213462394513
3019461,34.932291703348504
3019462,1207.5280060794364
3019463,314.55401524290494
3019464,8005.965346650645
3019465,1.304052232146892
3019466,105.31277170733938
3019467,4.228233453745199
3019468,0.27212804749307845
3019469,1.0057636926806173
3019470,1599.3519995520332
3019471,0.0032540667916462814
3019472,166.14530232244186
3019473,6.182892938439902
3019474,629.548409060513
3019475,266.4148450650893
3019476,129.86605882819927
3019477,126.39533828497451
3019478,72.8922918405591
3019479,1953.1539247073806
3019480,6.654733954024869
3019481,0.5969077126753227
3019482,17.746153698763038
3019483,9.769315284590164
3019484,0.18126851492143217
3019485,167.1486611386447
3019486,0.7576649994935243
3019487,0.004800845346009757
3019488,3.986348239854438
3019489,97.5722774233568
3019490,1.0736461883541994
3019491,65.86894772497851
3019492,108.98014786341295
3019493,2.5050019248493776
3019494,5.456594082789731
3019495,116.11249523733471
3019496,26.062944223001992
3019497,537.4229072215967
3019498,0.37282766904979564
3019499,5.717241549489769
3019500,11.197232892968835
3019501,0.6047240417334309
3019502,3.0386569791429032
3019503,3728.9539388746075
3019504,0.003010325218652331
3019505,557.4252665219519
3019506,13.715375487213242
3019507,1469.1934756607222
3019508,712.9788661702067
3019509,266.58491750564855
3019510,305.78603388452484
3019511,155.32842463486256
3019512,5097.392676396477
3019513,16.754670852777735
3019514,0.729067775782213
3019515,27.503960121283065
3019516,25.28020915297672
3019517,0.1386076533278424
3019518,309.61244926185645
3019519,1.485555426755835
3019520,6.938281419056149
3019521,11.199229880898216
3019522,51.1757232373946
3019523,2.034841717654181
3019524,338.09951143047823
3019525,327.64466122541273
3019526,4.577482909781526
3019527,9.220723237946775
3019528,139.57147307643828
3019529,77.49248857453841
3019530,1326.8492089684273
3019531,2.234110675246713
3019532,6.631052369107847
3019533,2.346140200293231
3019534,0.061723358000009595
3019535,1.1369201533670241
3019536,1290.837629492943
3019537,0.0029728151759952754
3019538,125.0701975252945
3019539,5.545453207427278
3019540,782.0780053429207
3019541,169.89131881668564
3019542,96.38742157450599
3019543,184.44585101359596
3019544,32.32154214063119
3019545,1956.7208881152153
3019546,2.2418587676465958
3019547,0.5097868960096769
3019548,12.296140781484146
3019549,5.079989150685156
3019550,0.2593067640179257
3019551,99.69971774008192
3019552,0.0038733570546317076
3019553,0.0060775390537213606
3019554,1.9588472780463397
3019555,99.58320795888484
3019556,0.36533110971749694
3019557,68.84009584301559
3019558,107.55200836491441
3019559,0.5924483026042048
3019560,1.7312688835264813
3019561,68.83840756418498
3019562,14.63480561063837
3019563,224.9202231808743
3019564,0.1625653595571499
3019565,2.8398199496495997
3019566,9.50213023073773
3019567,0.10142067323290152
3019568,2.323229415510462
3019569,2468.4055629889103
3019570,0.0031235231480563966
3019571,263.2191613891883
3019572,10.770205580155846
3019573,1157.3828102590883
3019574,444.29095792126554
3019575,194.12982943744817
3019576,189.05347565975154
3019577,116.16605435542786
3019578,3299.244252855997
3019579,4.722700722145639
3019580,0.8433506899288268
3019581,49.436464511770644
3019582,22.852737105107778
3019583,0.3540501530247442
3019584,254.99296000877086
3019585,0.004076570080780591
3019586,0.05586889375215637
3019587,15.346079866662235
3019588,109.88189503036709
3019589,2.120970097318729
3019590,254.27928603634092
3019591,270.25487320667287
3019592,2.357608558404393
3019593,5.278854810005797
3019594,245.6966894935397
3019595,38.22708114073272
3019596,1303.8036397659143
3019597,0.1949698898809932
3019598,2.140473135720135
3019599,4.347344033830358
3019600,0.34324192706779144
3019601,3.5211301778257207
3019602,2903.137570636156
3019603,0.0031230539952597615
3019604,715.8297252223449
3019605,14.49281756882495
3019606,1022.4621480957919
3019607,622.8041299946806
3019608,245.0653056204008
3019609,121.02105565564707
3019610,112.0010323354717
3019611,4375.454567611878
3019612,10.542133456929518
3019613,3.271964676408654
3019614,36.22291084966787
3019615,42.18621931467115
3019616,0.25156293180893036
3019617,226.30179599715794
3019618,2.801009807242958
3019619,5.980461053307909
3019620,6.616991047973093
3019621,69.92619585721029
3019622,3.399045057775205
3019623,178.76308497365565
3019624,324.91693927383085
3019625,3.8285131252232927
3019626,7.4178339298071965
3019627,153.6278165549736
3019628,35.61847573732364
3019629,645.2047097737892
3019630,5.108884897787352
3019631,4.733423074314315
3019632,5.820975437569934
3019633,0.05867379692076504
3019634,0.7667050936020746
3019635,1683.7749751387057
3019636,0.003244511482001364
3019637,122.39554900235879
3019638,3.6622089027288065
3019639,570.9745523743867
3019640,191.89020905393332
3019641,108.63784770466435
3019642,150.47493747827411
3019643,121.97581948845125
3019644,2044.0335765876312
3019645,7.120652206595067
3019646,0.8218972127822395
3019647,14.343107943116678
3019648,9.418146570594475
3019649,0.23103940219883853
3019650,109.02654411831747
3019651,0.00423171779451474
3019652,0.056207726810122635
3019653,0.8882997865155533
3019654,141.0570147641515
3019655,0.9684148188019924
3019656,177.59853220183322
3019657,102.80157882114733
3019658,1.0991398805341697
3019659,1.7396837604102942
3019660,68.34769340638523
3019661,23.884283806367094
3019662,375.49223966139846
3019663,0.19818084151772394
3019664,1.252313291714159
3019665,5.98871855250559
3019666,0.03633551081796724
3019667,2.461136071707588
3019668,3904.3768977077843
3019669,0.003347829515038341
3019670,544.6800308685076
3019671,13.40059659538981
3019672,949.708780048255
3019673,601.6704554488377
3019674,216.0647014911599
3019675,143.96525502562707
3019676,221.45066357191183
3019677,3897.2395625689733
3019678,9.9628314728883
3019679,0.5459639230180848
3019680,44.149056329960246
3019681,15.305848429148257
3019682,0.13788554254803082
3019683,232.06393348713254
3019684,0.038937437323825236
3019685,31.435963208816716
3019686,4.362842605002273
3019687,219.5002807667965
3019688,1.8547296930312631
3019689,225.99882002344629
3019690,247.39705516519865
3019691,3.9989610178780333
3019692,4.87881805632253
3019693,136.97025316438223
3019694,49.134637446336235
3019695,1327.214480452524
3019696,2.433679467818533
3019697,3.2579713252849682
3019698,4.557502028620584
3019699,0.030301274364285122
3019700,9.1271794327181
3019701,2922.305998112456
3019702,0.06951955031314161
3019703,518.6190664437243
3019704,9.276463976993233
3019705,932.1574186336012
3019706,832.6675598605163
3019707,150.34108934138635
3019708,132.1261920808376
3019709,136.19731866750232
3019710,3556.6104626474776
3019711,41.8534139440652
3019712,1.9553513768365842
3019713,32.04861406299572
3019714,33.5637223550286
3019715,0.2426252148648829
3019716,223.13730533644144
3019717,27.893995333691024
3019718,25.381904640831838
3019719,3.2114822058211576
3019720,158.98758628439566
3019721,12.194817604920873
3019722,207.06792950971456
3019723,272.2181335056855
3019724,14.656706225286012
3019725,13.70106664732783
3019726,235.62604731023728
3019727,93.1049775609483
3019728,2566.5049377469936
3019729,0.09486457518886059
3019730,14.690084283333025
3019731,8.443424643537114
3019732,0.01264379378516198
3019733,9.548145513549926
3019734,3307.294427351061
3019735,0.04213315907763216
3019736,551.415675217011
3019737,16.26940151390267
3019738,1124.8748954813816
3019739,906.8013929731737
3019740,188.49562763272354
3019741,120.16321450915444
3019742,145.273620985732
3019743,4514.712062295411
3019744,33.56597017356853
3019745,1.7280896741115863
3019746,49.4370145381859
3019747,40.70840919636233
3019748,0.09574930757683392
3019749,387.91084493007423
3019750,38.072462618365435
3019751,22.84109667759331
3019752,13.541079110100624
3019753,191.54790790568535
3019754,16.358884577217477
3019755,179.5089149695939
3019756,459.3920110232219
3019757,10.489096739466781
3019758,13.572451344888592
3019759,175.674003297387
3019760,108.45099264527516
3019761,2293.350767507189
3019762,2.4627619108163232
3019763,20.879534790009828
3019764,11.111532722367803
3019765,0.43096783830476276
3019766,5.5089663524738395
3019767,3885.556708217652
3019768,0.0032884909189720784
3019769,733.1123687967246
3019770,10.021876116155195
3019771,1713.1325530607562
3019772,644.3569021360078
3019773,207.21798318496548
3019774,332.04270999571384
3019775,114.97778928140154
3019776,5237.142069748505
3019777,34.12294463978826
3019778,2.0657769283683622
3019779,38.22838800540352
3019780,24.110524847348135
3019781,0.2296058547567894
3019782,387.9409407304003
3019783,8.353937908025399
3019784,18.841641872670813
3019785,10.629368178207159
3019786,109.0184664457901
3019787,5.930812926497821
3019788,144.74743940153468
3019789,352.0339146480649
3019790,8.243836626946452
3019791,12.297353144214803
3019792,265.3071974228659
3019793,73.7716076918238
3019794,1760.0488384172522
3019795,9.890515394045257
3019796,17.47318493452112
3019797,5.847596010082732
3019798,0.03494669971683763
3019799,6.544259900822777
3019800,2949.5325303224618
3019801,0.08553628645308621
3019802,420.3224453422678
3019803,11.165680091554558
3019804,826.2706960191374
3019805,843.2414271843777
3019806,235.0273604803905
3019807,165.9465235179485
3019808,138.49561954883876
3019809,3398.5608871768877
3019810,28.44868819776658
3019811,1.590135680496173
3019812,24.185554614696
3019813,13.5976626794933
3019814,0.2699169325264389
3019815,204.34275855482363
3019816,27.045031950394705
3019817,27.817837614135144
3019818,3.150977852146868
3019819,176.8514586716917
3019820,11.14766512399722
3019821,389.0986571231248
3019822,268.14053944892714
3019823,8.736208374401809
3019824,10.861723974231298
3019825,432.66878256401105
3019826,89.89297710656625
3019827,2424.6568004005785
3019828,0.18811925722067663
3019829,32.824990262183135
3019830,4.599475012660195
3019831,0.21410723581364055
3019832,3.2198872628393334
3019833,5127.35960040119
3019834,0.0031496846816181714
3019835,443.3031135647496
3019836,13.960511799439491
3019837,1914.4685278211205
3019838,607.295920968116
3019839,270.8798651132379
3019840,182.24469864606243
3019841,100.61529219601938
3019842,5632.280204683569
3019843,13.318027491841008
3019844,2.2916017880112403
3019845,33.99616137279283
3019846,29.53375940511684
3019847,0.2216103489421019
3019848,418.6081827171025
3019849,0.00411843384455681
3019850,0.30198670247832704
3019851,10.130286064103203
3019852,110.91464678327021
3019853,2.705041071637194
3019854,141.58979591261453
3019855,327.3579243323938
3019856,3.654290952594406
3019857,10.489198743690558
3019858,194.641647523117
3019859,54.61384629925469
3019860,1104.1280307556253
3019861,0.63143289219346
3019862,5.835775441329907
3019863,9.077675097289339
3019864,0.06776567107803523
3019865,9.895190656037606
3019866,3038.915749712536
3019867,0.033997110815436334
3019868,501.7812601436381
3019869,16.047252935239083
3019870,1047.1777809675366
3019871,744.8910253575433
3019872,231.03911830661167
3019873,133.64241538097613
3019874,204.79346667446427
3019875,3700.9053911861924
3019876,33.53283902360707
3019877,1.5639803759521445
3019878,39.1830963922079
3019879,44.651872349872406
3019880,0.1442750058808167
3019881,266.3434906016967
3019882,22.065485568308006
3019883,23.574010152888437
3019884,10.559878488029337
3019885,188.38965666710223
3019886,15.327239660746717
3019887,222.88946545295406
3019888,351.32362931179927
3019889,11.887490647411223
3019890,10.187254298935716
3019891,189.14502898389128
3019892,72.92019924202165
3019893,1996.6394678239192
3019894,1.0340017365523282
3019895,8.427311847776696
3019896,4.736785830919476
3019897,0.014693826975448876
3019898,5.91034090966243
3019899,3084.4222111039903
3019900,0.08612874621102078
3019901,478.35682695243423
3019902,13.167598315748046
3019903,805.2048690284621
3019904,893.56553688994
3019905,189.64891115520663
3019906,139.05878667729638
3019907,134.90445316260787
3019908,3199.2494575231913
3019909,32.70726555355891
3019910,1.271419771014202
3019911,30.88503066343138
3019912,33.250899687412065
3019913,0.11798807777929543
3019914,240.7071649324722
3019915,20.93535133320568
3019916,40.783884986555464
3019917,4.750127242399554
3019918,120.35879694519753
3019919,13.52567572552798
3019920,248.92730696997984
3019921,272.83844179288826
3019922,10.062687024338036
3019923,11.392075867756347
3019924,255.4219248365357
3019925,60.09005625349987
3019926,2496.0471038608657
3019927,0.571274908423132
3019928,16.284264599252914
3019929,9.48511988806473
3019930,0.07301085965184202
3019931,3.600690978375144
3019932,4758.214728366464
3019933,0.0034712914944713446
3019934,554.5899733322431
3019935,16.56293188068996
3019936,1250.111099403398
3019937,656.5995289916893
3019938,290.11394244942824
3019939,220.3027661642547
3019940,110.66420613466713
3019941,4427.892510026538
3019942,10.771310643935301
3019943,0.623623867835505
3019944,24.38004378321299
3019945,25.038202484363072
3019946,0.14745963453148897
3019947,260.19910806031214
3019948,0.004364763247816455
3019949,8.490391999404372
3019950,2.7862299259241285
3019951,178.7180109424833
3019952,4.1267568428222425
3019953,210.53932403213506
3019954,294.19659760477805
3019955,3.4534348603016234
3019956,3.73302703076166
3019957,269.9886552585464
3019958,110.56019788103995
3019959,1186.0288999425502
3019960,2.501676927777048
3019961,2.095007525960405
3019962,21.946869095646
3019963,0.0031897231708343174
3019964,22.970089645825215
3019965,11347.154309684587
3019966,0.11114132802365542
3019967,1835.6780867708076
3019968,39.720378516238355
3019969,2786.539078182488
3019970,2875.9556877604055
3019971,671.2258870774135
3019972,743.4263976252784
3019973,490.2409779007929
3019974,10961.858107364407
3019975,92.50693913830101
3019976,5.623987450931788
3019977,134.11483902823505
3019978,142.65652176743004
3019979,1.4969000469684313
3019980,778.3000865972577
3019981,51.49142687062373
3019982,42.71609481132421
3019983,78.19937883594632
3019984,526.5735658936974
3019985,35.33274735131419
3019986,1035.8714363332442
3019987,753.0921969312539
3019988,51.334239669130525
3019989,48.14422633287257
3019990,1399.0298410510543
3019991,376.28894722251044
3019992,10443.673714777195
3019993,395.0658841331615
3019994,129.10896549841078
3019995,22.199839703737393
3019996,0.003060758199800339
3019997,18.491557869980262
3019998,10881.290340291464
3019999,0.11400275137398837
3020000,1348.409688749845
3020001,43.3949945910672
3020002,2838.7082817563937
3020003,2510.2408035280687
3020004,799.9353104866318
3020005,464.92529698224934
3020006,444.8443954720466
3020007,11934.859508867168
3020008,103.10746031142409
3020009,1.9556036550796931
3020010,86.9984006990202
3020011,126.33465030051188
3020012,1.5048414075626386
3020013,796.5115184008753
3020014,37.05357844096695
3020015,52.59489217392768
3020016,21.075905049944236
3020017,420.11701385161416
3020018,26.14321543660037
3020019,1316.8002355235876
3020020,828.3961700082002
3020021,31.325196158392103
3020022,38.496644763945255
3020023,1427.992044934241
3020024,338.01480261392203
3020025,6452.073027053288
3020026,438.40984918812455
3020027,110.53869613514256
3020028,18.45305018539495
3020029,0.00295146056200124
3020030,28.93335221633122
3020031,7556.494800160082
3020032,0.15149699103580244
3020033,1048.126027678955
3020034,22.295750676951606
3020035,2738.322555986905
3020036,1688.6685479263776
3020037,1000.1008403602542
3020038,189.02872445113
3020039,346.1001404936985
3020040,10228.477749785194
3020041,52.01348004333475
3020042,3.356669074816762
3020043,64.90738383428442
3020044,50.99997597280675
3020045,1.063418662861499
3020046,738.6940678148195
3020047,54.58877069792407
3020048,35.33030341062322
3020049,18.277727506409978
3020050,223.9971043737189
3020051,15.397535442710948
3020052,1130.532703458853
3020053,934.2063447064012
3020054,32.61135278742741
3020055,48.98429151984551
3020056,1040.9875944481546
3020057,180.04680079541635
3020058,3182.6999824846157
3020059,380.6050309762402
3020060,60.08952496686545
3020061,21.131869632741868
3020062,0.0029494228282079815
3020063,30.53190164934613
3020064,10234.405584374359
3020065,0.12607074424368359
3020066,1308.0942627154107
3020067,28.35461910021733
3020068,2505.1706743725026
3020069,2327.3229831383096
3020070,764.344425506867
3020071,399.12534622594706
3020072,326.9691237514565
3020073,10902.362595435468
3020074,63.20093404529921
3020075,2.0954390412824893
3020076,96.4217727875706
3020077,84.02378509737827
3020078,1.7178030813331517
3020079,707.2787005174193
3020080,41.38167641456723
3020081,40.872875462314916
3020082,22.870426808060188
3020083,372.5345581391298
3020084,20.4917249772045
3020085,899.3663215778572
3020086,855.5755568611413
3020087,30.54926890029272
3020088,36.86030551948368
3020089,1241.2477844887953
3020090,282.3029003080735
3020091,6188.468392584069
3020092,329.63757407246044
3020093,84.45922691047117
3020094,18.059420319013384
3020095,0.00295146056200124
3020096,27.455325693430716
3020097,5642.515198311879
3020098,0.03545103212646481
3020099,934.0978562037296
3020100,27.50910200749879
3020101,2458.7351101586933
3020102,1496.6601666455817
3020103,767.748319563854
3020104,146.41625042317196
3020105,274.2670161004309
3020106,9065.869932790063
3020107,50.015301911687445
3020108,0.664055657863552
3020109,51.98662672741233
3020110,44.8083753105632
3020111,0.43657363644177977
3020112,686.0871533646825
3020113,44.61717646975889
3020114,16.192729898593743
3020115,15.74605120713706
3020116,229.24077538345014
3020117,9.985751121109741
3020118,1024.4524027412826
3020119,913.6005903276528
3020120,23.489694392985847
3020121,34.4029275365703
3020122,1052.7065392514526
3020123,143.69192763973163
3020124,2424.0633354197525
3020125,502.3601604853636
3020126,32.412189233315615
3020127,14.854900320491756
3020128,0.0030785141265403087
3020129,15.923788712262708
3020130,7832.047936557234
3020131,0.07958581689758745
3020132,1212.3369988867498
3020133,39.71047444655082
3020134,1831.1451219476744
3020135,2361.6642963774475
3020136,465.3996093758669
3020137,467.86408890466834
3020138,431.54284259110227
3020139,7631.936149211282
3020140,76.69071789444514
3020141,1.9842149424127344
3020142,62.84102768814189
3020143,63.48582859673468
3020144,0.9317180576488411
3020145,496.7339590779995
3020146,22.166775780539933
3020147,40.102471009638506
3020148,16.270124536917688
3020149,427.1001836552664
3020150,23.713006118552194
3020151,838.3671362498068
3020152,571.2627053328546
3020153,23.64899287091671
3020154,41.134247455789804
3020155,990.9933088280222
3020156,277.65440120901326
3020157,7754.398542039799
3020158,276.9721596161693
3020159,90.54718339526113
3020160,7.5666793320276025
3020161,0.3500614699299184
3020162,8.124176577355236
3020163,1986.2323220659937
3020164,0.044868826449266555
3020165,366.33501278678887
3020166,32.89504492890261
3020167,919.2127026206392
3020168,536.0133081064322
3020169,230.83653107732087
3020170,94.08419999973044
3020171,133.4274254414858
3020172,2958.2025814836666
3020173,30.85262823389118
3020174,1.4550593553354239
3020175,29.93362242733924
3020176,26.74224273097984
3020177,0.16148074029195242
3020178,199.62244495534011
3020179,15.149728887133241
3020180,9.100802608649591
3020181,14.727227978091156
3020182,124.60910325273213
3020183,10.356553433713405
3020184,253.92499180596505
3020185,260.5873581939121
3020186,3.8971390175410314
3020187,8.661276106498473
3020188,234.4609989892527
3020189,68.62366757336854
3020190,1417.1869897126392
3020191,1.2910484632130428
3020192,11.108160813671196
3020193,15.483898175050843
3020194,0.002980832403089893
3020195,17.22416103098054
3020196,5104.798278453122
3020197,0.08157275927015278
3020198,653.807499667732
3020199,46.677805035806706
3020200,1806.984879647866
3020201,1259.9001489124746
3020202,545.188139059362
3020203,125.45230239195973
3020204,211.06560013882205
3020205,7041.338283932884
3020206,64.96447458770213
3020207,2.238064856084432
3020208,84.93106501844056
3020209,53.87932043089629
3020210,0.3649530489918333
3020211,434.09292296400076
3020212,27.213819246116078
3020213,13.816587491058574
3020214,6.36736638530987
3020215,210.06488495778387
3020216,14.44433732221938
3020217,642.8969141694296
3020218,641.3665042633472
3020219,15.230488765034092
3020220,36.374208443619644
3020221,467.5179577824232
3020222,124.1136539236055
3020223,2373.462979363574
3020224,314.5430363125822
3020225,24.391645969337077
3020226,9.75518952304541
3020227,0.0028159143601358683
3020228,7.358674366401787
3020229,5461.049173382456
3020230,0.0667770170015487
3020231,949.6442567848724
3020232,13.454867895573901
3020233,1454.572257699065
3020234,1637.3511893865427
3020235,283.83308973599395
3020236,347.82659142409113
3020237,374.16595009400845
3020238,5130.358620762228
3020239,44.73266714498702
3020240,2.2942071991120865
3020241,47.5852272319326
3020242,53.181620538887344
3020243,0.6169757844900942
3020244,344.7698103285758
3020245,4.188810112946215
3020246,50.69620736214043
3020247,7.30554324128116
3020248,352.65958903675516
3020249,15.223364436439901
3020250,606.3791081597777
3020251,326.2862960264537
3020252,24.210872318282533
3020253,13.708922029520547
3020254,725.8292442235831
3020255,149.92502053047446
3020256,5531.553357937473
3020257,3.3366454863329493
3020258,61.019666638270294
3020259,11.645162494875404
3020260,0.0039045007910971014
3020261,10.975673745866699
3020262,5677.589419257049
3020263,0.003705118470580698
3020264,1067.7988487059815
3020265,15.643351763284612
3020266,1666.9400674817143
3020267,1308.676667072622
3020268,449.1413511344234
3020269,257.27171278244197
3020270,373.23108528855005
3020271,6992.911104359508
3020272,44.496318217621464
3020273,3.4600718033235616
3020274,55.60436088051054
3020275,52.800887700731955
3020276,0.2472466313645837
3020277,456.8605514949319
3020278,11.80988377414018
3020279,63.6293889228549
3020280,10.686198974839886
3020281,396.5586615578304
3020282,15.6680067434757
3020283,492.4398098526433
3020284,445.48767902887414
3020285,17.90122058045067
3020286,30.57454511693722
3020287,497.578661557165
3020288,127.01377100556952
3020289,4959.320261678139
3020290,5.671856571989858
3020291,12.470876822423143
3020292,11.266995702105529
3020293,0.04248243032326901
3020294,5.352918700569175
3020295,2685.2099048233586
3020296,0.03594078180909007
3020297,538.8255923998993
3020298,11.333269583530537
3020299,932.1102852509595
3020300,599.3828331888825
3020301,252.71827461900833
3020302,103.10686851248295
3020303,205.0905878818133
3020304,3325.307961060479
3020305,19.904775498928267
3020306,1.6265139803900712
3020307,38.156102453175784
3020308,30.35687381234788
3020309,0.12249529939879127
3020310,233.52723869231858
3020311,7.112577634879641
3020312,14.170153632514365
3020313,7.871682709020913
3020314,172.52832509418522
3020315,6.2064929631210415
3020316,291.1609224097737
3020317,234.19264119578955
3020318,5.3315977021649745
3020319,8.286804241603543
3020320,213.4872135643215
3020321,69.20030481128306
3020322,2035.3266494096256
3020323,0.5954019226195043
3020324,5.296822600856235
3020325,9.207261827906352
3020326,0.13470174770767684
3020327,0.8753606693909702
3020328,3487.3053443978965
3020329,0.0032818830016376477
3020330,236.7660218617942
3020331,7.000376070674704
3020332,1230.7282019307845
3020333,267.31444393631455
3020334,230.7901479802957
3020335,82.71332609188269
3020336,57.52154575165992
3020337,3625.0209850908473
3020338,16.346955771872445
3020339,1.279998598605233
3020340,30.51125252631937
3020341,13.247212286876522
3020342,0.1936941727953318
3020343,245.63495143411853
3020344,0.004279585699163719
3020345,0.004825964946844025
3020346,5.865661988142301
3020347,46.81892432974931
3020348,1.6483900536371643
3020349,52.961131003143436
3020350,215.14940570727026
3020351,0.11872483989695384
3020352,3.4902488609319557
3020353,62.97887976901426
3020354,81.67975504643368
3020355,655.9630008167093
3020356,0.141587974758129
3020357,3.1147871085009418
3020358,8.751627193603976
3020359,0.012391742249198569
3020360,9.426503461504042
3020361,4402.8734113720775
3020362,0.03488684721633045
3020363,576.7082881725394
3020364,17.997315745567185
3020365,1378.4338426941986
3020366,1109.6976260715965
3020367,385.6967729344531
3020368,201.9236989581572
3020369,219.03910519768212
3020370,5102.329192175182
3020371,40.10287840303485
3020372,1.3954942186416428
3020373,32.67177292753802
3020374,60.47080418644627
3020375,0.13672575126175843
3020376,326.586853009931
3020377,32.62548273651894
3020378,23.166797679435305
3020379,17.082031267698632
3020380,200.15918673835202
3020381,9.619349733511815
3020382,494.5193499116574
3020383,383.8276181291759
3020384,12.365660070909248
3020385,17.527853223053633
3020386,636.8686670858774
3020387,142.961836635034
3020388,2757.0560101723777
3020389,0.09398601330099707
3020390,46.43491834601892
3020391,5.4424518410522715
3020392,0.04206105498284424
3020393,6.723670018983028
3020394,4325.580217332533
3020395,0.19334482047028012
3020396,567.5248494787915
3020397,23.12435966118254
3020398,868.0115794299153
3020399,1198.7434651773058
3020400,166.82048102510836
3020401,260.5437132561925
3020402,255.4164800852569
3020403,3479.361743347738
3020404,36.710730172472736
3020405,2.794953241274434
3020406,36.584086657579036
3020407,38.89502175632704
3020408,0.8852783753248714
3020409,223.89481961266728
3020410,16.198334268577483
3020411,44.27907052646651
3020412,9.920389323370175
3020413,287.5288044522132
3020414,17.851418750507072
3020415,423.77943509875365
3020416,219.5685709085427
3020417,8.15764735453659
3020418,14.897708766185568
3020419,540.4913063268084
3020420,147.0055538623451
3020421,4467.677670764048
3020422,0.45376350078260486
3020423,45.37718108070009
3020424,6.499621942963511
3020425,0.48242400834117377
3020426,13.76237599294725
3020427,5465.718305096291
3020428,0.10602926796855776
3020429,888.6297597040663
3020430,25.169034583217815
3020431,1357.2877519138165
3020432,1645.9420692249507
3020433,331.4175699439842
3020434,369.057679444109
3020435,210.85608957822257
3020436,5375.165013529618
3020437,43.5581763263069
3020438,3.703768821960928
3020439,51.38174334924779
3020440,57.34124160322965
3020441,0.4246657185082644
3020442,378.32638797006723
3020443,44.40837109473411
3020444,41.416404532603835
3020445,32.97367487208441
3020446,233.84835521431776
3020447,24.550619760332165
3020448,459.5210488667433
3020449,424.65120308754103
3020450,23.021917268824414
3020451,24.06988589273365
3020452,643.3545718253845
3020453,196.46581354975595
3020454,5313.004188464512
3020455,1.1488242966727733
3020456,50.2810463525649
3020457,15.757700176898224
3020458,0.34867413772452605
3020459,10.510883098469183
3020460,3831.2986170766376
3020461,0.0032983317490699066
3020462,531.9790567651463
3020463,20.76578075103808
3020464,1862.6890384272192
3020465,849.7264518084196
3020466,570.129942496754
3020467,190.41824461787684
3020468,143.5586842174858
3020469,6844.654733488181
3020470,14.686060388877436
3020471,1.9710936782426332
3020472,64.04461462526916
3020473,45.99340555479268
3020474,0.1608109894193959
3020475,418.8528015881839
3020476,13.15468725458922
3020477,7.949742184055573
3020478,11.446526438771153
3020479,117.87741268056261
3020480,5.023853673659624
3020481,360.5914232983189
3020482,498.0734535882481
3020483,8.332931662079558
3020484,10.491721361774312
3020485,463.5358397320313
3020486,110.26408953295429
3020487,1549.573812548082
3020488,185.43547334714793
3020489,22.965406820971072
3020490,2.6705386864043033
3020491,0.0034937385576202153
3020492,3.116581395559014
3020493,1080.4043081597986
3020494,0.0575118866256557
3020495,149.3232289836027
3020496,5.717943841760199
3020497,262.28821098592755
3020498,343.4844555624575
3020499,64.80501368364907
3020500,75.1593296228437
3020501,53.34103941101681
3020502,1174.7723251343064
3020503,13.13863989199819
3020504,1.1980806295456323
3020505,11.345588472935402
3020506,11.461772229216638
3020507,0.09996220178858861
3020508,86.97000505130595
3020509,8.537049015287899
3020510,11.257110514912885
3020511,3.669437974155041
3020512,44.77042990038453
3020513,3.9279611410878683
3020514,117.59081891916735
3020515,84.95551292723057
3020516,3.5546438158219376
3020517,5.140361557249987
3020518,132.85333537264611
3020519,42.55847357124513
3020520,1188.1277675570639
3020521,0.05962618875151448
3020522,17.176136811971514
3020523,2.7071965742570465
3020524,0.1276065795742956
3020525,2.853342955390702
3020526,1419.6613058626358
3020527,0.003159974705756929
3020528,138.44711825548535
3020529,4.8019175928649345
3020530,798.1390902685479
3020531,324.7780403288425
3020532,276.60373869860894
3020533,68.98436170014804
3020534,39.67926910319494
3020535,2688.941348308642
3020536,5.702945657455469
3020537,0.6481350391811761
3020538,12.282230917876378
3020539,9.452020821277284
3020540,0.21414843587258786
3020541,191.47961941481594
3020542,6.49651748473797
3020543,0.020199647317597005
3020544,2.7505875423635198
3020545,7.738224044465553
3020546,0.6233117378501732
3020547,186.02921951464256
3020548,205.63114035708423
3020549,1.0330975544006809
3020550,4.695247373411698
3020551,171.9687629610184
3020552,31.99806078829799
3020553,259.9320776809783
3020554,8.020897907181237
3020555,2.64842061477065
3020556,9.93941242460644
3020557,0.3008762252919999
3020558,7.433235003844898
3020559,5031.284478058522
3020560,0.003216778412905268
3020561,798.4774203259615
3020562,15.975297353753936
3020563,2095.4051855855537
3020564,736.8908527104693
3020565,568.8209548676091
3020566,281.8941903967223
3020567,106.41815853656914
3020568,7586.138172347326
3020569,31.743628935888882
3020570,0.9616191705728798
3020571,35.31653993461341
3020572,24.92426705091475
3020573,0.2623546467208447
3020574,554.7141206133954
3020575,11.339388847088223
3020576,4.0411589054764985
3020577,12.510575924228629
3020578,28.256204114270833
3020579,3.4760937885885292
3020580,596.995041115149
3020581,476.4463378362078
3020582,2.933677070033818
3020583,17.59157806209541
3020584,527.4892549670346
3020585,91.45527610191169
3020586,1428.089164074926
3020587,40.4000317764643
3020588,13.142619910485973
3020589,7.499777474416667
3020590,0.08630718924352168
3020591,1.500824329952421
3020592,1740.9938879485003
3020593,0.003000681267973898
3020594,227.41450970102002
3020595,13.404379540589929
3020596,952.9445125949635
3020597,406.07267982435945
3020598,217.86027614891273
3020599,81.71177982135609
3020600,43.53272983074067
3020601,2677.8757302350937
3020602,7.503137021144293
3020603,0.7903951119486234
3020604,16.12764584950294
3020605,19.280954286467836
3020606,0.16932987741222816
3020607,178.1698837471448
3020608,6.209417106321369
3020609,0.004733581178373158
3020610,10.19336044016161
3020611,24.76208693684583
3020612,2.2064617513691727
3020613,134.54420586122302
3020614,201.04144367498873
3020615,1.899105589679625
3020616,7.34764464732821
3020617,162.39832023228055
3020618,36.65277925656358
3020619,342.1145790507448
3020620,5.445966683387999
3020621,3.6601327271639708
3020622,6.023591286938126
3020623,0.0029413810993995527
3020624,2.9588724648590485
3020625,1523.7360061612294
3020626,0.002874701334161028
3020627,154.15969965244312
3020628,7.423525089562696
3020629,710.5510203783971
3020630,276.1069653661404
3020631,155.05792890829397
3020632,56.202509816174086
3020633,33.68508239288678
3020634,2474.4000937655296
3020635,8.632750081407917
3020636,0.30461257047130114
3020637,15.53258153896365
3020638,11.3512629038058
3020639,0.09428785693124114
3020640,146.8906672096225
3020641,2.6583838256916694
3020642,0.018352729503523468
3020643,3.0638257981250465
3020644,15.177877138856386
3020645,1.6715403831146445
3020646,114.73583287279729
3020647,170.88873669717034
3020648,0.6422197917368696
3020649,5.735315372549672
3020650,98.91344106329207
3020651,23.260964794240696
3020652,187.39396075348688
3020653,11.929541881154295
3020654,1.7466548889729903
3020655,4.919100120113602
3020656,0.005160072192518038
3020657,2.4994828150226014
3020658,1493.3818236733325
3020659,0.0031552962482486353
3020660,177.28353930194555
3020661,9.036333534931867
3020662,932.2194760915534
3020663,360.297127920767
3020664,220.50697798184612
3020665,44.59698683895706
3020666,45.70637101707913
3020667,2444.9853828158434
3020668,5.510732542072294
3020669,0.2879441664528234
3020670,12.075047406113672
3020671,20.778389211913222
3020672,0.14628459670721133
3020673,166.80959975209973
3020674,1.3042131858761696
3020675,0.004668659056239287
3020676,3.6630124506437456
3020677,14.975960119945498
3020678,2.1676608702752174
3020679,206.74263897559942
3020680,204.42200328797134
3020681,1.1942113730258261
3020682,5.717730125009105
3020683,89.84273578503097
3020684,78.07943864583518
3020685,336.8349335232303
3020686,3.791015938441223
3020687,4.435075643666408
3020688,4.522215963974561
3020689,1.1262594950180098
3020690,3.9858271824898575
3020691,1536.7882516838454
3020692,0.0028642871919301116
3020693,153.21342220806216
3020694,4.09461319143394
3020695,750.7885074809399
3020696,303.3892282493406
3020697,229.58520306288023
3020698,93.07643228407566
3020699,54.37238932584856
3020700,2577.469427030359
3020701,9.113381531118925
3020702,1.4642051848473612
3020703,14.096887391305131
3020704,18.268502101876106
3020705,0.14665482662092888
3020706,209.39337021955447
3020707,11.365694692704144
3020708,0.027768640257056942
3020709,4.000587160839871
3020710,11.646762541684042
3020711,2.318043853270702
3020712,107.17054091976772
3020713,183.98597255534432
3020714,1.0690274092437184
3020715,5.74019151418735
3020716,110.11986680873348
3020717,35.16891935383587
3020718,537.1261932005584
3020719,8.10136781792959
3020720,5.072619570212467
3020721,6.814280496574531
3020722,0.2645253021207493
3020723,2.143718175810607
3020724,1644.6290048862425
3020725,0.0031217108751708878
3020726,226.8858005344051
3020727,6.063405876820702
3020728,1058.4142445555765
3020729,326.0431429084595
3020730,217.58561562353833
3020731,213.43490442448007
3020732,42.13018373962604
3020733,2854.9748182882777
3020734,6.586958869040622
3020735,0.42035301044830353
3020736,17.480897769148626
3020737,16.524208608223567
3020738,0.22093324128003072
3020739,215.62620234726614
3020740,0.004075418044281088
3020741,0.02023568446471632
3020742,3.8315716854341515
3020743,25.749119167065295
3020744,1.9666694857527236
3020745,68.70530376604579
3020746,177.44415840164726
3020747,1.1389687561886426
3020748,4.391218326041196
3020749,97.41972329590467
3020750,43.03406209817624
3020751,564.492480695839
3020752,0.28282351942293854
3020753,2.3236854611448114
3020754,10.768837699629692
3020755,0.5174688163241902
3020756,4.314429760191705
3020757,3969.576831397312
3020758,0.0030137270287133285
3020759,459.07426764789733
3020760,8.701447287596977
3020761,1329.4567677728976
3020762,941.3333548133298
3020763,612.5251661683866
3020764,220.83793503422095
3020765,118.27662624095477
3020766,5487.930174370937
3020767,19.504613033828644
3020768,1.5520648999415674
3020769,34.298439342108175
3020770,33.11277129642404
3020771,0.1681148073456617
3020772,334.93108087700733
3020773,2.677851584809115
3020774,0.084524299096618
3020775,14.169943406316433
3020776,25.292259795208235
3020777,5.010658653605235
3020778,277.61071116399773
3020779,341.76625817900856
3020780,3.9408691000717884
3020781,12.645710309663283
3020782,454.2401270541453
3020783,76.95509263888304
3020784,1663.9567674115126
3020785,35.18510456421234
3020786,16.551177577030302
3020787,5.026609426387854
3020788,0.28906940627162014
3020789,5.341201440512431
3020790,2768.4970810359814
3020791,0.002513201423777896
3020792,728.5316482779906
3020793,11.879394457848488
3020794,751.1768907139093
3020795,664.9723843730278
3020796,263.3699464724015
3020797,216.27086349865016
3020798,58.58248478939952
3020799,3148.119422616018
3020800,22.896856759348463
3020801,1.4098938687833185
3020802,22.59328309881674
3020803,23.18630710975096
3020804,0.1123547051075886
3020805,246.4729589690436
3020806,11.637792838104884
3020807,2.6632284364693737
3020808,10.70607288503055
3020809,42.12503023133114
3020810,3.1006184402025703
3020811,102.10792506886509
3020812,220.7901612652282
3020813,4.651803602054301
3020814,9.674878305927141
3020815,238.32881397977962
3020816,52.86431348898233
3020817,1929.2947429564178
3020818,75.1247414605771
3020819,14.501400020906544
3020820,8.08377278784848
3020821,0.34399289675710826
3020822,3.375390167482778
3020823,2794.72211797577
3020824,0.0028826349340320043
3020825,211.9286355161582
3020826,7.2418255678645345
3020827,841.1966637893788
3020828,393.6669453337588
3020829,319.55707879513784
3020830,70.2753178614341
3020831,45.57099892177955
3020832,3330.068040200308
3020833,14.628946772358853
3020834,1.804807261968309
3020835,15.824828667874165
3020836,15.404012741466822
3020837,0.1827777633589505
3020838,187.3300623713621
3020839,11.365122406717036
3020840,0.04395494617815502
3020841,4.515612781357017
3020842,30.213533358218164
3020843,3.130179616608723
3020844,132.90138919058447
3020845,194.07167437562975
3020846,1.7841346978227892
3020847,6.660572304643173
3020848,96.23866308955425
3020849,34.122369766532216
3020850,474.58191362209254
3020851,7.443399276859624
3020852,5.836662210118557
3020853,8.828465155221366
3020854,0.060804182851225026
3020855,10.407490421220254
3020856,3963.357623208655
3020857,0.05486814789114599
3020858,732.9921733024024
3020859,12.308821761409792
3020860,995.8791650686186
3020861,1053.6476007640626
3020862,262.95719121642827
3020863,226.76381876685917
3020864,140.07495910406953
3020865,4835.764916904684
3020866,40.42119670443369
3020867,1.7788149144888252
3020868,23.586064031609865
3020869,40.33257831951569
3020870,0.17616681741812396
3020871,281.6498411237644
3020872,33.55088967708927
3020873,20.479153066226743
3020874,7.6523621372977475
3020875,70.86976112091648
3020876,11.20256955929403
3020877,474.6605740622691
3020878,341.59275830611534
3020879,12.198388460460777
3020880,11.361110599254147
3020881,538.3987385793314
3020882,136.88506437820524
3020883,2863.739912040543
3020884,0.13455325522414704
3020885,41.57798830328101
3020886,11.056366376740996
3020887,0.32161552086360345
3020888,8.942402642567188
3020889,5653.7507725448995
3020890,0.0031386292689783457
3020891,899.710699494937
3020892,8.960721388369922
3020893,2080.8647058973347
3020894,1145.7556634106018
3020895,929.3696972746924
3020896,174.81295366273048
3020897,115.92254885367153
3020898,7142.430556970611
3020899,19.046685883130817
3020900,0.745072441021565
3020901,29.64816262868125
3020902,23.312292911344557
3020903,0.09904537013339103
3020904,488.2896699663747
3020905,6.27110557834032
3020906,9.232064989372041
3020907,6.3623218103653
3020908,36.67991181764506
3020909,2.3659300949945403
3020910,400.69216743756465
3020911,572.3220966700301
3020912,4.797996901465336
3020913,9.091971295389042
3020914,558.36472192049
3020915,90.17945315254511
3020916,1661.8038012134298
3020917,98.93729420809738
3020918,18.411537487110788
3020919,13.940727153692977
3020920,0.6774450044405735
3020921,6.002201849198118
3020922,4435.667652073029
3020923,0.003369809890179142
3020924,809.8437689788017
3020925,7.929194079296303
3020926,1907.2905038302256
3020927,832.1630119267192
3020928,475.02064792668926
3020929,337.92512693882213
3020930,101.11127541111287
3020931,6029.109001186737
3020932,19.521940446359004
3020933,0.8401794313298975
3020934,43.053133381561615
3020935,49.8479578660708
3020936,0.352887239643137
3020937,485.9344272901246
3020938,8.547171592167711
3020939,4.805463672979123
3020940,12.043686840620559
3020941,82.75379070740162
3020942,3.769080899841227
3020943,154.80416624486682
3020944,467.69713435945977
3020945,3.5565179838651426
3020946,9.727652251324947
3020947,237.22472257789127
3020948,182.62107749185893
3020949,1652.4756461297968
3020950,1.6523491787073668
3020951,6.918348209834603
3020952,5.944611305156123
3020953,0.24142434405348956
3020954,3.3266375848167593
3020955,1850.3339031525466
3020956,0.0032232299911111586
3020957,163.22474170087642
3020958,7.760570583769785
3020959,744.9305626756997
3020960,355.2210661341897
3020961,170.2429527904149
3020962,55.412550556800326
3020963,49.396987324402005
3020964,2882.064581942081
3020965,8.068959928258112
3020966,1.1230195291409615
3020967,34.45194364939272
3020968,23.15726665244424
3020969,0.10550993230353417
3020970,216.38468579868353
3020971,0.788985330980061
3020972,0.004909177398077578
3020973,5.881522638714685
3020974,35.758330225490155
3020975,3.5851177313052407
3020976,104.83566247684894
3020977,182.5515632228384
3020978,1.5038388952131534
3020979,7.461128182267847
3020980,164.1545576504219
3020981,36.47720763463542
3020982,503.12640053450093
3020983,15.647740618013996
3020984,2.0914684925248763
3020985,3.3039317424101315
3020986,0.0033178431807824415
3020987,3.319018921872823
3020988,1682.9576538070264
3020989,0.20926597008620793
3020990,285.776064985547
3020991,12.376986937734001
3020992,578.9257963994014
3020993,544.997962888677
3020994,143.00068096700215
3020995,54.76367597116001
3020996,74.42389584989066
3020997,2448.5125579035894
3020998,26.21113117226038
3020999,0.4300774730490297
3021000,13.163965944039333
3021001,17.28770537037819
3021002,0.4178943488481337
3021003,136.6015067382791
3021004,17.06611428835137
3021005,3.487677619139139
3021006,4.81312750873435
3021007,52.010627782726395
3021008,5.808424328942596
3021009,631.4547031045919
3021010,174.07161340096619
3021011,4.888361770694073
3021012,6.672423152874532
3021013,310.95233076784064
3021014,42.04927221045162
3021015,1189.1025627275826
3021016,0.07807646432489586
3021017,11.067505774557112
3021018,3.6075958023837655
3021019,0.1109029232673662
3021020,6.833356494616799
3021021,3663.7919576574927
3021022,0.044297284029950194
3021023,769.8888772720834
3021024,14.830592623181182
3021025,991.2752626322792
3021026,1232.7302309925217
3021027,258.03313830492675
3021028,218.61918600820428
3021029,144.81995621339584
3021030,3677.594549904532
3021031,29.4451294088711
3021032,1.1225097532656787
3021033,22.60429445027286
3021034,42.74532703507832
3021035,0.12900227403431735
3021036,257.2335442664965
3021037,16.34491505557646
3021038,27.733541760438428
3021039,10.919207004606474
3021040,44.85384049900831
3021041,12.829944873253059
3021042,361.36589502524623
3021043,288.83050107429824
3021044,17.840295011257826
3021045,12.121275642260258
3021046,479.09189476407465
3021047,113.16140205308083
3021048,3340.464504423798
3021049,0.1626822109386664
3021050,28.887748194955243
3021051,3.647427209682723
3021052,0.07393638859512218
3021053,3.9924208017750797
3021054,2245.4563332868456
3021055,0.0377602722457305
3021056,394.1393700916517
3021057,7.6946368296817464
3021058,439.896028993941
3021059,531.1421470671726
3021060,129.8027561375139
3021061,117.24001836129446
3021062,123.10330713732249
3021063,1564.370004238809
3021064,19.98766525397214
3021065,1.444768566640458
3021066,20.699124069957723
3021067,15.41902635722139
3021068,0.09969009874482204
3021069,103.61424648250292
3021070,0.0036416962992188717
3021071,18.241619366500736
3021072,6.065869332538325
3021073,146.53057423362918
3021074,7.779517184574308
3021075,166.01633857655332
3021076,118.386665065185
3021077,4.7266758459611555
3021078,6.362738587845609
3021079,153.32525412672726
3021080,43.55397649271279
3021081,968.5078150633939
3021082,0.9622611322276882
3021083,5.286516098503468
3021084,5.581275932554508
3021085,0.07993026960291971
3021086,0.8460582616889614
3021087,1160.0599245246297
3021088,0.00486937165664208
3021089,279.4508697481832
3021090,5.912623105813182
3021091,396.42336084361847
3021092,326.22372608960893
3021093,116.91216926403442
3021094,45.920597445668314
3021095,54.207189384178164
3021096,1789.617162965683
3021097,9.745280886573529
3021098,0.969449499683187
3021099,12.228075715269433
3021100,10.639848550288866
3021101,0.32749980955141517
3021102,90.58517657690987
3021103,0.7274860392892785
3021104,6.135357959847305
3021105,2.5531279739971984
3021106,24.191961420718975
3021107,0.41187564996695586
3021108,288.8056273250892
3021109,170.23032324945729
3021110,2.9744125345724637
3021111,2.084247171360733
3021112,185.32621059966448
3021113,29.33235828858283
3021114,578.3098335502002
3021115,1.023256077374945
3021116,3.577514341814717
3021117,9.804407560229714
3021118,0.21851547236327398
3021119,5.462010838196096
3021120,4957.150391960224
3021121,0.13807952922254824
3021122,868.4353970046932
3021123,19.097493639258026
3021124,1138.0109480850272
3021125,1311.6450220781446
3021126,374.3187106236737
3021127,312.2321991256133
3021128,184.50171689047778
3021129,4911.049296244186
3021130,38.46967823133393
3021131,3.5247306393688356
3021132,24.126242013683886
3021133,46.0202162659737
3021134,0.2500367779909928
3021135,286.184143607069
3021136,12.275779161401037
3021137,42.83408715308865
3021138,12.801065460484894
3021139,149.9177324602902
3021140,5.691643938997166
3021141,350.20663318236666
3021142,342.16294819418846
3021143,13.712979235050112
3021144,12.668867525019749
3021145,498.6328004099556
3021146,101.7319299955196
3021147,3352.877233471454
3021148,1.6793495000054164
3021149,26.146995489642176
3021150,9.257186192528138
3021151,0.05860649876757365
3021152,5.006906757839175
3021153,5632.211632756407
3021154,0.0036161170541002424
3021155,1066.6382548935642
3021156,16.168030798991442
3021157,1713.756857920017
3021158,1330.2243966298631
3021159,530.3199862329312
3021160,342.8814866166223
3021161,107.70609026909867
3021162,6671.717085773849
3021163,26.253492621707892
3021164,1.5889003401359123
3021165,45.78157057874223
3021166,28.1017715111476
3021167,1.1269618309822798
3021168,406.4933623373132
3021169,0.004545570604009385
3021170,7.459237486079072
3021171,8.96287608307783
3021172,52.572446805598645
3021173,2.1216848096261343
3021174,265.0855190172293
3021175,481.8900189376926
3021176,6.82769198237461
3021177,8.281779711763654
3021178,345.6492153565448
3021179,121.93871760513223
3021180,2250.653680834107
3021181,4.463191665911548
3021182,7.47579573650161
3021183,8.937035905189845
3021184,0.523054048205031
3021185,4.810906474513954
3021186,4566.287838355863
3021187,0.0036088814558747555
3021188,1004.1872491648877
3021189,12.18771156013735
3021190,1292.3362657429566
3021191,1040.5270370107023
3021192,400.4073418235538
3021193,266.6249266470879
3021194,81.21150139213954
3021195,5192.609045632107
3021196,22.112526607661643
3021197,1.7453982537961883
3021198,37.255048206302774
3021199,28.656293654098658
3021200,0.13886396349223668
3021201,332.18713770679915
3021202,0.004514071417002754
3021203,7.767797946590741
3021204,7.236345643337434
3021205,87.68770962754192
3021206,2.4310634381707454
3021207,153.58236537487335
3021208,388.9973404934534
3021209,5.860239527077647
3021210,6.750982990193851
3021211,260.3821745565957
3021212,79.2569088908847
3021213,1510.1863414189388
3021214,3.253064897233629
3021215,8.628475829054757
3021216,13.555744572098959
3021217,1.2419441226347316
3021218,22.316777180405623
3021219,10657.43343965911
3021220,0.09688571338290129
3021221,1480.8673447847789
3021222,37.3416271718871
3021223,2251.1107119662156
3021224,2513.5931569240456
3021225,463.7060567458819
3021226,590.8512219980487
3021227,430.54401779464405
3021228,8729.736844334388
3021229,87.49244850768737
3021230,3.815793284739865
3021231,67.13161845292925
3021232,64.74876429746922
3021233,1.6341698407009233
3021234,625.9275246300735
3021235,63.298470002133584
3021236,52.12319132806927
3021237,38.71949238271607
3021238,193.690264499176
3021239,33.63975815496602
3021240,845.013320540786
3021241,718.2140487430006
3021242,24.683191556476764
3021243,33.70058467595407
3021244,1289.7949830087373
3021245,320.0799825042481
3021246,8752.800967447472
3021247,1.429366984082082
3021248,111.00346764080285
3021249,4.085679359845435
3021250,0.21934223655321522
3021251,1.0619478445699837
3021252,1625.5195442595223
3021253,0.0032701775584701893
3021254,224.78391109680308
3021255,4.673126504685836
3021256,625.2438329733693
3021257,296.280789210036
3021258,130.71212388982462
3021259,131.82479154590675
3021260,49.03691428755311
3021261,2116.5412571596735
3021262,8.36618784122982
3021263,0.604742691455503
3021264,14.35374224159327
3021265,10.262954857994426
3021266,0.18445410279602428
3021267,173.8841432012822
3021268,0.816845109115887
3021269,0.004824752157431197
3021270,3.9723051951939032
3021271,28.1633640718481
3021272,1.061630861831426
3021273,62.24279938261182
3021274,122.46969081394754
3021275,2.455183112116922
3021276,5.424989629411968
3021277,116.99304104446654
3021278,26.03966511163457
3021279,564.1545923768339
3021280,0.44207384611916556
3021281,4.934950423007705
3021282,11.216766018126046
3021283,0.6284359159261376
3021284,3.121851776820537
3021285,4198.008679853691
3021286,0.0030324949853664063
3021287,701.5082029691295
3021288,10.667852415040429
3021289,1614.452110868189
3021290,853.1077461487668
3021291,296.8484340671923
3021292,354.98478728258027
3021293,83.3888289557341
3021294,5561.427922722745
3021295,18.611540790945586
3021296,0.9123012709495202
3021297,28.7943048770219
3021298,25.626685609842376
3021299,0.1480114489310123
3021300,360.0938645739633
3021301,1.7987297303023124
3021302,6.918976712912879
3021303,12.395662692252191
3021304,14.31466171237825
3021305,1.907417693550923
3021306,409.3341613870724
3021307,355.43447548957204
3021308,4.5449305131950535
3021309,9.414294243828142
3021310,151.71334080146016
3021311,80.84777844461419
3021312,1389.734481184367
3021313,2.62558625623788
3021314,6.358013357964374
3021315,2.2924315035713456
3021316,0.03518215000317258
3021317,1.1747315297142393
3021318,1324.3050131919165
3021319,0.002987701152617025
3021320,157.94876858311738
3021321,4.1494328356899866
3021322,723.4942206544736
3021323,197.4809666157108
3021324,106.20085277709373
3021325,194.40553237253488
3021326,22.487293586096676
3021327,1834.8983588972387
3021328,3.1936066480127194
3021329,0.5261530022740912
3021330,12.00934437340495
3021331,5.308878300384101
3021332,0.26146753052272903
3021333,100.03482393382897
3021334,0.0038931007915292064
3021335,0.020096035154850565
3021336,1.930592150260177
3021337,32.1975755844006
3021338,0.39922506088002796
3021339,74.56988064275275
3021340,107.669253262364
3021341,0.5988464263446316
3021342,1.7118650750700575
3021343,70.30392865523436
3021344,15.618973816156226
3021345,227.56945975955387
3021346,0.16475663753921016
3021347,2.3157849033549276
3021348,9.758894717069227
3021349,0.10331685343385524
3021350,2.581293286793129
3021351,2592.8297532072597
3021352,0.0031375682565838803
3021353,328.313152406169
3021354,9.256393289493062
3021355,1211.6643595049823
3021356,489.4691935787768
3021357,214.40294862382203
3021358,230.38878107101226
3021359,54.725850353378874
3021360,3343.097334164266
3021361,5.450797445328117
3021362,0.8760789653788785
3021363,40.77548430415369
3021364,23.570716724483944
3021365,0.25900183990426673
3021366,285.7519556894463
3021367,0.004095263067317835
3021368,0.007489348789264206
3021369,15.75513365657645
3021370,23.569857212213496
3021371,2.3916723433879143
3021372,277.09784393756524
3021373,280.43794769772484
3021374,2.5242572785504853
3021375,5.398317305231711
3021376,248.17612457114348
3021377,38.79569537663422
3021378,1325.685300430416
3021379,0.286672047926253
3021380,1.3638774524482795
3021381,4.2212607668204525
3021382,0.344043839393289
3021383,2.5642814926663275
3021384,2996.778439856963
3021385,0.0031206819549587893
3021386,782.5875067420345
3021387,9.295979119241569
3021388,883.1359848239275
3021389,644.2664190622789
3021390,237.1049538513261
3021391,121.5793383463654
3021392,87.34599091005393
3021393,4261.654256212618
3021394,10.671495830510947
3021395,3.2391419769711107
3021396,28.721465491758305
3021397,35.53165757899686
3021398,0.25364133232491515
3021399,215.67208162650383
3021400,3.3426700149253703
3021401,4.407283001495726
3021402,6.444687808310076
3021403,26.116933692798266
3021404,3.2256808928888163
3021405,160.07611937170472
3021406,279.48732474631976
3021407,3.86196040549611
3021408,7.138812415618252
3021409,145.29325417858115
3021410,33.97003156948859
3021411,611.461388845887
3021412,5.8481572337874415
3021413,3.0628124664393317
3021414,5.756123538225314
3021415,0.06698891518916356
3021416,0.7536649033538558
3021417,1701.5709693563276
3021418,0.0032606995792717796
3021419,147.31034054293156
3021420,2.9280979997520857
3021421,582.927865181824
3021422,200.17274541949234
3021423,108.63197500305641
3021424,141.6802198067053
3021425,56.43202923162798
3021426,2088.3357851561213
3021427,9.044871435844735
3021428,0.6637097743411
3021429,12.123834081458595
3021430,10.321959720354599
3021431,0.2530060782581417
3021432,109.59278923782574
3021433,0.004253228486838267
3021434,0.10630189344855223
3021435,0.8993727630609472
3021436,67.13492416325225
3021437,0.7815156808315848
3021438,181.1618235015789
3021439,108.22459018842343
3021440,1.0882547721714038
3021441,1.6890435624023192
3021442,62.79684229183886
3021443,24.108551551237383
3021444,382.90372319064954
3021445,0.23538622439737483
3021446,1.4943940248864203
3021447,6.078473093883023
3021448,0.06340693769840076
3021449,1.5839458092402174
3021450,4450.969263958749
3021451,0.003442271480988339
3021452,685.3501228654953
3021453,9.969772207653653
3021454,1023.8443390541727
3021455,743.7836016252875
3021456,253.9080344908731
3021457,152.57479287358058
3021458,99.89063439618278
3021459,4493.40931246038
3021460,11.694200308620456
3021461,0.5785547025478226
3021462,27.845533896781653
3021463,15.92443082741054
3021464,0.1416937574076861
3021465,260.9240966455134
3021466,0.09088905640290833
3021467,22.411484540345658
3021468,4.574773330681359
3021469,74.0085403921181
3021470,1.5796965218882135
3021471,236.64295381553393
3021472,275.52775874632346
3021473,3.9251210940450845
3021474,4.851782070969009
3021475,136.4747287863035
3021476,53.25092192511582
3021477,1390.4985144944153
3021478,2.678841893759077
3021479,1.7718230420001229
3021480,4.424907657614655
3021481,0.03531535056660519
3021482,8.972789256328895
3021483,2798.304988327105
3021484,0.07549403568169631
3021485,483.1178753766255
3021486,7.172867037568516
3021487,776.3503603438871
3021488,746.9748711578055
3021489,131.1384846120971
3021490,119.98864830969765
3021491,108.83765784338038
3021492,2993.0632472795824
3021493,37.39680643905474
3021494,1.8907694933419292
3021495,26.859421235588126
3021496,28.236817089537556
3021497,0.2327535502217567
3021498,188.29948761770473
3021499,27.09654800051552
3021500,18.356455387665157
3021501,2.7741322853171484
3021502,68.29341945091792
3021503,9.656678456567162
3021504,176.35225591178636
3021505,263.74601464717233
3021506,10.281563932531007
3021507,12.143034767410635
3021508,205.24196913584282
3021509,79.87431017279718
3021510,2305.9666889354944
3021511,0.1186692132784212
3021512,13.592285510686747
3021513,8.734410317589838
3021514,0.01292916182882721
3021515,10.86903519188418
3021516,3325.768155591031
3021517,0.05811268625255165
3021518,614.6865351708968
3021519,14.492048063251072
3021520,1156.9531673355232
3021521,926.2008551248059
3021522,178.36071600076238
3021523,139.3589019889551
3021524,128.2679292860671
3021525,4574.402582797797
3021526,33.805903336731724
3021527,1.8496612620617623
3021528,46.422515313739
3021529,41.18044969911462
3021530,0.10151371000442508
3021531,399.7347981613908
3021532,39.27451375253738
3021533,19.182544075955295
3021534,13.416211359813357
3021535,75.19623341888807
3021536,15.118797318268875
3021537,162.44695161393267
3021538,476.560701058868
3021539,9.850412621745193
3021540,13.656001307034384
3021541,167.1868411383023
3021542,103.82694674679236
3021543,2292.797436960372
3021544,2.5689768288783
3021545,20.99586644803708
3021546,11.076550543627588
3021547,0.592606868376103
3021548,5.703137826500045
3021549,4071.2472572743873
3021550,0.003297095400315706
3021551,830.9099997911213
3021552,7.20101734511098
3021553,1734.3560778314331
3021554,715.9395457914803
3021555,205.08814354794353
3021556,357.1259072643919
3021557,75.14684428523904
3021558,5471.9072279254115
3021559,42.46758942651116
3021560,2.2359422693167392
3021561,30.182383281957115
3021562,22.105994192262674
3021563,0.28494746772566776
3021564,413.7953717877507
3021565,8.762855173126507
3021566,16.48093651940996
3021567,10.291667539053607
3021568,49.798134851059736
3021569,5.828525333695645
3021570,137.5022021962259
3021571,357.0310592531556
3021572,8.323778363759176
3021573,12.444094140487422
3021574,243.19988395688918
3021575,63.9346821548268
3021576,1784.3356184193024
3021577,16.932775700909584
3021578,15.262059930588336
3021579,6.012962663208924
3021580,0.0354689722574673
3021581,7.80269455778707
3021582,3440.8461912440753
3021583,0.07895295622196856
3021584,477.33920633613724
3021585,8.487255836429611
3021586,951.5793945750303
3021587,1012.5287148981564
3021588,260.17278525383557
3021589,212.0033809345838
3021590,139.41643064143875
3021591,4142.07398637772
3021592,30.31178695237806
3021593,1.780239203168202
3021594,22.587232923472367
3021595,15.195003679830144
3021596,0.28508804341805105
3021597,275.4495452003421
3021598,30.742608863944604
3021599,25.21074140601083
3021600,3.5709617714587902
3021601,68.76182848450938
3021602,9.513490076722768
3021603,437.4463304887617
3021604,320.19066109626925
3021605,9.409089700226946
3021606,12.34298766633919
3021607,475.93278182237566
3021608,95.68493228670093
3021609,2862.2443454202635
3021610,0.24657256732400656
3021611,37.21101078771301
3021612,4.6007942309912835
3021613,0.22590554927085374
3021614,2.5286918895822015
3021615,4749.998984746579
3021616,0.0031564278017431847
3021617,494.3536269853643
3021618,9.761185856382527
3021619,1869.2835262594294
3021620,641.4504007987667
3021621,269.746449792558
3021622,181.54399344686095
3021623,61.49324695401831
3021624,5683.713188200157
3021625,13.949268686764071
3021626,2.1910178084486716
3021627,36.30726104095803
3021628,26.90511952774383
3021629,0.19204179337885718
3021630,393.93775854207274
3021631,0.004127506378122317
3021632,0.2896412282244616
3021633,9.618962183614055
3021634,38.42523798247892
3021635,3.0621685335123856
3021636,141.9294958562424
3021637,321.3692004737851
3021638,3.668240254879255
3021639,9.432786092284967
3021640,182.0888977807732
3021641,51.583398401064606
3021642,1087.4522798501193
3021643,0.5678594087190467
3021644,5.041622998309698
3021645,10.222772832984056
3021646,0.06278749364715781
3021647,12.66423377066525
3021648,3415.3777710407817
3021649,0.03481368152310069
3021650,611.0829707141131
3021651,12.495548719968866
3021652,1199.0547360934218
3021653,855.1596396064419
3021654,281.1859682342204
3021655,171.26382701566578
3021656,155.82346390616942
3021657,4404.929523343668
3021658,36.02060294637907
3021659,1.572214953442908
3021660,36.62830381921114
3021661,44.32697907653156
3021662,0.14493809827021178
3021663,327.53939754192163
3021664,28.238141341147543
3021665,19.417322752987186
3021666,10.950989299520204
3021667,67.48863619668239
3021668,15.561711297113074
3021669,262.6794831923926
3021670,437.4245236895986
3021671,13.564420846228
3021672,11.736511999544504
3021673,220.26871413846425
3021674,78.26709114059534
3021675,2406.3734415030444
3021676,0.8558900013245571
3021677,8.8783281598912
3021678,4.982507779760103
3021679,0.0908292223997739
3021680,7.114837366065489
3021681,3173.1027081482084
3021682,0.09396041898475843
3021683,511.6282615205689
3021684,10.349527862189298
3021685,817.943290965623
3021686,909.1857662526786
3021687,190.58456448878948
3021688,144.86776853458989
3021689,121.63051368740442
3021690,3235.7106216893453
3021691,30.665839440032848
3021692,1.2892667260051203
3021693,29.10485176366054
3021694,32.38402822849204
3021695,0.13004490952464948
3021696,256.21407953848586
3021697,21.655120820239986
3021698,35.27204757059522
3021699,4.986768207421202
3021700,62.89395082190917
3021701,12.823878078025789
3021702,237.22493881181254
3021703,302.7490323574169
3021704,10.460232780721364
3021705,11.86932991182937
3021706,253.88788601979093
3021707,56.43451490125567
3021708,2548.599008077355
3021709,0.6064275228536987
3021710,17.998917850082403
3021711,10.380346673818288
3021712,0.093040677824023
3021713,4.641447741963477
3021714,5146.587887423545
3021715,0.0035698171234274404
3021716,771.2337405594697
3021717,13.232957467609117
3021718,1339.9482898765061
3021719,814.2705130587331
3021720,352.5510742635724
3021721,259.3035614245103
3021722,75.19237481438299
3021723,5440.580679255913
3021724,12.998574916257704
3021725,0.6952033526021212
3021726,24.333492926355177
3021727,24.977050115090776
3021728,0.1739243488664276
3021729,288.3189904921819
3021730,0.004488354228853821
3021731,8.840804533963807
3021732,2.9069943540972423
3021733,74.2913457152397
3021734,4.186007621354312
3021735,238.34454492163817
3021736,338.4228393502965
3021737,3.6135216801828562
3021738,3.9086502286312927
3021739,260.83501375408605
3021740,124.40610197228884
3021741,1311.031993107628
3021742,3.4587093682597088
3021743,1.1995115574983346
3021744,21.88781634143764
3021745,0.003214877785455423
3021746,23.847229976565668
3021747,12372.014864533241
3021748,0.1045056314443314
3021749,1906.5081939462784
3021750,25.674985431470564
3021751,2887.1984175436883
3021752,3062.705530188833
3021753,723.9661879923289
3021754,823.5956418598985
3021755,496.8516216417925
3021756,12016.416982926792
3021757,93.13879830212495
3021758,6.519731133069803
3021759,123.20839556294798
3021760,142.63853148222736
3021761,1.727385077078652
3021762,814.291953794013
3021763,57.47332887852996
3021764,36.844384921056196
3021765,74.99500727595787
3021766,254.8470555129203
3021767,32.07489395051645
3021768,1065.7758223151204
3021769,814.144791555724
3021770,52.25886110963034
3021771,56.8498479494839
3021772,1563.878297064691
3021773,380.2938793969936
3021774,11280.527005802332
3021775,400.5272990430718
3021776,129.89582402570858
3021777,23.49713473253524
3021778,0.0030934955990270445
3021779,20.824163476237775
3021780,12065.017727683462
3021781,0.1330929039848508
3021782,1540.6083068971407
3021783,29.887174291722467
3021784,2991.6897896040773
3021785,2769.177609006807
3021786,932.980590216213
3021787,513.3400209840808
3021788,441.94628503183895
3021789,13093.830899899998
3021790,110.38538157425299
3021791,2.176438916048975
3021792,76.30464609056914
3021793,119.8826330609776
3021794,1.5370294401958324
3021795,906.0494914448867
3021796,46.635103187167125
3021797,43.23593648286511
3021798,13.356773872086787
3021799,185.18565878427498
3021800,25.37887147229098
3021801,1410.1196268039998
3021802,1005.9484751674252
3021803,35.93920946249891
3021804,48.27327689870348
3021805,1659.8660453213902
3021806,342.4772324097471
3021807,7980.435472189257
3021808,475.5844033144114
3021809,130.12398835157865
3021810,19.785482421918825
3021811,0.00298290687368573
3021812,35.038695036319425
3021813,8594.946486627654
3021814,0.1519301841225692
3021815,1251.8187197478123
3021816,18.74226871711076
3021817,2898.9512636936197
3021818,1929.5022101978677
3021819,1098.7039112359082
3021820,227.8501472807841
3021821,352.5621301478448
3021822,11148.999227394495
3021823,52.581927529784366
3021824,4.132873758806297
3021825,53.824209008207
3021826,54.65011230894906
3021827,1.2921372750209426
3021828,878.8592202557315
3021829,61.31884753806436
3021830,32.03076637516
3021831,15.569781497399422
3021832,115.85615423355401
3021833,15.29222656295833
3021834,1194.8874609268669
3021835,1078.0507878814387
3021836,34.79718380732452
3021837,53.84911748937684
3021838,1223.7359974569595
3021839,189.17551321586902
3021840,3568.6994536496227
3021841,414.34374524772534
3021842,68.94776560794048
3021843,22.29032928075472
3021844,0.0029808442270136005
3021845,35.90127277716009
3021846,11634.100074989838
3021847,0.12642834019476618
3021848,1498.6073277671949
3021849,22.903342744198234
3021850,2705.7253124951612
3021851,2559.863506216783
3021852,883.6493263257579
3021853,449.38979007508806
3021854,332.8036410968543
3021855,12126.219373198684
3021856,65.80335812499209
3021857,2.3081895751122943
3021858,95.92238796901987
3021859,99.78876620284116
3021860,1.8606956498204497
3021861,788.1246448726284
3021862,54.02001036849841
3021863,38.99541675847257
3021864,27.098554051311858
3021865,196.22403104821623
3021866,20.83266376021316
3021867,1009.2361100072966
3021868,1059.594789283771
3021869,33.26985797144223
3021870,40.923284135269135
3021871,1468.7261494807653
3021872,287.3782478205749
3021873,7597.596879420471
3021874,433.80846941437244
3021875,103.71556193567689
3021876,19.261892337357565
3021877,0.00298290687368573
3021878,31.496241925788482
3021879,7043.444496931257
3021880,0.027748836907177776
3021881,1213.721672819024
3021882,22.924246527358527
3021883,2846.6969988913884
3021884,1781.0641512460058
3021885,950.1699738953939
3021886,195.4354824935058
3021887,298.22745374259375
3021888,10223.936269825792
3021889,58.417188764032566
3021890,0.7093927451480755
3021891,52.68978502361441
3021892,50.540237543530985
3021893,0.6202216956080702
3021894,803.3020013220719
3021895,50.21439363505479
3021896,16.360504010529752
3021897,33.87645067314104
3021898,95.65220586575661
3021899,10.584768013466219
3021900,1141.8486466014247
3021901,1152.9550143618358
3021902,25.578657569471087
3021903,37.9521736796906
3021904,1320.8978527278246
3021905,167.25283703125297
3021906,2872.1048246618725
3021907,520.2857084639974
3021908,37.06676701485078
3021909,15.717219456513389
3021910,0.0031063024054761483
3021911,18.57489235904525
3021912,8706.23667407888
3021913,0.09199625213165197
3021914,1335.7040731524494
3021915,28.53190666058453
3021916,1983.1115720193814
3021917,2524.783378822605
3021918,493.2057876618201
3021919,553.6697894219093
3021920,410.44137373200164
3021921,8391.596200900047
3021922,82.64874705479652
3021923,2.074198506558552
3021924,60.20014329141361
3021925,64.08416621456078
3021926,1.0618694539050393
3021927,562.9826594012633
3021928,27.701716595316572
3021929,35.526690111593204
3021930,17.30519434510297
3021931,209.60075917663548
3021932,21.824252677904184
3021933,858.1010044439373
3021934,683.6836368954683
3021935,24.840977842941285
3021936,45.57929300205683
3021937,1140.1896070484565
3021938,288.1281085744781
3021939,8234.199329869607
3021940,306.4079985650185
3021941,89.20986485422857
3021942,8.77346575117566
3021943,0.4349880828092723
3021944,8.6894244494782
3021945,2101.838688033871
3021946,0.05948336180837251
3021947,409.25991390229717
3021948,22.543594327927444
3021949,982.4336391692298
3021950,607.3525175096493
3021951,260.50054020020883
3021952,111.15853096607384
3021953,101.10324480380791
3021954,3172.088832960597
3021955,28.254265124449898
3021956,1.5132849601184
3021957,31.069537896616108
3021958,26.170970265573224
3021959,0.2192364948061113
3021960,228.81129189886477
3021961,17.260769762690842
3021962,8.217109715107659
3021963,15.635264845291474
3021964,55.519184326468306
3021965,10.36479879459573
3021966,273.9846195999916
3021967,304.36100785743736
3021968,4.329099314542548
3021969,8.972054945721894
3021970,247.61095214362592
3021971,68.15070542863188
3021972,1530.3156959352616
3021973,1.1552978536133784
3021974,12.472284391083129
3021975,15.635009948306074
3021976,0.003009956182298835
3021977,18.831150828256856
3021978,5189.731148335306
3021979,0.0811169004341425
3021980,716.9395225369342
3021981,34.72639234388924
3021982,1847.3235715154485
3021983,1348.4664097300042
3021984,581.0884141085269
3021985,148.2578290676219
3021986,194.37887228432916
3021987,7518.921312031602
3021988,62.24727525251552
3021989,2.413709756155235
3021990,70.79026697020844
3021991,54.5258888958134
3021992,0.4259265786845696
3021993,486.6112464090664
3021994,36.14460838896862
3021995,12.005965945018726
3021996,6.532981852432742
3021997,108.81061184752035
3021998,14.265752448435777
3021999,609.4086139013849
3022000,668.5067791647336
3022001,15.352246990066376
3022002,33.211323076293816
3022003,494.17062122987124
3022004,120.3453529933943
3022005,2669.659060967011
3022006,380.7618067309559
3022007,25.80755302146127
3022008,9.791855989817565
3022009,0.002821918102309753
3022010,8.697531913750597
3022011,5946.261027310857
3022012,0.06751355548388488
3022013,1130.7801140749725
3022014,11.813855859594923
3022015,1598.2886644795258
3022016,1774.3206377775098
3022017,302.65255612695796
3022018,373.3122475036981
3022019,278.49877891848035
3022020,6002.081737069957
3022021,45.16128684998797
3022022,2.1909189430455394
3022023,40.70416369838021
3022024,53.32421205671667
3022025,0.5875902900127044
3022026,392.87411434458994
3022027,5.573373703917596
3022028,42.22898351394817
3022029,7.407129123833351
3022030,122.71960016319362
3022031,14.184028221345105
3022032,624.2448344789409
3022033,376.2065176045772
3022034,24.152456495608412
3022035,13.91537864760666
3022036,761.6496830337175
3022037,161.04083665321465
3022038,5757.542583582423
3022039,4.469378950484343
3022040,64.56953338225867
3022041,12.960189198330834
3022042,0.0039272425586168525
3022043,10.896528869060516
3022044,6268.1123837454725
3022045,0.003726562209338637
3022046,1111.434308718502
3022047,14.058314159814255
3022048,1719.8573062131466
3022049,1382.2106137004648
3022050,458.91155489500636
3022051,260.3591767827031
3022052,313.7051392727525
3022053,7186.924758937488
3022054,44.80731807667093
3022055,3.376382015888139
3022056,59.77992190974137
3022057,55.43339294275859
3022058,0.27123679944594536
3022059,465.0979978056338
3022060,14.027017136074651
3022061,58.490671675400925
3022062,11.827311190107398
3022063,248.23320472387115
3022064,15.023274046033551
3022065,490.2507261611117
3022066,475.9186861752967
3022067,18.163817181039988
3022068,32.71379495368239
3022069,503.78889885850884
3022070,129.3703853280775
3022071,5103.102548550906
3022072,5.871768707565573
3022073,12.760630870024567
3022074,12.345230589221131
3022075,0.04839367643192792
3022076,5.97842324475771
3022077,2900.3564257502467
3022078,0.042460910949907955
3022079,632.33511597082
3022080,9.30079547058456
3022081,1014.6073353670458
3022082,679.0848978389546
3022083,311.9395917540834
3022084,123.29815130584173
3022085,132.61816303563546
3022086,3525.1982967913477
3022087,20.90768660229453
3022088,1.6169119088875439
3022089,29.908963845256846
3022090,33.98941699592839
3022091,0.1301495527923864
3022092,276.38709962866244
3022093,8.850424728882023
3022094,11.282438054178032
3022095,8.504468935304091
3022096,81.9921040394751
3022097,6.332074424779146
3022098,327.3134878494035
3022099,291.0045694591453
3022100,6.340903177442436
3022101,9.795001222744688
3022102,234.31264904342606
3022103,79.16058449924502
3022104,2352.179907975205
3022105,0.7544532495772774
3022106,5.891002904824505
3022107,10.025551448941693
3022108,0.14141103783219672
3022109,1.072742420316249
3022110,5034.045811230359
3022111,0.0033289877167532378
3022112,393.675327537858
3022113,5.798193030844541
3022114,1679.9948858225791
3022115,352.10062632589126
3022116,300.3328302370921
3022117,94.9385490256441
3022118,37.585585450647876
3022119,4209.885341642337
3022120,17.62593300839069
3022121,1.3375993272912226
3022122,29.90372368459706
3022123,14.255403381967005
3022124,0.17099927863873907
3022125,336.829688815845
3022126,0.004341071319246724
3022127,0.004893419878969028
3022128,6.430705737751317
3022129,21.35992661549428
3022130,1.5465463677267384
3022131,67.96359291991773
3022132,289.77637482740295
3022133,0.13223377726035437
3022134,3.6252563506974615
3022135,74.16794578387078
3022136,108.4126865659633
3022137,791.3003931134734
3022138,0.16507931137320261
3022139,3.1681986044399575
3022140,10.175133843599182
3022141,0.012569016057218683
3022142,10.618600982707884
3022143,5041.725920316192
3022144,0.03157964072731307
3022145,714.7750716999341
3022146,13.370964678271683
3022147,1508.1009159628795
3022148,1261.093439013891
3022149,455.0756828427945
3022150,256.43200800778055
3022151,205.8224966270426
3022152,6050.044666871362
3022153,41.51815512450901
3022154,1.5901646060628254
3022155,33.1579534534109
3022156,65.95952479960559
3022157,0.1590205400062138
3022158,388.04450536622915
3022159,42.5136759664107
3022160,20.271119959084444
3022161,17.983616141279597
3022162,72.54439669576007
3022163,10.289875289792747
3022164,553.7693192490656
3022165,461.2083864227989
3022166,13.01844112473898
3022167,20.62478254003357
3022168,703.5831738786194
3022169,146.30773428099704
3022170,3202.350039750732
3022171,0.10288610080829139
3022172,51.88545517031589
3022173,5.831073271821064
3022174,0.06533613293652321
3022175,7.14670218605631
3022176,4472.314944712208
3022177,0.2249173836502477
3022178,624.9511118250132
3022179,15.654731560025551
3022180,867.3380844009156
3022181,1224.7218191972975
3022182,167.96996681381978
3022183,263.82269604376825
3022184,207.37612383642684
3022185,3499.664508002745
3022186,36.95606774568519
3022187,2.8932465161141674
3022188,32.31348743712078
3022189,39.904275526309036
3022190,0.8970502479855462
3022191,234.28348973863268
3022192,17.41998211883561
3022193,44.05569023955286
3022194,10.811506427876795
3022195,139.36517198720935
3022196,16.188601365646548
3022197,415.35817639216634
3022198,239.09728071413448
3022199,8.19641196911532
3022200,14.779837778122142
3022201,547.856471783686
3022202,147.998904235472
3022203,4476.126546888813
3022204,0.4945164942354977
3022205,48.07867964239588
3022206,6.208189562257615
3022207,0.48684191101066543
3022208,14.04255339559542
3022209,5660.930867465261
3022210,0.08314340913108287
3022211,899.4966124555883
3022212,16.989715214828692
3022213,1381.238420589236
3022214,1648.373458116194
3022215,333.7155789117649
3022216,403.0572251288502
3022217,197.2538732055314
3022218,5615.195656435723
3022219,43.84912149190207
3022220,3.9096117796632384
3022221,48.32147928371996
3022222,57.55437795503712
3022223,0.4110708043361031
3022224,384.0026049325378
3022225,45.40816209525606
3022226,37.270786174257005
3022227,33.29279785745074
3022228,119.27599835827505
3022229,20.588606588547904
3022230,439.72859163730595
3022231,435.5469979927161
3022232,23.974912092337018
3022233,24.437312665762313
3022234,689.7900275488958
3022235,190.8334187276753
3022236,5439.853435885754
3022237,1.233097022943947
3022238,48.51314400989645
3022239,16.351410588398124
3022240,0.514122024166082
3022241,11.430328493037308
3022242,4546.97422145862
3022243,0.0033135355810153173
3022244,655.5699838513473
3022245,15.220951656032119
3022246,1953.5279373861517
3022247,1044.395788529897
3022248,668.404535438053
3022249,242.09921316066377
3022250,123.86669988702666
3022251,7445.946307382414
3022252,15.60714195305706
3022253,2.143073507060147
3022254,54.70172075698455
3022255,51.97627421177473
3022256,0.16481260680755208
3022257,468.55418197631093
3022258,15.10534427336278
3022259,7.514327016308995
3022260,11.859959427319346
3022261,47.58988765419666
3022262,5.106266573043851
3022263,407.079787035003
3022264,561.0203949392004
3022265,9.659020782260962
3022266,10.68133772319437
3022267,519.5510808694708
3022268,114.45520948148393
3022269,1959.116355133443
3022270,171.26221306949793
3022271,20.72656885879037
3022272,4.145652326448896
3022273,0.00394586694698844
3022274,4.1705179621261355
3022275,2202.626465784915
3022276,0.0684332143761609
3022277,349.11386368176863
3022278,12.070301199688481
3022279,680.2146865921668
3022280,662.7171467502124
3022281,138.47769156968644
3022282,140.1320303504212
3022283,92.34653710513632
3022284,2446.918706931658
3022285,18.527151245401928
3022286,1.599336250920051
3022287,20.598890833060562
3022288,24.667478894588278
3022289,0.13398420942965059
3022290,164.7344224727837
3022291,13.780676497241618
3022292,14.97482030330636
3022293,6.699672911993572
3022294,63.52164566739373
3022295,5.7655079088436985
3022296,261.7672249014167
3022297,167.78558471734993
3022298,4.5308170699091
3022299,7.482174390168295
3022300,285.4220473195033
3022301,61.123689840272625
3022302,2231.482582396369
3022303,0.07185757152699249
3022304,23.947693427246733
3022305,1.8022714865928047
3022306,0.08299932916193054
3022307,1.9302087018328096
3022308,1209.1569270178468
3022309,0.0030363947061865753
3022310,101.33088866758472
3022311,2.934603562779125
3022312,690.9684649259573
3022313,269.4154005643327
3022314,226.40498381831043
3022315,72.49452968472023
3022316,30.317531903140022
3022317,2384.0169866931906
3022318,3.3250643983419232
3022319,0.47884446393396185
3022320,8.287653659714099
3022321,6.745441596055567
3022322,0.14155892623082822
3022323,163.2212361037426
3022324,3.615196519269758
3022325,0.006628021542794111
3022326,2.0357857428446904
3022327,10.982332318847604
3022328,0.35210332254806115
3022329,173.22067242361356
3022330,175.57096153778065
3022331,0.7247353971721551
3022332,3.4181096827787885
3022333,135.2528938366139
3022334,24.74848253283969
3022335,218.64200529100725
3022336,14.810224511010865
3022337,2.1907750545816795
3022338,6.312880309048217
3022339,0.3191811325126105
3022340,4.999587903990662
3022341,4224.667983390445
3022342,0.0031534611375152867
3022343,618.2053532791766
3022344,11.76055976516335
3022345,1695.6521058064864
3022346,550.940695105573
3022347,420.54757955685386
3022348,367.8179596037714
3022349,66.08148974181533
3022350,6010.870693176837
3022351,18.48149275631956
3022352,0.6491147758184634
3022353,21.81320760505853
3022354,17.356985558949166
3022355,0.19495924961456468
3022356,438.0630875587373
3022357,7.234082439392989
3022358,2.0647149368748803
3022359,8.823473985072983
3022360,24.834350669142633
3022361,2.0756742923575184
3022362,531.8716382011175
3022363,376.1362810191325
3022364,1.994950201277825
3022365,13.556372946293866
3022366,311.0844884016164
3022367,78.51946606458658
3022368,1161.8602067570066
3022369,37.05376831273943
3022370,9.295126548271796
3022371,4.850436882378805
3022372,0.06705484192712229
3022373,1.1032788929465553
3022374,1556.805294756446
3022375,0.0030450158581133784
3022376,183.594233006669
3022377,8.328547775111794
3022378,901.4551362795157
3022379,356.97728822505655
3022380,195.5366318282274
3022381,85.8852246748182
3022382,33.71934428971619
3022383,2677.9780130903346
3022384,6.303705771692721
3022385,0.596373593409106
3022386,12.437649852734877
3022387,15.16997094785928
3022388,0.1513614978186535
3022389,160.6669099316389
3022390,4.911440986771598
3022391,0.005002755299741324
3022392,11.906653280134233
3022393,22.099163423566416
3022394,1.2644523957791156
3022395,147.84816135854354
3022396,176.6226187864719
3022397,1.0936462520268073
3022398,5.658922565096099
3022399,152.64422897524713
3022400,32.13175684650044
3022401,324.3571110139493
3022402,7.38649960209051
3022403,3.251338018645053
3022404,4.559424452784496
3022405,0.002935878602579346
3022406,3.0529146842824693
3022407,1545.8062568328628
3022408,0.0029435303628471696
3022409,141.35400842819917
3022410,5.486542446238604
3022411,778.536215954228
3022412,271.4994134181016
3022413,153.09346305011283
3022414,63.12844876379911
3022415,26.260136829273304
3022416,2682.564830406459
3022417,8.568673685285132
3022418,0.2474776642145181
3022419,12.51546895159322
3022420,9.56593500649512
3022421,0.07560437907574785
3022422,145.22867402311408
3022423,1.7532102514450714
3022424,0.006722336459324326
3022425,2.394757834551486
3022426,23.936039447590463
3022427,0.8452660343601813
3022428,152.9920436629581
3022429,198.3631379832895
3022430,0.4220395868102801
3022431,4.556787868061676
3022432,73.15991899098071
3022433,23.67795052697769
3022434,175.56726942587852
3022435,11.460628114411406
3022436,1.4105235300350345
3022437,3.647297210565565
3022438,0.004962901469277057
3022439,1.6948070974400369
3022440,1413.166033304023
3022441,0.00318849669405749
3022442,200.02233532286522
3022443,7.396241774441745
3022444,1051.885199950908
3022445,372.286458096927
3022446,247.7744842374039
3022447,50.63589323830112
3022448,38.818165790935005
3022449,2865.739230147558
3022450,5.133201016878006
3022451,0.25509617219842545
3022452,9.410511393273625
3022453,19.942811682677714
3022454,0.13526396746679997
3022455,190.24069909077514
3022456,1.019288906579551
3022457,0.004282271322582019
3022458,3.2476837255559676
3022459,15.654566167581644
3022460,1.6844885558187837
3022461,287.56327722012725
3022462,271.55029345181225
3022463,0.8336504261278468
3022464,5.003174871769439
3022465,71.0491185941311
3022466,82.75888880305038
3022467,328.9389252827052
3022468,6.159220552891111
3022469,4.131738893615003
3022470,4.105747358467511
3022471,0.9336898847134334
3022472,2.9441084246565308
3022473,1716.5222834688643
3022474,0.002952846940486418
3022475,163.82873708413612
3022476,3.4756852124729516
3022477,905.1025416503915
3022478,361.0217431322187
3022479,278.5185623177606
3022480,120.6772818241942
3022481,53.39880457427489
3022482,2841.123405937322
3022483,6.96105737711766
3022484,1.0826871957615793
3022485,17.741268046320883
3022486,15.494441030144644
3022487,0.1675527806989811
3022488,228.433353950833
3022489,6.930343622801115
3022490,0.003970096316422573
3022491,3.696844106466471
3022492,18.958956204237
3022493,1.8139828982899566
3022494,123.67519113526077
3022495,198.81961053122492
3022496,0.7580682196677931
3022497,4.798957791295626
3022498,104.90680469374469
3022499,36.83874624425294
3022500,570.7252580888091
3022501,9.481783716055594
3022502,4.364577028829564
3022503,4.379716590957973
3022504,0.21766888881428373
3022505,0.9530253349650905
3022506,1335.5725349474023
3022507,0.0030738616769320185
3022508,159.02271925627525
3022509,3.9903297434434855
3022510,824.3240160348163
3022511,237.00660742392972
3022512,169.76175520464898
3022513,284.14255385783076
3022514,29.5872220964287
3022515,2155.7809697998514
3022516,4.518802623123583
3022517,0.28363071163719084
3022518,11.798325930379292
3022519,13.100148331441002
3022520,0.15253547105862103
3022521,152.15312878382647
3022522,0.003920091935671895
3022523,0.01968368737171023
3022524,2.920268630361767
3022525,19.28330179314078
3022526,1.0876912299084092
3022527,53.871685964237514
3022528,147.49258237873457
3022529,0.7242927115725801
3022530,3.002316827549999
3022531,66.18160431311885
3022532,34.33241603087227
3022533,464.33465894759854
3022534,0.18440668517284484
3022535,1.664020645107249
3022536,7.026838948981954
3022537,0.3856598056753382
3022538,3.308728188543518
3022539,2772.9676240752756
3022540,0.0030904053710602833
3022541,297.02459725991815
3022542,5.4246087948236035
3022543,1139.3710996943346
3022544,666.4774391286917
3022545,423.469821137089
3022546,309.8387039373021
3022547,72.48303128996865
3022548,4448.748558390333
3022549,12.180874920193325
3022550,1.0726842695846108
3022551,20.61167863948632
3022552,22.88335940649551
3022553,0.11130006679900482
3022554,266.30423622005003
3022555,1.4337041196072595
3022556,0.05553223265801752
3022557,6.330504368384544
3022558,21.800644084543112
3022559,3.507091863501911
3022560,247.91198353854423
3022561,258.15423338831835
3022562,2.0670777103736144
3022563,8.089957485776749
3022564,313.63536506412964
3022565,56.73437573844776
3022566,1179.2070960693086
3022567,32.29954901889924
3022568,11.836615234337074
3022569,3.112108787261139
3022570,0.23339471533695877
3022571,3.0242503283226996
3022572,1903.5295711523768
3022573,0.0025174166148548803
3022574,537.8672438589826
3022575,6.126868974630085
3022576,556.5773052030814
3022577,501.3032778765154
3022578,193.14795375442424
3022579,228.57751316326636
3022580,37.69550802903316
3022581,2521.0806071697343
3022582,11.678688331744375
3022583,0.8702138442666559
3022584,16.742954372446775
3022585,15.666677304424894
3022586,0.06593466459440506
3022587,164.12920873914405
3022588,7.0670637560888485
3022589,1.6609737595303815
3022590,5.400269177387379
3022591,38.265222537576136
3022592,1.815587394932382
3022593,69.63050973670065
3022594,153.69806522083724
3022595,2.8880273481597722
3022596,5.935663668798593
3022597,144.54133076503643
3022598,42.708962399896805
3022599,1258.415663733992
3022600,38.29675549713322
3022601,11.160200595516683
3022602,5.167322487357954
3022603,0.39464035252590896
3022604,2.3071894857501736
3022605,2311.195784127094
3022606,0.002915044970376111
3022607,169.7504499513044
3022608,5.779765533886593
3022609,809.6877628913654
3022610,321.1823767935176
3022611,285.66369430058495
3022612,86.37840432743707
3022613,35.65093615736187
3022614,3035.0901164983693
3022615,11.643501619834797
3022616,1.1850789201208127
3022617,11.717029567892077
3022618,13.592060877227887
3022619,0.15964003187950387
3022620,174.18116665701695
3022621,7.261525035625522
3022622,0.005129260659582635
3022623,3.947867442453515
3022624,25.30868120871258
3022625,2.3611999213597015
3022626,131.12570395344142
3022627,173.09670377012336
3022628,1.1377783438716262
3022629,4.883940911721467
3022630,91.1072151660929
3022631,28.209937037144545
3022632,413.497705036439
3022633,3.8304225628296202
3022634,4.5452264466485515
3022635,5.40568660000552
3022636,0.0623173027964921
3022637,6.529480164249909
3022638,2768.187202625795
3022639,0.039938745024858474
3022640,568.9679395078862
3022641,9.087602107987202
3022642,777.6474244599867
3022643,762.0348441372694
3022644,216.84439753907552
3022645,158.10634857047546
3022646,87.02862819723973
3022647,3993.277771580628
3022648,25.43978033525052
3022649,1.1634852216347464
3022650,18.844658015483112
3022651,26.399119149738898
3022652,0.12607597093083717
3022653,216.68076877005277
3022654,17.839353516249854
3022655,10.892978595662816
3022656,5.302921821976039
3022657,54.701064560503625
3022658,7.703150035111556
3022659,400.577849194455
3022660,256.81543812849566
3022661,7.847386660775477
3022662,7.2543493804795585
3022663,391.3726314594207
3022664,84.19118125576004
3022665,2022.3721265356057
3022666,0.0979034074334362
3022667,28.182163298311806
3022668,5.709067647221815
3022669,0.24909468585383157
3022670,4.003065737635067
3022671,3231.221354393677
3022672,0.003047068751120342
3022673,393.74868794680606
3022674,5.04986421725282
3022675,1156.6880783055574
3022676,586.3812188213974
3022677,508.87263249575
3022678,128.33781557874585
3022679,59.659252939186416
3022680,4581.172678348064
3022681,9.14925866892737
3022682,0.505872454415277
3022683,15.64836498554966
3022684,13.067408534641618
3022685,0.06042392226188205
3022686,275.89331423941553
3022687,2.0018891271886026
3022688,5.4294071136696855
3022689,4.146004950697667
3022690,29.388410707607616
3022691,1.2938563968664551
3022692,215.98935136612144
3022693,330.76787983596154
3022694,2.876327185048557
3022695,5.142214323167898
3022696,257.5312785160838
3022697,54.96196590264073
3022698,845.1314987418716
3022699,66.8829840149128
3022700,10.203876168139558
3022701,7.977830195880017
3022702,0.4748385838796632
3022703,3.2948100170209487
3022704,2734.477826093057
3022705,0.003213481585040692
3022706,415.39059561789617
3022707,5.360167288362954
3022708,1255.735570711004
3022709,533.4157896910272
3022710,283.56231401754343
3022711,404.88095797774923
3022712,62.05109585668002
3022713,3547.5050906115466
3022714,9.947385329569922
3022715,0.5688144621052396
3022716,30.055332882514406
3022717,28.822433722059248
3022718,0.19985791792337612
3022719,294.3023526506279
3022720,3.434228045824654
3022721,2.5504164655164967
3022722,7.715552943635925
3022723,52.021974098374926
3022724,1.9012475105951785
3022725,105.40799551317117
3022726,266.08352051043744
3022727,2.3225197284388863
3022728,5.764833837099776
3022729,157.21047381627332
3022730,126.34820083748724
3022731,1171.5906960328407
3022732,1.0242413843350167
3022733,4.753916209618682
3022734,3.6456690816188573
3022735,0.1677894326983744
3022736,2.8941254471943116
3022737,1708.5739738217937
3022738,0.0032372595604386253
3022739,119.79770711066593
3022740,6.291301998919143
3022741,618.4393839831336
3022742,287.68198538632754
3022743,136.97697833910422
3022744,71.54198183721991
3022745,43.579288243345104
3022746,2261.5604337328696
3022747,5.962502127835266
3022748,0.8412476719101792
3022749,25.32674441550522
3022750,16.906366308516198
3022751,0.08442617789080431
3022752,171.82620826480272
3022753,0.457924673241183
3022754,0.004507922703323239
3022755,4.268495499299764
3022756,33.30933449360619
3022757,2.396250807412316
3022758,93.56728076475895
3022759,149.59447554688148
3022760,0.9487857493271605
3022761,5.178152904982825
3022762,137.95834322793058
3022763,31.435510430965124
3022764,466.59643722490176
3022765,7.188098099077292
3022766,1.748913338907453
3022767,2.0417485574530887
3022768,0.003272488568127453
3022769,1.8669756805821116
3022770,1405.8749273677831
3022771,0.1532734170485783
3022772,274.9251633249509
3022773,9.094737937780607
3022774,526.2819392535584
3022775,462.3457448714675
3022776,121.95000280662377
3022777,46.470161045111006
3022778,58.64826876938462
3022779,1989.5200603413748
3022780,20.259233402577017
3022781,0.4002677116880709
3022782,9.998784316143915
3022783,15.216225003617373
3022784,0.2684006320227877
3022785,116.9364254155609
3022786,10.97907027163629
3022787,1.362274906554676
3022788,4.123298466077125
3022789,38.067707315732996
3022790,4.1132693110570795
3022791,426.0807752628473
3022792,155.62522641319606
3022793,3.484827109482535
3022794,4.644226090952843
3022795,269.9967463189844
3022796,31.993198328937375
3022797,1080.0936889885884
3022798,0.06930988880393438
3022799,8.696607431947475
3022800,2.6863467088683066
3022801,0.08128439358062638
3022802,5.013293695625817
3022803,3329.4958722880374
3022804,0.041939917597089586
3022805,707.6153763023451
3022806,13.657588114527003
3022807,993.3948806142863
3022808,1122.0601466680512
3022809,256.678718240323
3022810,203.6934101611217
3022811,134.91510410500095
3022812,3752.461251273467
3022813,30.21100553182825
3022814,0.8856636417059249
3022815,18.55801560701522
3022816,31.509680065668352
3022817,0.11350477350899485
3022818,221.6671600412333
3022819,10.378975504643112
3022820,23.44987963851907
3022821,8.536141286635882
3022822,61.708002276409815
3022823,10.912482422455684
3022824,336.1641543427233
3022825,254.12990214530203
3022826,14.769748199678224
3022827,9.186476575074966
3022828,454.23779905581387
3022829,94.54497659957102
3022830,3113.5729928938413
3022831,0.12751657049524268
3022832,25.09568800831598
3022833,2.5838095397798693
3022834,0.08007133900598466
3022835,2.741950563132391
3022836,1832.5402432255958
3022837,0.028908422306683713
3022838,339.2612291693799
3022839,5.408924295434835
3022840,372.28450962865344
3022841,491.0917055530733
3022842,128.40080573358108
3022843,103.96427709695156
3022844,70.20978704472972
3022845,1485.4273123376347
3022846,14.93566762675162
3022847,0.9986720205611151
3022848,16.995037884292906
3022849,13.536402225978703
3022850,0.087486045062449
3022851,77.19764227657774
3022852,0.0035385410350445177
3022853,12.456981923601154
3022854,4.197050710672047
3022855,106.55698731929932
3022856,6.469497790956418
3022857,164.45903815899692
3022858,102.34280567995937
3022859,3.837207913482302
3022860,4.696229474824225
3022861,142.39818484439851
3022862,35.63612390492571
3022863,957.7802826192847
3022864,0.6958395599564791
3022865,4.234955028170185
3022866,3.418687178309435
3022867,0.03204140001915763
3022868,0.5967014522041556
3022869,865.5872730081048
3022870,0.017221628939954135
3022871,200.66221455819576
3022872,4.177861416055641
3022873,307.02219415737164
3022874,215.04158902937797
3022875,73.60787753175003
3022876,32.437425300129306
3022877,33.682395201318265
3022878,1395.3109665186516
3022879,5.715169602945364
3022880,0.6506360877771452
3022881,8.294552613555659
3022882,7.411729101118732
3022883,0.26919536500956615
3022884,60.71547917463592
3022885,0.35248964060705423
3022886,4.23435734384072
3022887,1.5910832021395114
3022888,23.41066090089412
3022889,0.2761083340328937
3022890,237.42393727053798
3022891,122.51520806622851
3022892,1.9766611032278116
3022893,1.3403657739910935
3022894,127.81551930374222
3022895,20.567499275628457
3022896,404.5578894137675
3022897,0.6399991147408122
3022898,2.4217528342352783
3022899,5.422363970572151
3022900,0.22014893570608085
3022901,3.9764211021158973
3022902,3093.5023567810217
3022903,0.12523013812694106
3022904,614.2699335391716
3022905,11.182524388656493
3022906,773.001873978888
3022907,849.8529834467789
3022908,266.766269012609
3022909,216.2892988932844
3022910,92.15768339876925
3022911,3468.3167161950414
3022912,25.333127508668483
3022913,2.664517452769174
3022914,15.812243878963988
3022915,25.64685919598035
3022916,0.2182521021766208
3022917,206.9232760405617
3022918,6.019806688434441
3022919,25.851583565768326
3022920,8.20431854816421
3022921,81.7038438856332
3022922,3.681293727332117
3022923,251.4376419213775
3022924,236.1402791358626
3022925,9.060234064593349
3022926,8.264717884120154
3022927,355.4619156261308
3022928,69.0728121109487
3022929,2414.4541624705735
3022930,1.2091830123603216
3022931,18.475507879564454
3022932,5.494095829098154
3022933,0.022569421802428054
3022934,2.569397167877372
3022935,3036.24909770398
3022936,0.0035678019684400215
3022937,573.2546467832983
3022938,8.647902443511565
3022939,1023.6915482546018
3022940,718.4878331189902
3022941,321.813831759101
3022942,345.66785354255745
3022943,57.21936896686917
3022944,4286.758824490227
3022945,11.23845702529557
3022946,0.9142408855593331
3022947,24.705698358053468
3022948,15.569457511679653
3022949,0.6830879249789583
3022950,242.1513998752811
3022951,0.004340829793546034
3022952,4.9654492515499475
3022953,4.987137245906751
3022954,34.23665625876732
3022955,1.1041546268838207
3022956,170.64547347075637
3022957,300.5837793652043
3022958,4.374573203265787
3022959,4.542162589054865
3022960,196.489664294373
3022961,71.19559278940076
3022962,1249.2483467593613
3022963,2.5482396592977077
3022964,4.9249841433027415
3022965,5.143524560148973
3022966,0.3806906515529092
3022967,2.5977281782515185
3022968,2785.9766294033125
3022969,0.003532787369666717
3022970,536.0720005607544
3022971,8.095310463489428
3022972,870.8161667286911
3022973,606.1979765766264
3022974,251.47661545200495
3022975,368.4126957548073
3022976,53.673911480081046
3022977,3676.6452665258657
3022978,10.915925504581669
3022979,1.1269803114021937
3022980,26.057433124397207
3022981,14.966248974679653
3022982,0.07255532096797215
3022983,225.44340354279637
3022984,0.0042638465058575156
3022985,4.778208891010163
3022986,4.41258720717087
3022987,49.4563500115304
3022988,1.2664231616818493
3022989,109.57668671027928
3022990,221.18157853409954
3022991,3.4550407131639314
3022992,4.4862795012024925
3022993,162.29223611113878
3022994,59.26346781761758
3022995,1000.5874571742487
3022996,1.9154568816315616
3022997,5.641288845153561
3022998,8.77398144869383
3022999,0.8768721803313186
3023000,13.100736180626917
3023001,7271.397145497097
3023002,0.07814444425266065
3023003,1170.8122637994977
3023004,29.46582487425935
3023005,1758.6630321730265
3023006,1871.1614218395666
3023007,346.6142645338275
3023008,433.768235104315
3023009,271.2202208826916
3023010,7013.608843247421
3023011,64.25864473739611
3023012,2.682419559361534
3023013,48.95690700656164
3023014,45.170750172603036
3023015,1.6733096721844951
3023016,448.26350961438703
3023017,33.805396659496836
3023018,35.592699060223204
3023019,24.8622589385525
3023020,128.32467199165276
3023021,22.198215337248616
3023022,627.6445758094601
3023023,479.483391929865
3023024,16.839237196944733
3023025,22.63815415211002
3023026,1001.41928548039
3023027,223.019508484439
3023028,7041.958277858025
3023029,1.016714576884403
3023030,77.91391084261717
3023031,3.035029215720879
3023032,0.29115426146553336
3023033,0.7067217659221321
3023034,1445.999857935177
3023035,0.0032094836644959773
3023036,164.08678964633378
3023037,3.615695168847213
3023038,578.793988640435
3023039,241.94834147526242
3023040,106.46009780997476
3023041,198.15356550312865
3023042,37.45292529663927
3023043,1775.7766009715635
3023044,4.65204904661316
3023045,0.5151357940217867
3023046,10.984126504786946
3023047,7.00171493810143
3023048,0.13654080897538556
3023049,145.6673272103172
3023050,0.5052162372419469
3023051,0.004293455611852322
3023052,2.85899657850595
3023053,26.02799912240495
3023054,0.7368567702797132
3023055,54.52124355820533
3023056,97.1735144639936
3023057,1.796672374400334
3023058,4.21454090603557
3023059,101.78004835705057
3023060,20.474157088463063
3023061,491.07607371198424
3023062,0.3893530866487995
3023063,3.969815442092567
3023064,7.555300254616943
3023065,0.40783732810442075
3023066,1.9539448355611897
3023067,3162.5822111497528
3023068,0.0030602245654636176
3023069,491.0740315279258
3023070,7.691177292536372
3023071,1125.1793434312135
3023072,591.7672431641131
3023073,219.17314710270918
3023074,396.0541077769655
3023075,71.7760532160292
3023076,3994.0985837034423
3023077,11.517660722385244
3023078,0.5290980338832086
3023079,17.118212781422756
3023080,17.80397352970711
3023081,0.12764382948504505
3023082,249.1321346421011
3023083,1.030260567600454
3023084,5.101839725870469
3023085,8.321895086421186
3023086,17.528046581309287
3023087,1.036172148874285
3023088,282.72026497025973
3023089,272.57078909302396
3023090,3.379997526938608
3023091,5.781189153404885
3023092,112.97611223364797
3023093,64.5508984470487
3023094,1054.8246534924408
3023095,1.733850426011967
3023096,5.125223231437765
3023097,1.6211938407217819
3023098,0.02887947370860198
3023099,1.346303555293498
3023100,1118.5303978557968
3023101,0.003066186962220448
3023102,110.91297921209296
3023103,3.037965532290756
3023104,577.5430636936017
3023105,143.70260009037042
3023106,83.49583192187946
3023107,409.51770296593054
3023108,18.33037739207415
3023109,1615.3572879644341
3023110,1.5576712154388423
3023111,0.4144832348591434
3023112,7.881705708073551
3023113,3.3963758210002912
3023114,0.19753655911998247
3023115,80.01321057383315
3023116,0.00388815881863506
3023117,0.004291047546049441
3023118,1.349832676064817
3023119,19.74769424786188
3023120,0.24316779023485555
3023121,61.33208571998496
3023122,89.80663673189285
3023123,0.42344748606558147
3023124,1.3158206898372242
3023125,49.983937338823296
3023126,11.193014525279889
3023127,171.75567277891452
3023128,0.1476612507593015
3023129,1.8102688218141971
3023130,6.284499282394966
3023131,0.08342354153676584
3023132,1.7808645435710373
3023133,2160.5571021518467
3023134,0.0030449397334467855
3023135,256.9177887038238
3023136,7.062489727369719
3023137,1003.6930375079712
3023138,385.2961611637835
3023139,178.5759837230009
3023140,579.1241988081063
3023141,42.316507723852126
3023142,2774.1133720762614
3023143,3.4201236671352877
3023144,0.6054901907566589
3023145,27.815842064473642
3023146,16.170763026950457
3023147,0.22057456570973402
3023148,216.01420616395293
3023149,0.003872111332170903
3023150,0.03859280922075579
3023151,11.281065117563486
3023152,27.779526391097377
3023153,1.5191030963971264
3023154,197.16700107657863
3023155,222.91038102721447
3023156,1.817271121318087
3023157,3.7704536848809505
3023158,173.6876399732982
3023159,31.016687381121926
3023160,1084.630000404372
3023161,0.15455706366344732
3023162,1.0877183474179524
3023163,3.215901357098689
3023164,0.344951320777942
3023165,1.8817422400931978
3023166,2526.276152878666
3023167,0.0031005753649133772
3023168,695.4979375008596
3023169,7.604066441940692
3023170,811.7924861654933
3023171,558.3707856047527
3023172,228.0606364348774
3023173,197.62838500880824
3023174,72.26203419193423
3023175,3852.6177195878317
3023176,6.2778853564222326
3023177,2.7525417572806434
3023178,22.97363239719395
3023179,31.407694599660143
3023180,0.20941574490874118
3023181,202.25345890801347
3023182,2.0626929829333776
3023183,3.810493684582204
3023184,5.26259426189008
3023185,24.544638962076778
3023186,2.097608116259543
3023187,165.5139391224363
3023188,284.0105751416103
3023189,3.1194216281492224
3023190,5.538206452092661
3023191,132.7560026114234
3023192,28.41494498907509
3023193,594.839667379305
3023194,3.9520216350143196
3023195,2.7144721253905915
3023196,3.7693393080322375
3023197,0.0673378577160118
3023198,1.1035691631523266
3023199,1538.7283305570986
3023200,0.003194541703581867
3023201,105.84146153671887
3023202,1.9993622684591998
3023203,502.4807385713215
3023204,164.67715428990977
3023205,89.91850330511068
3023206,269.3227840113298
3023207,35.84899195443026
3023208,2020.4887165597322
3023209,4.767638297964189
3023210,0.5518241454059176
3023211,9.869966937597999
3023212,5.913726937417158
3023213,0.199141728426309
3023214,83.9387247651157
3023215,0.004057876235487813
3023216,0.005708115745381144
3023217,0.629851445421182
3023218,30.985729009312095
3023219,0.7552346981170047
3023220,159.85989081884068
3023221,84.02978868244527
3023222,0.7415008500855937
3023223,1.1621505687444165
3023224,43.64429328554217
3023225,18.22790869122937
3023226,319.22636722874955
3023227,0.2182602738673838
3023228,0.9054073767657231
3023229,4.339461441126379
3023230,0.06635909561596776
3023231,1.1129789866280346
3023232,3258.739499007163
3023233,0.003545215285888409
3023234,506.34406448558553
3023235,8.397105699649575
3023236,847.7638334127422
3023237,567.3127431340977
3023238,199.9632194969638
3023239,179.18944578538333
3023240,66.13657588332595
3023241,3573.795331498574
3023242,7.043275056795789
3023243,0.46784684488137795
3023244,36.15737669894566
3023245,11.567016425525326
3023246,0.11476112060484712
3023247,211.4619478164548
3023248,0.039557165064036275
3023249,13.023237498678888
3023250,3.452023773758325
3023251,53.120639937056055
3023252,0.9940667918809128
3023253,196.8626971692107
3023254,232.38295307113262
3023255,3.387299725317056
3023256,3.453121235776979
3023257,109.35372981837949
3023258,42.00751543144055
3023259,1183.5938676779626
3023260,2.0423603022640364
3023261,1.3984465543711537
3023262,3.9453613868126305
3023263,0.028757926747444085
3023264,6.599828132641415
3023265,2594.6369140113106
3023266,0.04748180958844881
3023267,544.7782126957663
3023268,5.931799523350852
3023269,846.9051143353537
3023270,798.417483958777
3023271,151.0310092755929
3023272,128.76315469707737
3023273,109.36686012514153
3023274,3260.419807943805
3023275,35.483719879184264
3023276,1.4801057650114537
3023277,24.059726338438523
3023278,26.696668260856693
3023279,0.22590385308781366
3023280,199.08568553648945
3023281,18.872064904323988
3023282,17.133239349517822
3023283,3.750643765005448
3023284,66.20418875185186
3023285,8.459926231822163
3023286,194.34932438502457
3023287,262.77504013419343
3023288,11.305651249007418
3023289,11.180211967911179
3023290,222.79606445107802
3023291,82.93078873589903
3023292,2222.1745070239267
3023293,0.10414426264377076
3023294,12.02744776656151
3023295,4.914398313272271
3023296,0.02718436133427429
3023297,6.798204384784553
3023298,2214.616892835398
3023299,0.03674123971991161
3023300,448.8549746459076
3023301,9.46643067628638
3023302,866.0388702408153
3023303,712.1489920566579
3023304,141.55798959237455
3023305,90.97143837821544
3023306,113.91759151721155
3023307,3176.626709454649
3023308,22.391559215007117
3023309,1.1668574831469283
3023310,34.85900799133624
3023311,27.50464818135415
3023312,0.054550079860411084
3023313,276.7327659972994
3023314,18.475291123478378
3023315,11.322788081638851
3023316,9.504697998529434
3023317,67.19547737325516
3023318,9.19824491852037
3023319,148.70160575856195
3023320,330.69049794717614
3023321,6.428169749079569
3023322,8.737987045966477
3023323,116.89168704494975
3023324,71.26598637383954
3023325,1667.1232963178877
3023326,1.8878237927576331
3023327,15.199386833613977
3023328,7.729198201244047
3023329,0.38157477224350894
3023330,4.092395635381163
3023331,3034.7006628071504
3023332,0.0034076389220571175
3023333,678.2625786429079
3023334,5.151676721034349
3023335,1445.0985660359
3023336,557.5846438066022
3023337,177.92564886514407
3023338,1495.4943863262006
3023339,53.80673238816222
3023340,4498.1891082511
3023341,25.33249242964017
3023342,1.4235045741070333
3023343,22.28545566783277
3023344,17.119747929504125
3023345,0.18891064349351935
3023346,321.7976954014756
3023347,4.447615294381816
3023348,11.097831611762633
3023349,7.722883087645133
3023350,39.055081728043646
3023351,3.613144458919077
3023352,122.26728858922235
3023353,303.7529092676874
3023354,5.4480184525724225
3023355,8.418735132400442
3023356,191.85591270433687
3023357,53.38401598166078
3023358,1359.2720622014754
3023359,17.80122635777732
3023360,11.984314574214121
3023361,3.7629413466295976
3023362,0.11980350134890336
3023363,5.261700933891928
3023364,2210.9790501117145
3023365,0.059685774821649926
3023366,377.2257142275782
3023367,6.141966305870701
3023368,756.8205977676425
3023369,710.7899721657711
3023370,184.02011332763382
3023371,138.0171169073168
3023372,90.83823443190154
3023373,3001.9478284384354
3023374,21.365006264081373
3023375,1.181323796177801
3023376,13.72675469840247
3023377,10.673995389708853
3023378,0.23850839711601954
3023379,174.78320676917303
3023380,16.136938196200568
3023381,13.120760391588032
3023382,2.3987484955114526
3023383,46.2752748592449
3023384,6.431613783321791
3023385,316.6993319426427
3023386,214.4497972590285
3023387,5.986066519090815
3023388,7.903046525306773
3023389,347.6410852527794
3023390,58.716866694614986
3023391,1925.9770392155688
3023392,0.17316604543856826
3023393,24.44734885869469
3023394,3.2567088339087853
3023395,0.23847929671487975
3023396,2.809857409266394
3023397,4407.136212161719
3023398,0.0032368271169853783
3023399,418.8767614574738
3023400,7.988260373672528
3023401,1652.210127843586
3023402,597.1231559692653
3023403,273.69723355690445
3023404,274.52315936389795
3023405,52.79341361843967
3023406,5395.349899829234
3023407,9.662302552965718
3023408,1.5884984618687223
3023409,27.06496207559855
3023410,20.005922424891207
3023411,0.17178737911112277
3023412,373.7889865195318
3023413,0.004123975127376314
3023414,0.1425892000489842
3023415,7.70231176659412
3023416,26.385672425844753
3023417,1.9556861669886652
3023418,128.01077927069073
3023419,309.96143892024696
3023420,2.880884095050884
3023421,8.864928528986717
3023422,177.7659086894709
3023423,50.38856034436708
3023424,1083.821769483829
3023425,0.7417822178617913
3023426,4.7451893023285034
3023427,5.967326148585009
3023428,0.0563223899460329
3023429,7.050955736535356
3023430,2326.4335824576783
3023431,0.03656383635033078
3023432,447.7962709984938
3023433,8.943742883719514
3023434,879.0392299562994
3023435,647.45323120118
3023436,193.97057666911357
3023437,122.05150101175518
3023438,105.16905112625777
3023439,3176.2692568194707
3023440,25.29560977124812
3023441,1.1388361997427738
3023442,24.78800399445814
3023443,29.810419105069084
3023444,0.09282731285907425
3023445,215.45876897991351
3023446,12.381613324906898
3023447,12.474511250003536
3023448,7.432843380544439
3023449,55.39926282696853
3023450,10.134483630770518
3023451,168.9993399526728
3023452,297.54642129927964
3023453,10.22986472937809
3023454,8.021386842928312
3023455,166.7935002535601
3023456,52.71672015472614
3023457,1730.8608597423934
3023458,0.6269589079566618
3023459,6.683504474653787
3023460,2.935403798876263
3023461,0.024379075888230083
3023462,3.947548137981528
3023463,2305.427069934932
3023464,0.0757846285963838
3023465,392.7002345724242
3023466,7.339271818323109
3023467,626.7268765101103
3023468,680.4684265493811
3023469,157.6216391907629
3023470,105.59773546039207
3023471,79.442130549009
3023472,2478.091030936659
3023473,20.833147192189173
3023474,0.8753361582107823
3023475,19.084423360759246
3023476,20.02432218438902
3023477,0.08428105502832375
3023478,169.95264765412034
3023479,11.277358152608661
3023480,23.66284291666183
3023481,4.32221486576544
3023482,42.24087109344619
3023483,8.467445467911025
3023484,179.8504183324092
3023485,194.19751590133654
3023486,7.823549808291046
3023487,7.670209354987262
3023488,190.03658549968378
3023489,45.43657164396691
3023490,1916.906830470927
3023491,0.4060291957758865
3023492,12.181328024664898
3023493,6.148130533751469
3023494,0.08132666098813882
3023495,2.857676000001486
3023496,4550.043494824401
3023497,0.003672395077834487
3023498,519.4593727176751
3023499,9.571509529438256
3023500,1122.539213580869
3023501,612.747766496289
3023502,285.9168136487741
3023503,344.591923939533
3023504,57.81956643175277
3023505,4352.694569968095
3023506,8.638774244576421
3023507,0.5708412711124806
3023508,15.908615369172551
3023509,16.80138733480699
3023510,0.13755868946900754
3023511,232.13611737578248
3023512,0.004463740182840964
3023513,4.3657730584800225
3023514,2.2555773182413112
3023515,58.27162832686542
3023516,2.9648035717223364
3023517,196.99400297707828
3023518,267.3960291116255
3023519,2.5523594309374573
3023520,2.6514709504437945
3023521,199.5109170525318
3023522,109.57590611690458
3023523,1099.2505719083001
3023524,2.4635322071254753
3023525,0.8490845335824988
3023526,16.49897980943811
3023527,0.0031501820017107575
3023528,13.32341825601173
3023529,8150.060922779912
3023530,0.08955056068803827
3023531,1379.9508192082062
3023532,21.028806667596577
3023533,2143.364994738498
3023534,2156.9559093576636
3023535,505.7451339691805
3023536,524.4867304593515
3023537,325.4645074737136
3023538,8447.81258672976
3023539,67.82654731563773
3023540,3.9040067362925504
3023541,88.07998131093703
3023542,91.88840792954922
3023543,1.5064528486423097
3023544,549.5509440804161
3023545,27.303915380991953
3023546,18.596213032212994
3023547,56.25929041521718
3023548,207.82274216960462
3023549,20.272403697732962
3023550,702.7166368800142
3023551,532.4192596461263
3023552,30.705528877386516
3023553,32.35083409268852
3023554,989.4509491302188
3023555,278.7293619629794
3023556,7707.344522963158
3023557,296.9350362552668
3023558,79.99694513191167
3023559,13.691543617188792
3023560,0.003113049068837693
3023561,12.443998607059974
3023562,7918.597978797627
3023563,0.08903376065908254
3023564,1184.0829979868797
3023565,22.348762541050974
3023566,2241.505386540025
3023567,1905.6999448002728
3023568,596.7178674727227
3023569,356.9911628844871
3023570,286.9194858127091
3023571,8920.964950780439
3023572,73.75022684076647
3023573,1.4595223776342903
3023574,54.643235493752776
3023575,71.9950832653314
3023576,1.0139442935059213
3023577,532.896983802242
3023578,19.839049558960106
3023579,23.17653016993744
3023580,20.94967835798514
3023581,127.40527163552225
3023582,16.932851121054696
3023583,931.2552141626934
3023584,614.0196488129424
3023585,20.985208503075622
3023586,24.585088925816773
3023587,1119.2359763832605
3023588,213.6604245008256
3023589,5494.018977634878
3023590,325.35792268981675
3023591,73.69344832572119
3023592,10.806874255708326
3023593,0.002961262657821157
3023594,17.2293083294707
3023595,4808.141018617002
3023596,0.11400011028091951
3023597,769.542199040407
3023598,12.349879068207553
3023599,1893.6241125364152
3023600,1310.4626233508773
3023601,683.9090898619944
3023602,133.8903872755219
3023603,213.26653736092632
3023604,7804.718224555072
3023605,34.7477169875995
3023606,2.3601212303631294
3023607,40.64736651841141
3023608,31.710212163936806
3023609,0.7650908688400805
3023610,494.53178061609896
3023611,27.72046798886162
3023612,17.653962566688477
3023613,13.890412724292387
3023614,76.91842666598193
3023615,9.092226243775695
3023616,826.5630010483217
3023617,649.8588472393255
3023618,19.181527800854845
3023619,32.41558214797772
3023620,714.0297679937786
3023621,128.34804865849264
3023622,2269.4272118818185
3023623,268.06761089869224
3023624,37.42977470030229
3023625,13.424456988158902
3023626,0.002994582064309941
3023627,18.39296664993101
3023628,7291.573425778809
3023629,0.08232236949690364
3023630,1051.5339234402163
3023631,16.73158821596004
3023632,1998.41311706078
3023633,1766.859079799011
3023634,575.6073548220302
3023635,316.274658993353
3023636,206.05373917873598
3023637,8413.425216382238
3023638,42.476804110768924
3023639,1.4377731198699073
3023640,63.84083280154736
3023641,55.33618301031137
3023642,1.3875645349105097
3023643,509.9299956089114
3023644,22.659661255570217
3023645,21.29294475289118
3023646,26.732239317502035
3023647,127.74060185410889
3023648,12.36539285376452
3023649,682.3480418861201
3023650,627.1845407881835
3023651,18.900929902865112
3023652,24.536326031127945
3023653,954.9286225826171
3023654,191.31324094104605
3023655,5124.450629015637
3023656,300.43862103619125
3023657,64.9980133938221
3023658,10.429032317672757
3023659,0.002961262657821157
3023660,15.932754803346818
3023661,3770.7910596328084
3023662,0.031131669914902748
3023663,676.3768622523739
3023664,13.769642782301894
3023665,1764.5353996033057
3023666,1001.4289038329746
3023667,542.9684897681891
3023668,103.4301848707902
3023669,156.26156179221843
3023670,5954.838029547375
3023671,30.40613566272454
3023672,0.5345676508122083
3023673,29.551435868479906
3023674,26.158012284768375
3023675,0.35070929063202966
3023676,458.06276009927217
3023677,22.59433145834196
3023678,8.242686098442364
3023679,17.41746238969386
3023680,71.3215917638402
3023681,5.20140930229124
3023682,644.5618693778678
3023683,629.3773799501594
3023684,14.437163709763643
3023685,21.787047339652144
3023686,676.4946149907096
3023687,78.24812005433951
3023688,1615.8328547363428
3023689,297.8323966186332
3023690,21.775094033410287
3023691,10.082963586553621
3023692,0.0032029354263473806
3023693,11.636202396190043
3023694,6795.786026163963
3023695,0.07645371313434009
3023696,1099.295063878138
3023697,22.25943624329357
3023698,1701.394138565559
3023699,1931.2544971838656
3023700,375.1687121331093
3023701,406.16066701669257
3023702,259.7712236378124
3023703,6669.09053861713
3023704,62.91857943909252
3023705,1.438821057386346
3023706,43.30627968863256
3023707,46.669862327769714
3023708,0.7775059508969958
3023709,409.5056420890653
3023710,14.224598793514264
3023711,22.035702405143837
3023712,13.972152091102174
3023713,148.0828897129452
3023714,16.254465849031263
3023715,639.0746301718644
3023716,477.5862522307654
3023717,15.592554041946144
3023718,27.61763532838137
3023719,826.8722205253216
3023720,221.4085418859821
3023721,7055.931875430181
3023722,255.0856153571818
3023723,74.67660681768965
3023724,5.515370560995372
3023725,0.37741455128150625
3023726,6.837893771542215
3023727,1764.8223226454384
3023728,0.051226683522731666
3023729,372.25657075215184
3023730,18.589610328955935
3023731,810.7366780372415
3023732,538.79190576616
3023733,221.04434316507215
3023734,92.08547722740636
3023735,86.6567947686239
3023736,2751.6591521828204
3023737,23.64051868205817
3023738,1.1333722699360247
3023739,26.69419751796534
3023740,21.288241068328894
3023741,0.1569652874260073
3023742,190.7620008984311
3023743,11.098551838714647
3023744,6.122151812657294
3023745,12.291414441933012
3023746,42.367429129388455
3023747,7.143309329221469
3023748,236.19866194450742
3023749,240.31301757675425
3023750,3.162570633762431
3023751,6.437331064942622
3023752,203.57817439802076
3023753,60.36722384442178
3023754,1393.484932957037
3023755,0.7798886902839732
3023756,10.621555067027924
3023757,9.367835822465139
3023758,0.003037623286646086
3023759,11.970058085218488
3023760,3666.4936519213697
3023761,0.0670572579744539
3023762,542.0615627771673
3023763,26.723612084832798
3023764,1375.6351909217392
3023765,933.5412341615964
3023766,401.9039038331672
3023767,99.40174833431634
3023768,124.75180225579726
3023769,5741.629382792502
3023770,47.655987348187956
3023771,1.4502224826141905
3023772,48.41512949141477
3023773,30.293226646323877
3023774,0.2302513092391096
3023775,316.83009250922396
3023776,16.96481554136578
3023777,7.516257428988221
3023778,4.091946033036116
3023779,79.23631711688532
3023780,8.068572849547028
3023781,483.38056377807294
3023782,460.8422930145756
3023783,9.091431195921583
3023784,19.119747432029783
3023785,354.46342321286676
3023786,85.80175917553541
3023787,1898.720042879549
3023788,276.09195814440295
3023789,16.878043473102302
3023790,6.209395847402696
3023791,0.0027955034865492765
3023792,4.57631006846499
3023793,4643.462261058957
3023794,0.055909769172683234
3023795,822.2756057314583
3023796,9.402186920835254
3023797,1299.7815461027571
3023798,1408.0958849362555
3023799,233.9804908785063
3023800,318.44761775841863
3023801,194.37442005185108
3023802,5015.309797792659
3023803,36.34718883431666
3023804,1.6282787204695055
3023805,29.254486890566014
3023806,36.73140506991944
3023807,0.5130290509889607
3023808,263.6699043439419
3023809,2.6338545513247187
3023810,32.485490083421226
3023811,4.874434513355341
3023812,91.45725153650415
3023813,9.955590645443746
3023814,513.6557373570095
3023815,298.7438692159058
3023816,16.537343932486433
3023817,10.86640902987843
3023818,633.4706764047863
3023819,123.14116961136808
3023820,4941.128424065164
3023821,3.1464978232057144
3023822,49.08561362453546
3023823,8.296066539418986
3023824,0.0038307172060380963
3023825,7.582363814507359
3023826,4106.389158695198
3023827,0.0038441025898949223
3023828,797.6365768047298
3023829,9.934004476976146
3023830,1341.6086417263627
3023831,1000.2672147884923
3023832,292.21926455838604
3023833,205.12404541253903
3023834,231.0302935602037
3023835,5374.08470056607
3023836,39.639887752020094
3023837,2.978380086086482
3023838,44.34315289108825
3023839,39.19560246167269
3023840,0.13966052807685422
3023841,299.2051992290834
3023842,8.673373252936482
3023843,40.81402392814161
3023844,8.65594951846546
3023845,171.6174208387727
3023846,10.628165169222347
3023847,383.75821342280113
3023848,311.01695576788796
3023849,12.631390168429629
3023850,23.274216894597103
3023851,393.7611603019104
3023852,116.73637845875052
3023853,3946.4414354926002
3023854,4.820412561574237
3023855,8.38629889958801
3023856,7.050603050934397
3023857,0.03132646100468291
3023858,4.100089095786609
3023859,2023.8650383984332
3023860,0.03238703385572336
3023861,415.7407061316807
3023862,6.327246945718825
3023863,793.4639588576338
3023864,472.6459679077874
3023865,208.1872156842046
3023866,80.39104013810848
3023867,76.45976393629279
3023868,2566.88786026951
3023869,13.603518678706237
3023870,1.1161090127404698
3023871,21.088555564198703
3023872,19.653458155762163
3023873,0.11536445848798034
3023874,173.14038124865954
3023875,4.914676485585064
3023876,7.850673310323543
3023877,6.5867525564390315
3023878,54.77465760484751
3023879,4.037346138317542
3023880,208.71053089084
3023881,199.04474887707565
3023882,4.160884606841184
3023883,6.063632155449456
3023884,155.75441697355643
3023885,54.171775952058276
3023886,1619.898939607344
3023887,0.4242957442462141
3023888,4.103834702204231
3023889,5.89229606475108
3023890,0.09226802768423825
3023891,0.6911360735126033
3023892,2866.7923309371085
3023893,0.0033020913505832894
3023894,233.9038019304502
3023895,3.756157557261011
3023896,1173.1681053220727
3023897,240.1290885871315
3023898,206.86240278588588
3023899,91.87934986420281
3023900,25.242943811042558
3023901,3217.2590760740354
3023902,11.58610121725299
3023903,0.8966851984702447
3023904,18.827766542894416
3023905,9.797796458729174
3023906,0.20681246708750636
3023907,208.226855369283
3023908,0.0041864770913826775
3023909,0.00440725347282805
3023910,4.1514946981749015
3023911,19.37755931531779
3023912,0.9182043791707959
3023913,46.15241020998631
3023914,200.32332529393904
3023915,0.10651190103724989
3023916,2.4212503407517008
3023917,52.003044291967356
3023918,76.92581096003177
3023919,566.0629673549887
3023920,0.14045621787162801
3023921,2.4047433474535893
3023922,5.84119472255896
3023923,0.040050413443423485
3023924,6.5421575017365825
3023925,3249.0690561163224
3023926,0.02249777994588803
3023927,543.4520423811833
3023928,9.86727637995742
3023929,1108.6951893853102
3023930,866.5579658398268
3023931,332.75135009297173
3023932,173.2801980945053
3023933,126.6490556851701
3023934,4461.781014786648
3023935,28.25479628485665
3023936,1.0156878260715438
3023937,22.580156882428792
3023938,41.97574304009103
3023939,0.12178268764220423
3023940,260.42953127654215
3023941,19.381546980952606
3023942,11.078073973658327
3023943,14.986591164257707
3023944,56.4033896810316
3023945,6.201922114774137
3023946,408.33162137732717
3023947,305.4803580926643
3023948,8.521391037208677
3023949,12.843006245315816
3023950,504.60708112878694
3023951,94.86483384748868
3023952,2220.0773693363626
3023953,0.0912176953158971
3023954,34.502559374708845
3023955,4.558916295196593
3023956,0.04777486070382778
3023957,5.055854651163338
3023958,4448.877402670712
3023959,0.16177404923777944
3023960,692.4793757675699
3023961,13.395889475432977
3023962,1081.7932924993752
3023963,1336.693032293773
3023964,184.15521274862866
3023965,281.407377331588
3023966,174.79236067971544
3023967,4199.405042118149
3023968,34.05722475829877
3023969,2.591785822797497
3023970,28.1409345826978
3023971,34.05503883679943
3023972,0.8231705131121847
3023973,230.31239942521438
3023974,12.666279518965467
3023975,30.10537521093351
3023976,8.122176239446029
3023977,95.65963963656205
3023978,14.0739381455376
3023979,453.6236077621214
3023980,265.53572969555285
3023981,6.628405658753135
3023982,13.799581113712025
3023983,609.8212131486022
3023984,140.7149309114
3023985,5204.28044811144
3023986,0.4250735799905639
3023987,44.42360046039339
3023988,4.383136268812285
3023989,0.3264899358866036
3023990,9.486423845660141
3023991,4204.846920506843
3023992,0.0656624215345869
3023993,761.3148114201092
3023994,16.3316470017448
3023995,1112.683062853759
3023996,1303.759518197705
3023997,258.17242395744967
3023998,288.4617671117853
3023999,128.36716495113023
3024000,4482.683481365447
3024001,32.42228765752575
3024002,2.5035767691880197
3024003,34.62820041633036
3024004,41.530846895982734
3024005,0.2950761556412763
3024006,297.0948829902949
3024007,25.313257455582026
3024008,27.098699339134797
3024009,22.599966919329557
3024010,91.74148465525306
3024011,15.260274598195938
3024012,359.00934750365536
3024013,305.294526234532
3024014,15.100449503345045
3024015,16.47940404737596
3024016,514.0240217328057
3024017,135.88660689141486
3024018,3627.614664586321
3024019,0.8386242043789968
3024020,34.80045772933704
3024021,10.316150005702061
3024022,0.305402957546558
3024023,7.073838318385699
3024024,3037.639925936325
3024025,0.0032429699763800277
3024026,482.73063823556583
3024027,9.876275632192165
3024028,1571.2162769902166
3024029,733.615950158188
3024030,506.7347541075825
3024031,237.8440001933973
3024032,81.51219398875611
3024033,5721.013765185784
3024034,9.517824040032778
3024035,1.4558459485749744
3024036,39.80984999823134
3024037,30.170673969280443
3024038,0.11421884839780554
3024039,364.7446323498458
3024040,8.743282010986361
3024041,4.81525244738927
3024042,9.332350909930543
3024043,37.410311538043764
3024044,3.231331836229166
3024045,325.4484972692408
3024046,395.08397526624697
3024047,5.732890548635961
3024048,6.791758057200971
3024049,391.8526504085505
3024050,89.76768037104668
3024051,1264.2028779336667
3024052,134.74810297159308
3024053,14.82083090229754
3024054,4.41149783201824
3024055,0.003900157171288458
3024056,4.230333353340212
3024057,1989.0747012369811
3024058,0.06443204982037416
3024059,335.78290261144525
3024060,10.21784571044789
3024061,668.7787749829614
3024062,644.066295157301
3024063,123.14187346012294
3024064,120.63605702820732
3024065,120.38204008965644
3024066,2438.1791170507668
3024067,19.748142090916968
3024068,1.7473139774354878
3024069,22.300810258406962
3024070,26.069487948815606
3024071,0.11272605017492558
3024072,147.55028976646219
3024073,13.505531572194652
3024074,15.616811394167895
3024075,6.802935647387737
3024076,81.59352218973416
3024077,5.738283166945987
3024078,254.0938477357438
3024079,150.43625290942197
3024080,4.539155442347292
3024081,8.711191807489259
3024082,260.0659743427302
3024083,60.74012743503567
3024084,1995.1233913826716
3024085,0.07035633107964674
3024086,23.45975241773578
3024087,1.8624204674675335
3024088,0.08183099749139938
3024089,1.99434876836182
3024090,1151.0095851299977
3024091,0.0030479255219558257
3024092,95.96545592887503
3024093,3.232702249746851
3024094,692.0729977075571
3024095,254.9250837369971
3024096,223.62734501811133
3024097,43.31635604744817
3024098,31.951059140762602
3024099,2336.043769001475
3024100,4.253970994390181
3024101,0.43133049605778206
3024102,8.543100415191907
3024103,6.905512772504459
3024104,0.13851023080079086
3024105,161.475493706079
3024106,3.67499268087781
3024107,0.006611497662599645
3024108,2.092563625645772
3024109,13.010603806451671
3024110,0.354759082668711
3024111,169.9272950613383
3024112,173.90373854499572
3024113,0.7329146323317188
3024114,3.460555399484676
3024115,135.4327644451317
3024116,24.620499205631795
3024117,320.40802842276685
3024118,13.875561559385703
3024119,2.1053632326020324
3024120,6.489526247408351
3024121,0.2292005984820364
3024122,5.019605887797429
3024123,3897.64446040026
3024124,0.0032259189778494762
3024125,600.7669619849122
3024126,12.12691724075891
3024127,1633.024684801825
3024128,548.7004628628819
3024129,415.33760790987105
3024130,202.63379182323746
3024131,75.58209151039583
3024132,5750.358758171995
3024133,20.38828225944171
3024134,0.6907753839070813
3024135,25.357540175277137
3024136,15.51304776898486
3024137,0.18093151531185328
3024138,387.34727919909557
3024139,7.011987023883174
3024140,2.3318899467989884
3024141,9.129871738271138
3024142,30.925148783454585
3024143,2.097633832858663
3024144,514.468526592141
3024145,362.8457408926567
3024146,1.895351135450401
3024147,11.87273875935372
3024148,398.80633289698704
3024149,77.28715944375244
3024150,1974.143249241246
3024151,36.9338474642362
3024152,9.174908769252355
3024153,4.9402511417822375
3024154,0.05989337741693074
3024155,1.1084246630941301
3024156,1447.6041598667607
3024157,0.00304958715912278
3024158,165.13547357710345
3024159,9.513109115908147
3024160,799.2863335463621
3024161,316.31927588670516
3024162,181.99317699338494
3024163,61.28167223380447
3024164,36.90019668569467
3024165,2450.3213501990836
3024166,6.628817453506618
3024167,0.5924666115219182
3024168,12.434533053697045
3024169,16.496074102990153
3024170,0.1351552164406498
3024171,148.36801238622016
3024172,4.968322156427556
3024173,0.0049470949990298475
3024174,12.33609853393886
3024175,28.232066951170083
3024176,1.4493992391675017
3024177,141.4830655847208
3024178,160.54739314874055
3024179,1.0643374639398333
3024180,5.811429921745538
3024181,144.84936433946348
3024182,31.252117965501988
3024183,447.1905680244174
3024184,14.557458390158574
3024185,3.14029328355193
3024186,4.57972217547664
3024187,0.0029427237497399567
3024188,2.361525567653718
3024189,1356.791434327499
3024190,0.002950501070426463
3024191,125.59000157601673
3024192,6.086800635634529
3024193,714.8581302612763
3024194,245.6499764625959
3024195,137.14590998162393
3024196,41.11965572888539
3024197,30.84392249333583
3024198,2582.30182440095
3024199,9.73771855475496
3024200,0.28555621262965314
3024201,13.167937779053624
3024202,8.583869940673068
3024203,0.07277308756950018
3024204,134.90285086786744
3024205,1.7872222631058898
3024206,0.0050830870042138125
3024207,2.4550431467162244
3024208,26.885867663487296
3024209,0.865224983461466
3024210,145.71045006581812
3024211,188.00677713291975
3024212,0.42925663146127596
3024213,4.741641886301249
3024214,87.59147010690859
3024215,22.849990552566176
3024216,232.55611762217333
3024217,10.95977122968514
3024218,1.4639769609873028
3024219,3.620224059684881
3024220,0.003184451448748888
3024221,2.35116954306211
3024222,1258.0092956141198
3024223,0.00319231208575642
3024224,165.44126057815453
3024225,7.913120949425705
3024226,979.820780502137
3024227,344.5945813112718
3024228,226.42148257954713
3024229,33.0622545723843
3024230,39.770233605163924
3024231,2564.221798550007
3024232,4.8126936981552335
3024233,0.20530641206296024
3024234,8.96710993274074
3024235,17.878994690530853
3024236,0.10553454886827499
3024237,173.7450949650123
3024238,0.9714401296970845
3024239,0.004240340698771168
3024240,3.2464517630685696
3024241,16.64519533716687
3024242,1.864076751476237
3024243,279.09865965667
3024244,254.72086109407482
3024245,0.7950252277733447
3024246,4.9064400359160265
3024247,68.82923472688199
3024248,79.35674319857772
3024249,421.391285334853
3024250,2.0693528234395
3024251,4.259187772320586
3024252,3.5416196158532287
3024253,1.0463869216142532
3024254,3.0141339837362904
3024255,1574.3638507455794
3024256,0.0029580720918975425
3024257,150.8716723978711
3024258,3.572034985154473
3024259,818.3127081449584
3024260,313.634740128399
3024261,253.23891293599675
3024262,88.01295730365197
3024263,58.37588470980401
3024264,2653.784955382951
3024265,6.942457438285993
3024266,1.0815634428295438
3024267,25.33012594231517
3024268,16.135330762431707
3024269,0.1358745500535383
3024270,201.30194004800404
3024271,6.760200230979462
3024272,0.00393461502238569
3024273,3.7850084875417735
3024274,19.231536114519002
3024275,1.664469177838063
3024276,126.84789346654847
3024277,185.91606762697938
3024278,0.7386400296401239
3024279,4.748716430089877
3024280,111.99853847227462
3024281,36.25352679446884
3024282,994.2211950018514
3024283,7.745569508233894
3024284,4.6557339498691395
3024285,4.396432063174821
3024286,0.2357279135801877
3024287,0.9910830105162152
3024288,1296.0843110764552
3024289,0.0030686289611786418
3024290,148.56240943056721
3024291,4.294116756227377
3024292,732.0618199460148
3024293,231.17767056177308
3024294,164.5326294143587
3024295,121.76188764516094
3024296,30.223348017018214
3024297,2001.4350285529003
3024298,4.872594655863625
3024299,0.2627532091796131
3024300,12.314962593947207
3024301,11.768845471781688
3024302,0.14587813123912757
3024303,141.13428916452688
3024304,0.003872296595606904
3024305,0.006870054462588912
3024306,2.921176497743307
3024307,24.450072094195463
3024308,1.1694566224723806
3024309,51.02000537664797
3024310,136.61317478103504
3024311,0.6856918904386737
3024312,3.0090374019922685
3024313,65.34974497312166
3024314,31.7561719580809
3024315,818.249526672082
3024316,0.1654899974446301
3024317,1.663659554325876
3024318,6.784764679527034
3024319,0.41422256437000804
3024320,3.177596032150443
3024321,2690.912316555504
3024322,0.0031387698313730126
3024323,276.5444879565812
3024324,5.839456312481133
3024325,998.8196746033948
3024326,585.3744697483718
3024327,411.74970935259915
3024328,163.32008605044794
3024329,77.81589795854586
3024330,3980.627073539503
3024331,12.411919519167515
3024332,1.1766392303345912
3024333,22.722466402317927
3024334,24.143591108268716
3024335,0.10884936584310857
3024336,241.94032811489907
3024337,0.9767982836745088
3024338,0.07497927845667467
3024339,13.091570065314311
3024340,25.503777135379345
3024341,3.071582074614018
3024342,229.26090814829504
3024343,242.3981878534733
3024344,2.1271015201266104
3024345,7.6317120538299505
3024346,288.4465310968219
3024347,55.53561260710728
3024348,1850.7123144036814
3024349,27.74671300497677
3024350,11.738352832561262
3024351,3.0972139175695794
3024352,0.2081045147568764
3024353,3.8218206697585226
3024354,1907.2411264200266
3024355,0.0025180180473147475
3024356,530.797252511823
3024357,6.2918803331257
3024358,569.7552027247716
3024359,488.8134423138783
3024360,183.98145778786102
3024361,144.31354925538628
3024362,40.99418168159682
3024363,2470.976310420012
3024364,12.183460426029178
3024365,0.8963884091011453
3024366,16.926606286186523
3024367,16.005267396383562
3024368,0.06165465465369016
3024369,157.59546038436565
3024370,7.174297844978358
3024371,3.4867919781265053
3024372,5.364318139598035
3024373,44.59408476525229
3024374,2.0579463924355954
3024375,69.68678799168015
3024376,144.12408486211092
3024377,2.7389720778466917
3024378,5.93652191650227
3024379,147.57216223468077
3024380,43.61836276091412
3024381,2846.2896735349696
3024382,42.867226580391105
3024383,11.119333242659625
3024384,5.3094250259246385
3024385,0.3068456776600049
3024386,3.078447730693607
3024387,2232.0631839326047
3024388,0.0029198831663440838
3024389,149.9560467331094
3024390,6.367665012623652
3024391,739.3431887228105
3024392,285.7256927511445
3024393,267.84716332738947
3024394,55.98073718607475
3024395,40.38468524694509
3024396,2920.008031870402
3024397,11.237465361861162
3024398,1.1348822558679676
3024399,14.748193324199015
3024400,13.819504424916964
3024401,0.13159169147266786
3024402,151.7366109932991
3024403,7.040103530809935
3024404,0.005075748116562776
3024405,3.9025282924051674
3024406,28.754377153103572
3024407,2.266569387948233
3024408,126.64253487012802
3024409,172.44885993299985
3024410,1.0426153640695976
3024411,4.748975287276199
3024412,84.91954808554873
3024413,27.349414107046098
3024414,541.6455401449284
3024415,12.958215095052864
3024416,4.563108223997422
3024417,5.474091500461822
3024418,0.04936216136960376
3024419,5.928471796513442
3024420,2523.0445484257916
3024421,0.046167649099102044
3024422,518.7013139254291
3024423,10.144130373632986
3024424,741.2980951613979
3024425,712.0353929919618
3024426,193.86981489863618
3024427,135.8301060286024
3024428,88.18091164533088
3024429,3246.3712025817167
3024430,25.1597250582862
3024431,1.1599455083390817
3024432,17.676795828750777
3024433,28.418321825820463
3024434,0.11904039909885893
3024435,197.14846509870299
3024436,17.400267248199007
3024437,12.576085902670181
3024438,5.3722879725455135
3024439,62.66237883082327
3024440,7.326851878146401
3024441,395.3550356036365
3024442,228.36902892853746
3024443,7.847404523966373
3024444,7.119819306949806
3024445,365.62399857795015
3024446,82.50840420066316
3024447,1806.1266928150617
3024448,0.09528995425194468
3024449,27.369991954184094
3024450,5.871449026827048
3024451,0.23095030831157393
3024452,4.0315882642733865
3024453,3189.309191639939
3024454,0.0030520383682557527
3024455,384.68737041479926
3024456,5.153725372249344
3024457,1221.8962714518202
3024458,574.8294038543161
3024459,477.9544274957796
3024460,76.12838377091182
3024461,63.01678415200646
3024462,4043.6135346184346
3024463,9.306427032753195
3024464,0.45180610784507236
3024465,17.893582171045544
3024466,12.353644845039316
3024467,0.05148043088433545
3024468,258.7366954198174
3024469,1.9397114217893205
3024470,7.345809325733162
3024471,3.9401907855603566
3024472,31.568795194678618
3024473,1.1379444081980896
3024474,212.98305585181907
3024475,306.3295631277164
3024476,2.752415869232327
3024477,5.035299922158564
3024478,229.97306270764744
3024479,53.58459133212373
3024480,1269.8873909997044
3024481,67.42533101327867
3024482,9.355170390897317
3024483,8.203491282372898
3024484,0.4538325226627794
3024485,3.363670577008239
3024486,2580.8043637653836
3024487,0.0032160509403266137
3024488,391.38921488882414
3024489,5.622993406086293
3024490,1231.34179719138
3024491,507.6395107082404
3024492,258.85758159064545
3024493,208.88600877958012
3024494,74.66650709448604
3024495,3301.3284169972258
3024496,10.899124010406553
3024497,0.5616566903545844
3024498,30.65772994271388
3024499,28.357830200798816
3024500,0.1718209730768153
3024501,262.8878849856701
3024502,2.869023625305134
3024503,3.9794968984602987
3024504,7.778558700998782
3024505,52.12665211522689
3024506,1.8367530458732686
3024507,104.42786908170416
3024508,234.06938210265525
3024509,2.3335785615684976
3024510,5.75443900527603
3024511,154.61200580704943
3024512,123.40999690191786
3024513,1897.3957470163707
3024514,1.5149086626101325
3024515,4.720469596559603
3024516,3.7209938652566525
3024517,0.16042884189911544
3024518,2.613904823462324
3024519,1701.5418584894537
3024520,0.003246692178983603
3024521,115.8181329878902
3024522,6.4798094000279445
3024523,583.0746396209729
3024524,270.62968460768457
3024525,130.12912162382779
3024526,44.005551245655724
3024527,45.53591886424347
3024528,2159.4591874089674
3024529,6.270111042464268
3024530,0.8305250105305262
3024531,25.809381637534916
3024532,17.077316636996443
3024533,0.06637297593320886
3024534,160.39661018412556
3024535,0.3810793355815024
3024536,0.020850052326630373
3024537,4.166269319600151
3024538,40.05019452328331
3024539,2.410262378504803
3024540,86.45366008952172
3024541,142.81885282379648
3024542,0.8945043913059201
3024543,4.953843049457858
3024544,140.1771888928397
3024545,30.139259697519748
3024546,576.1036572534331
3024547,23.63835571705824
3024548,1.7517956153125684
3024549,2.0885590111313235
3024550,0.003276099320483293
3024551,2.6251655881804417
3024552,1292.368475489026
3024553,0.15186951981797403
3024554,247.3713099470421
3024555,9.201535257769047
3024556,500.18808443154404
3024557,419.8961197829517
3024558,109.37556292381062
3024559,41.728460119435
3024560,63.54183086764078
3024561,1882.7569210092147
3024562,21.41247966533793
3024563,0.3252534066725621
3024564,9.56927537165725
3024565,15.052618959222505
3024566,0.23908147346057917
3024567,103.31155107350727
3024568,10.805942193055234
3024569,1.3264458109283408
3024570,10.173507775350199
3024571,43.85532765388285
3024572,3.9326281911228023
3024573,706.6489093053509
3024574,140.5908142254761
3024575,3.461331868092269
3024576,4.514185735216474
3024577,287.45004218642316
3024578,31.447009314765126
3024579,971.4149683122099
3024580,0.06603135613024648
3024581,10.871520594363655
3024582,2.6839618783692654
3024583,0.09444122740830202
3024584,4.214470814461935
3024585,3078.518586785787
3024586,0.04660319375168209
3024587,696.8860278332389
3024588,13.733380047294986
3024589,971.2199550174373
3024590,1040.1661930248265
3024591,237.99882967220623
3024592,182.70468738004828
3024593,147.2806665485401
3024594,3405.972703522357
3024595,26.15583123914231
3024596,0.9057529024668052
3024597,17.81069112019941
3024598,32.56540470113601
3024599,0.11606260221698562
3024600,211.47712128252482
3024601,11.185320163941732
3024602,26.898876438450515
3024603,8.779455868970546
3024604,67.94858658761163
3024605,10.429166470708864
3024606,314.27265315033407
3024607,235.6851540787702
3024608,14.809940141807626
3024609,9.26326709564945
3024610,417.4705878603304
3024611,93.87656542323518
3024612,2884.614271115646
3024613,0.0925472386653163
3024614,24.154724443028552
3024615,2.435315061507047
3024616,0.07682608820722389
3024617,2.513261462264204
3024618,1674.185382198397
3024619,0.02756511495101897
3024620,312.5547911684588
3024621,5.4308498865684385
3024622,335.72259908391567
3024623,430.29776899349645
3024624,117.4273944105736
3024625,95.39116088203815
3024626,75.5748642442858
3024627,1314.640600484455
3024628,14.721442187235963
3024629,0.8871745491941544
3024630,19.805481878807445
3024631,13.181608137678074
3024632,0.06916776294148369
3024633,70.31994302838953
3024634,0.003507305187699784
3024635,12.894511481410841
3024636,4.290669909316822
3024637,106.8131271714765
3024638,6.134510322566397
3024639,144.2852537481516
3024640,92.2775851954713
3024641,3.8406089490413935
3024642,4.530865931643644
3024643,131.56683676665025
3024644,33.183491561083606
3024645,814.3358012748515
3024646,0.6913831109456293
3024647,4.783293366396974
3024648,3.5046502611423227
3024649,0.047769749996843816
3024650,0.5114956372716261
3024651,876.0829555976255
3024652,0.004777417196362889
3024653,190.96906111431076
3024654,4.325352740280299
3024655,280.32478586981995
3024656,195.77177336983613
3024657,68.9991463383385
3024658,28.27720591713988
3024659,39.88599327715169
3024660,1303.8023144610765
3024661,5.3320301621889215
3024662,0.6147746777862083
3024663,9.17389461912069
3024664,7.08783121057862
3024665,0.2319120132788698
3024666,55.457751822409634
3024667,0.3272429923848712
3024668,3.8199985196765343
3024669,1.332855866492439
3024670,18.8787540534639
3024671,0.2658570620605558
3024672,219.66434852148763
3024673,114.21569775278013
3024674,1.8610040734997497
3024675,1.345525079013388
3024676,119.7738802312319
3024677,20.171077193438478
3024678,392.2668836309358
3024679,0.6504055662525661
3024680,2.3117851815875254
3024681,5.498923170936363
3024682,0.2203440693721949
3024683,3.7266507234266917
3024684,2651.7682813323318
3024685,0.10559598847549687
3024686,554.6329916525608
3024687,12.698022216405654
3024688,701.8455412885562
3024689,777.0525356100094
3024690,250.90036316494343
3024691,191.0382254327752
3024692,95.6410476006942
3024693,3092.4084481021087
3024694,25.804657755576272
3024695,2.441325128961188
3024696,16.039714947047152
3024697,25.437643303188956
3024698,0.20860740020847002
3024699,180.02844018376962
3024700,6.093492378559481
3024701,26.445037366275084
3024702,8.444649777676613
3024703,87.01251621090465
3024704,3.595975246575542
3024705,233.6004137810628
3024706,223.67874183436263
3024707,8.80611275548431
3024708,7.869955064344081
3024709,312.4267322372874
3024710,65.50640096166555
3024711,2136.2104877944903
3024712,0.901147655854458
3024713,15.693266015981665
3024714,5.742885286076293
3024715,0.030996337186366595
3024716,3.707733673343072
3024717,3141.4050850873405
3024718,0.003677508109819758
3024719,579.9451729514877
3024720,10.628279516724106
3024721,1040.567830204109
3024722,723.5205930170943
3024723,341.7535068143758
3024724,224.69550189179893
3024725,65.91649011992958
3024726,4259.738505627976
3024727,12.553813325333106
3024728,0.9197058590142464
3024729,26.234556340481085
3024730,16.934336407979547
3024731,0.6994228729723541
3024732,238.66462733169243
3024733,0.004386503605455335
3024734,5.617487500997508
3024735,5.14608260256219
3024736,39.60453731943248
3024737,1.0244360632839082
3024738,181.02684744092215
3024739,307.38460110814435
3024740,4.042726494834425
3024741,4.595093265723513
3024742,207.12163061920737
3024743,71.71409367336102
3024744,2798.4146310004835
3024745,2.6657148276642513
3024746,4.965954965643527
3024747,5.548902191694321
3024748,0.3807272677192854
3024749,2.639654077306561
3024750,2816.4273927783615
3024751,0.0036008539785055958
3024752,544.097647272489
3024753,9.452545204148157
3024754,856.5154394346251
3024755,610.9295672535005
3024756,255.01789831864272
3024757,179.93592759387627
3024758,62.05792777145726
3024759,3666.648987730867
3024760,11.569395600791214
3024761,1.1677824018029686
3024762,25.684374798792103
3024763,16.920917746095856
3024764,0.08186602164285164
3024765,222.4483032344111
3024766,0.00426500898337806
3024767,7.578837780485833
3024768,4.321712399355163
3024769,52.33001900273475
3024770,1.451289005994379
3024771,111.71065479473558
3024772,221.8979683268152
3024773,3.3724439808710787
3024774,4.647861630463012
3024775,164.29642469356764
3024776,61.76299018393155
3024777,2489.6743740376305
3024778,1.8534945841112718
3024779,5.965553428093276
3024780,8.900664744458837
3024781,0.842033088203634
3024782,12.837623442328699
3024783,6632.478625554695
3024784,0.07482639886681496
3024785,1020.1898523258674
3024786,31.566532235635663
3024787,1638.7733349140087
3024788,1728.0966994881817
3024789,306.62047089454325
3024790,370.51051032677975
3024791,274.74881409231494
3024792,6395.15243506908
3024793,62.95393655016636
3024794,2.6231007976733447
3024795,48.75069434455847
3024796,46.06287867970851
3024797,1.1137436169560886
3024798,404.52915016751297
3024799,33.32856479335885
3024800,39.357124336712225
3024801,25.421831882756866
3024802,147.367724796755
3024803,21.017803949852535
3024804,576.8480970812182
3024805,433.6787954309213
3024806,15.565035599596136
3024807,21.795982673830764
3024808,857.371880023676
3024809,214.6305488404331
3024810,6390.443709742452
3024811,0.9138520441228078
3024812,70.28592572271022
3024813,3.184981272435618
3024814,0.23295755716615973
3024815,0.6862529981775708
3024816,1423.92513129538
3024817,0.003211014763640264
3024818,163.73326018409833
3024819,3.7304498115674405
3024820,598.4677928091099
3024821,239.08119650042522
3024822,105.32458433464174
3024823,127.82421275029999
3024824,40.7506435003654
3024825,1785.7920959900653
3024826,4.786158641036234
3024827,0.5021560701194319
3024828,13.053035488846419
3024829,7.221054589739631
3024830,0.14755588833481387
3024831,145.5060360729211
3024832,0.5391362535130046
3024833,0.004288598106042555
3024834,3.0007285489790965
3024835,31.916661437332213
3024836,0.741815255337515
3024837,65.8183833816346
3024838,95.92774071773798
3024839,1.770657266172314
3024840,4.143375929564455
3024841,101.0097925347721
3024842,22.285916071105163
3024843,1093.8131202775303
3024844,0.3541422583018876
3024845,4.037235851625929
3024846,7.772571770764468
3024847,0.39555700204691174
3024848,2.0509532931085745
3024849,2965.5398455963377
3024850,0.003109391798463232
3024851,492.77938316527366
3024852,8.094221566528098
3024853,1139.5136415782513
3024854,577.8325110529379
3024855,218.75651914056223
3024856,279.4992844197019
3024857,77.07988779664767
3024858,3974.9684493467066
3024859,11.601747208288423
3024860,0.6210433631214229
3024861,18.755968707811135
3024862,18.14564102293515
3024863,0.10531400167905802
3024864,234.22379531819348
3024865,1.0164091471790642
3024866,5.165176965402031
3024867,11.726292084715327
3024868,21.414138935540475
3024869,1.115181897701051
3024870,278.59890657722775
3024871,249.41934718690857
3024872,3.385643857448998
3024873,5.790485580771906
3024874,120.95432749553228
3024875,62.52243664375732
3024876,2383.5783873631294
3024877,1.732949231208579
3024878,5.107595396875478
3024879,1.453138086021101
3024880,0.055673277324482934
3024881,0.8074262256929112
3024882,1025.1460671498871
3024883,0.0030685066218032325
3024884,108.4238048537027
3024885,3.16101045032676
3024886,541.2590781543767
3024887,142.44724568949783
3024888,80.71998561673117
3024889,157.5736344261323
3024890,19.2767839958845
3024891,1600.7699094096647
3024892,1.448394698557386
3024893,0.4043815781933153
3024894,8.098678854804621
3024895,3.8150575642814206
3024896,0.1852857242763207
3024897,76.55517349479479
3024898,0.0038855651159709226
3024899,0.004286062618243826
3024900,1.3382106579806763
3024901,25.943348753949305
3024902,0.21376951801491426
3024903,63.057889484253934
3024904,87.09329967218923
3024905,0.4075076273310465
3024906,1.251578927264707
3024907,53.23055373195844
3024908,11.214867941791306
3024909,354.2115285884539
3024910,0.11858818227858878
3024911,1.71457424961546
3024912,6.067115118789795
3024913,0.06597323844380415
3024914,1.8241721838966973
3024915,1999.6918671064739
3024916,0.0030453946560465212
3024917,234.71617101266344
3024918,7.1680760381686675
3024919,886.1655992018482
3024920,362.1420680055326
3024921,171.93153795460856
3024922,168.1866848434325
3024923,59.242221066658075
3024924,2711.5616926241964
3024925,3.5552260930356003
3024926,0.5837739229459196
3024927,31.340135036157815
3024928,15.721280468678934
3024929,0.2350940061876632
3024930,197.81593027648842
3024931,0.0038307214388411566
3024932,0.02002293328876055
3024933,11.35844604462254
3024934,34.29653079414166
3024935,1.5433391515149388
3024936,222.81484901072554
3024937,200.49600562825484
3024938,1.6691665427963218
3024939,3.6986436565944723
3024940,193.19800111251405
3024941,30.071967842000227
3024942,1976.8434919450804
3024943,0.1780976280526926
3024944,1.0644153226874484
3024945,3.289579306755981
3024946,0.3333054424012887
3024947,1.8476706246077887
3024948,2233.7857128557935
3024949,0.0031081173554167447
3024950,632.3226239556683
3024951,8.260926099215363
3024952,794.2340840564087
3024953,521.529643224755
3024954,212.5563561656312
3024955,105.74217436946216
3024956,77.91303326968817
3024957,3604.3968209936697
3024958,6.576752725683012
3024959,2.814138252672318
3024960,25.88113192034002
3024961,31.725541967640215
3024962,0.22155450864297688
3024963,191.03861506686457
3024964,2.0784630524831322
3024965,5.119125921942285
3024966,4.827746606931833
3024967,27.046218247371
3024968,2.0582962463361127
3024969,156.28866875536323
3024970,262.8625303067159
3024971,2.8558484811175893
3024972,5.50002202187655
3024973,127.6713124263619
3024974,28.010519850108697
3024975,1160.585453184317
3024976,3.944561973466378
3024977,2.700047616220004
3024978,3.880633040886954
3024979,0.04934893271034052
3024980,0.5180550630894211
3024981,1402.222911260336
3024982,0.0031959125561049533
3024983,105.84694159437055
3024984,2.0603808846894713
3024985,464.8730142579683
3024986,152.7023988089599
3024987,88.3060412607136
3024988,120.37249612022444
3024989,40.02756071732569
3024990,1659.2380054361556
3024991,4.601206691494666
3024992,0.5379261953707919
3024993,8.456860921370003
3024994,5.921212145537249
3024995,0.17822631127662125
3024996,77.78160289902155
3024997,0.004053854374829454
3024998,0.005696054711289379
3024999,0.5854123243994704
3025000,29.458664083165345
3025001,0.5970990676318195
3025002,165.60574538086416
3025003,75.2343794543598
3025004,0.7863080321456308
3025005,1.7755630990322269
3025006,48.91028945859435
3025007,17.855024907875084
3025008,639.8674502491328
3025009,0.1997373231227057
3025010,0.95473958149157
3025011,4.539548448655088
3025012,0.057165207710979146
3025013,1.214655331011961
3025014,3225.7237758079214
3025015,0.0036287113135675783
3025016,555.8957871208243
3025017,8.860886299923472
3025018,916.2114065178519
3025019,610.9368369793629
3025020,222.22786958253283
3025021,142.29103078316462
3025022,88.41668717988975
3025023,3818.5576324402036
3025024,8.62568136351979
3025025,0.45095101008055294
3025026,27.30635171561926
3025027,10.477934744140738
3025028,0.12047436468415243
3025029,211.1762626931304
3025030,0.044060373432523676
3025031,22.820274314505703
3025032,3.7162944665347033
3025033,57.82071145610839
3025034,1.1539898407456914
3025035,213.69083175163348
3025036,230.46239490909915
3025037,3.2965575769529036
3025038,3.61060059617194
3025039,125.17240891251329
3025040,45.42553765303045
3025041,2937.2201783102437
3025042,2.6137835156104288
3025043,1.392358015429301
3025044,3.6882121902501797
3025045,0.032367870264764245
3025046,6.123930919825369
3025047,2261.94273348846
3025048,0.05746207673528622
3025049,505.203151494223
3025050,6.637599461836035
3025051,803.804093941902
3025052,772.7358468244199
3025053,138.0116591380242
3025054,106.72194116356886
3025055,113.29997655174758
3025056,3075.0482226271674
3025057,35.75973337227369
3025058,1.5950113824653496
3025059,24.876408717061352
3025060,25.864576480901484
3025061,0.20811332730315224
3025062,175.8071016746571
3025063,19.03093049289893
3025064,19.210796825804174
3025065,2.5561210322233774
3025066,74.78138906755126
3025067,8.556271678882704
3025068,193.00034850054297
3025069,237.25892081622123
3025070,10.511098756902626
3025071,11.124197126482363
3025072,206.00908125620532
3025073,82.50811698313461
3025074,2025.904034910292
3025075,0.11126948317707744
3025076,12.165975686239353
3025077,4.880047983393548
3025078,0.02042233326514398
3025079,5.8315099387539115
3025080,2110.1629086948774
3025081,0.03733444478086878
3025082,387.09915739789744
3025083,10.549537428488366
3025084,772.8915415292837
3025085,642.5944847630896
3025086,125.38237373596208
3025087,69.68888979579621
3025088,108.38397787799698
3025089,2901.285826599787
3025090,22.641230362920503
3025091,1.1737239240726272
3025092,33.54624137888284
3025093,26.476699132971618
3025094,0.07027940581832351
3025095,241.33220211173204
3025096,18.288416593350558
3025097,12.946664651777887
3025098,9.548696221248935
3025099,74.30996943301645
3025100,8.841173238462305
3025101,124.19833805666428
3025102,289.7765683624678
3025103,6.391890675733058
3025104,8.783328118317211
3025105,112.17934695422822
3025106,69.40331067584708
3025107,1493.1200023575034
3025108,1.652695909438411
3025109,13.519790732754497
3025110,8.152943064101823
3025111,0.3815866635953763
3025112,3.991713480675317
3025113,2880.5906154195095
3025114,0.003468054074831105
3025115,648.3859718357513
3025116,5.465368580799405
3025117,1412.103677256567
3025118,545.0340914112414
3025119,176.094316431263
3025120,269.2987589263262
3025121,61.833830411424685
3025122,4386.707180769432
3025123,27.674323307081554
3025124,1.6119080421966356
3025125,26.044306492951783
3025126,16.12775028967193
3025127,0.18102225130777985
3025128,305.85515641437985
3025129,4.731166998066982
3025130,12.988068302497467
3025131,6.5859687834879015
3025132,43.13146554056906
3025133,3.8636044760392627
3025134,149.5800870727905
3025135,286.4491020297461
3025136,5.536489396034578
3025137,8.50892652461135
3025138,190.02122833779998
3025139,53.92386126322961
3025140,2712.2597617932333
3025141,6.9774579891613335
3025142,12.222781810347058
3025143,3.729168690091154
3025144,0.02333005692083998
3025145,5.0475084203472855
3025146,2064.0946984282095
3025147,0.06552546313357692
3025148,333.1044170411015
3025149,6.027723409497732
3025150,691.2277925055679
3025151,629.1783987543519
3025152,163.89712673885657
3025153,111.54421628652213
3025154,87.35559135777044
3025155,2759.8534273339246
3025156,21.576221349115684
3025157,1.165616054666682
3025158,15.80367094928767
3025159,10.573689762961344
3025160,0.22303907384370797
3025161,159.9001335254234
3025162,15.844877377686704
3025163,13.463376794026933
3025164,2.3562047343058876
3025165,56.97286373027195
3025166,6.128813155191294
3025167,292.0044740977575
3025168,205.59436477064565
3025169,5.8866817247247205
3025170,7.571616833526966
3025171,319.88949122444023
3025172,57.53527653957943
3025173,1661.6926058290396
3025174,0.16791890773267582
3025175,23.84969772910587
3025176,3.354054071186948
3025177,0.3126260484359572
3025178,2.927904130527548
3025179,4226.751429491076
3025180,0.003286338226794405
3025181,402.6511672188966
3025182,9.016988073128724
3025183,1610.5323161958627
3025184,542.610788807117
3025185,253.46147172456244
3025186,172.85432681194368
3025187,62.432426069540234
3025188,5064.131686632457
3025189,9.822062360446798
3025190,1.6516612887518243
3025191,28.789274015289582
3025192,24.15621081267965
3025193,0.1736226830893971
3025194,343.5509309875614
3025195,0.004143901584116784
3025196,0.10860096197965712
3025197,7.9412353276339624
3025198,33.43599421253546
3025199,1.9838105678975626
3025200,131.6906492379919
3025201,302.75129820308473
3025202,2.764278997061737
3025203,8.914087099806641
3025204,176.2952054743333
3025205,45.79700096376351
3025206,2072.811920271566
3025207,0.7167377964577284
3025208,4.662195058963183
3025209,6.041825194969119
3025210,0.05121483304608446
3025211,6.640146105177954
3025212,2126.5877788288617
3025213,0.03327795040110274
3025214,417.96138726148234
3025215,9.559572389207146
3025216,817.8819005643982
3025217,583.497285318207
3025218,185.2743835000329
3025219,105.45158608811064
3025220,114.27304187353388
3025221,3077.1085806921706
3025222,24.839386849745782
3025223,1.074555445453059
3025224,22.118406575427798
3025225,29.519129733183377
3025226,0.10520674499258884
3025227,192.67082043527515
3025228,11.83630770555052
3025229,13.42630366046301
3025230,7.503968258668923
3025231,57.76722589263898
3025232,9.31316152076735
3025233,167.24971619771242
3025234,260.11330670601745
3025235,9.727982373751756
3025236,7.334034049270622
3025237,150.15577712141095
3025238,51.141403752438805
3025239,1600.5459133681215
3025240,0.5812742402011696
3025241,7.5756764621678805
3025242,2.9422224399720216
3025243,0.06902928285883608
3025244,4.764909079774903
3025245,2173.7644394054146
3025246,0.07147047696875704
3025247,361.18617763363136
3025248,7.65046960333046
3025249,589.7324444683895
3025250,637.4533108549441
3025251,141.98051308167456
3025252,95.45993808991018
3025253,85.26816576571989
3025254,2314.486298014948
3025255,20.959224746208093
3025256,0.8019492508744203
3025257,21.00330847277914
3025258,19.44268437847621
3025259,0.07538846982348966
3025260,160.88093881547715
3025261,11.41772529111531
3025262,24.335084913216875
3025263,2.854301100051878
3025264,45.27445885603116
3025265,8.08132709830814
3025266,176.99862842999397
3025267,177.52590968444565
3025268,7.420450992072356
3025269,7.495629213566674
3025270,177.21229514992774
3025271,43.36294443659487
3025272,1718.1715502497505
3025273,0.39500075992478734
3025274,11.368859864624893
3025275,6.346340117785132
3025276,0.07798772535207091
3025277,4.035893840580965
3025278,4288.539391036096
3025279,0.003713139665915803
3025280,494.67307640272463
3025281,9.770299922317086
3025282,1097.5766645398921
3025283,574.9356694320323
3025284,266.2524144679034
3025285,201.2774908753086
3025286,61.47880509791821
3025287,4129.519748773517
3025288,8.983477100601272
3025289,0.5264489281909813
3025290,19.054214165882687
3025291,18.906112146431987
3025292,0.13606236867364027
3025293,215.01505701397718
3025294,0.004423065183112727
3025295,11.282435076583852
3025296,2.2393425501250572
3025297,56.25717946493543
3025298,2.937169908521187
3025299,188.60760149271965
3025300,256.4076925234417
3025301,2.7668062772415256
3025302,2.64953500360257
3025303,208.46189860534056
3025304,105.95012964146413
3025305,1621.3247587112592
3025306,2.0731223701590658
3025307,0.8115199175559125
3025308,13.93490849873153
3025309,0.0031885734087818162
3025310,12.929164900447324
3025311,7608.287505118634
3025312,0.0711862687633873
3025313,1193.8626215560728
3025314,22.117580700725654
3025315,1944.2340945308197
3025316,1914.7857267331933
3025317,429.90268192197914
3025318,441.72909523144193
3025319,345.9537088969094
3025320,8040.4034276533175
3025321,66.69927227900655
3025322,3.95951525240134
3025323,92.81056977144229
3025324,96.95350860646337
3025325,1.1311239780639517
3025326,506.71531835611006
3025327,30.607380757017008
3025328,18.751013936680327
3025329,60.49753290811228
3025330,238.81885698522052
3025331,19.36620759341151
3025332,664.3877499272537
3025333,485.1454222164325
3025334,29.483316711431154
3025335,29.19014983632835
3025336,866.7953767713661
3025337,268.2451916278199
3025338,7053.16176995612
3025339,273.2963815001931
3025340,75.38494553376299
3025341,13.675875038594244
3025342,0.0031598292359472004
3025343,12.332434143684972
3025344,7081.313165316813
3025345,0.10303129164990235
3025346,942.4542061553126
3025347,22.94298899398142
3025348,1978.699096394855
3025349,1736.1779260490716
3025350,518.6297272884203
3025351,285.94176318980743
3025352,267.8436164642775
3025353,8231.333817104463
3025354,71.98201686316133
3025355,1.4419788429952307
3025356,57.31093567993809
3025357,72.41909039313556
3025358,0.99610616370604
3025359,507.0401498192665
3025360,22.61390611443564
3025361,24.130406371784733
3025362,13.20063508580755
3025363,133.90646961126816
3025364,16.229646782182705
3025365,813.7348301413318
3025366,565.7629889783132
3025367,18.737958624750966
3025368,23.42924555748597
3025369,1000.5535670399537
3025370,202.5063058871155
3025371,4625.442713942948
3025372,292.7965948394349
3025373,68.42146404332358
3025374,10.960589195399894
3025375,0.0030172109780056957
3025376,17.260199519731803
3025377,4231.932499603549
3025378,0.10823330016834759
3025379,695.8942140253171
3025380,12.460501505308319
3025381,1692.9869729396885
3025382,1135.0000439124453
3025383,565.3318082018884
3025384,104.92045582200606
3025385,215.81325921805345
3025386,6792.558617577887
3025387,35.583498268526625
3025388,2.3888120647816087
3025389,43.434590050006705
3025390,28.721943482630856
3025391,0.6848950060877992
3025392,462.7388552144384
3025393,30.77218763688685
3025394,18.215964441274764
3025395,13.926215381811552
3025396,87.10894228570749
3025397,8.638419230487635
3025398,741.7560318328141
3025399,561.2671297866349
3025400,18.322111652440576
3025401,31.56107522066792
3025402,631.8622065771929
3025403,104.2267659521022
3025404,1986.744220058548
3025405,255.95574909182216
3025406,36.65814401766996
3025407,13.415296966578405
3025408,0.0030463221610933875
3025409,18.314184867789884
3025410,6642.949411452533
3025411,0.0826411237442452
3025412,918.969692311274
3025413,17.682932643430455
3025414,1781.2187712379414
3025415,1572.5120014905635
3025416,495.58597499251823
3025417,254.2572960679414
3025418,221.9919427021033
3025419,7972.6912632447
3025420,42.40891478358085
3025421,1.6645049244035777
3025422,66.81748556615167
3025423,57.39435814469684
3025424,1.118665817840978
3025425,481.89003989730276
3025426,24.380989247329573
3025427,23.857093242413857
3025428,19.773466221038372
3025429,142.85326213916682
3025430,11.837172011573454
3025431,649.4363809389531
3025432,561.7172462877404
3025433,17.84430245853182
3025434,22.3007649178208
3025435,835.5226760859423
3025436,179.22516612066607
3025437,4465.9768115123825
3025438,284.9733644237807
3025439,56.428226285118015
3025440,10.503311088793122
3025441,0.0030172109780056957
3025442,15.992299957778808
3025443,3400.7256904992882
3025444,0.03311882580374406
3025445,609.7968368067731
3025446,14.502351273814252
3025447,1605.6066537075396
3025448,891.8721212222622
3025449,465.5151238854124
3025450,81.50808672281569
3025451,156.68439087022531
3025452,5726.528781300804
3025453,30.567551440895627
3025454,0.4721540136369083
3025455,30.61433789017607
3025456,28.406166594642688
3025457,0.22066769559547436
3025458,424.622155228757
3025459,22.82048764593916
3025460,8.45057436133587
3025461,10.53927138064359
3025462,78.01883103582497
3025463,5.120129852464061
3025464,627.9701655536855
3025465,557.0658938678635
3025466,13.716132952602003
3025467,20.58966517496202
3025468,600.0998404624323
3025469,76.80150745109343
3025470,1458.059856825153
3025471,322.3137689179392
3025472,20.998710712247203
3025473,9.91497055842834
3025474,0.003237509658655978
3025475,11.154128949124143
3025476,5535.966659576701
3025477,0.05099107573806388
3025478,956.9917648261429
3025479,23.536126777109185
3025480,1432.3269664046
3025481,1659.7144256815945
3025482,338.4024611577865
3025483,353.7336296423402
3025484,269.47580936878677
3025485,6181.733134897204
3025486,57.339336478836586
3025487,1.4382893323129498
3025488,45.32207922700251
3025489,46.3597430120756
3025490,0.7071532439517725
3025491,359.46114073638483
3025492,15.968978838860904
3025493,24.253994990384566
3025494,14.518473656982874
3025495,157.29132703066
3025496,15.530130365482478
3025497,570.4146567775505
3025498,420.27274100667927
3025499,14.754328580509345
3025500,26.561892216242192
3025501,720.3944116024484
3025502,189.00720829099834
3025503,5720.926178558251
3025504,219.95195798624252
3025505,64.29303467043432
3025506,5.2007153389265826
3025507,0.2929283230615705
3025508,6.542451954160996
3025509,1621.2616632319362
3025510,0.0483008430300951
3025511,335.0681515709348
3025512,19.7800010116956
3025513,758.845802890418
3025514,476.1575122937924
3025515,201.76354269648112
3025516,74.08821563092461
3025517,90.81725523042545
3025518,2514.9909905710488
3025519,22.68540154816199
3025520,1.0659810463193633
3025521,25.366477234957532
3025522,22.237572357112235
3025523,0.1285237596402562
3025524,166.89007836127584
3025525,11.026159804941587
3025526,6.42673562182891
3025527,11.605372952036792
3025528,46.73016073402661
3025529,6.676547262793917
3025530,208.27941298449826
3025531,232.75104604451715
3025532,3.3218502143811213
3025533,6.199611727755006
3025534,191.99912765892492
3025535,55.29045875215289
3025536,1226.8054541872768
3025537,0.6951008993247699
3025538,10.383645900231704
3025539,9.408146514448262
3025540,0.003079109063883351
3025541,11.129562530701474
3025542,3401.473781960518
3025543,0.06410259053970402
3025544,481.605875595283
3025545,26.94673277356431
3025546,1251.2007589851937
3025547,849.9142863961654
3025548,362.9208053457345
3025549,81.3089513072511
3025550,134.66447434495808
3025551,5102.639178027107
3025552,48.44164613353671
3025553,1.3527020222348947
3025554,52.758264271915934
3025555,34.522224965307956
3025556,0.18318473703520266
3025557,276.45847200187467
3025558,18.577383079525923
3025559,7.647222661930903
3025560,4.053096271329739
3025561,90.43460785692375
3025562,7.881241663721468
3025563,462.78075286423365
3025564,411.0548439873286
3025565,9.548683155798313
3025566,18.453250704546505
3025567,328.71377163918
3025568,76.20017241706118
3025569,1660.5631569451273
3025570,258.80115725321656
3025571,17.63784305534539
3025572,5.965626713354991
3025573,0.002838641464920353
3025574,5.444394976797885
3025575,3922.3030254292808
3025576,0.05026120436843806
3025577,701.6852554632643
3025578,9.52550071322463
3025579,1185.887473046101
3025580,1224.6451333503417
3025581,212.2168483743454
3025582,255.72609376771072
3025583,197.3401907004715
3025584,4212.883070664722
3025585,37.058446093553975
3025586,1.646050063645661
3025587,29.553565991058505
3025588,35.612412249698004
3025589,0.5036205455096543
3025590,247.40224402689054
3025591,2.641486512532447
3025592,32.768018831645094
3025593,4.942249322636137
3025594,101.65921298566796
3025595,9.084122245828029
3025596,464.557811151136
3025597,247.84076190736855
3025598,16.37820936772746
3025599,10.633318820684204
3025600,821.107046877492
3025601,108.08094988547289
3025602,4317.407824614233
3025603,3.0709744576734312
3025604,43.65538992344634
3025605,7.358697187523598
3025606,0.0038111228115663715
3025607,6.918819900188652
3025608,3684.3201423470787
3025609,0.003824722311946895
3025610,756.5237360997519
3025611,9.116669100154166
3025612,1209.4511623020562
3025613,900.7867128630086
3025614,282.1382767906614
3025615,173.33265294752823
3025616,242.4007863631362
3025617,4631.696122464726
3025618,29.138218574131137
3025619,2.636548968380362
3025620,44.16101153713299
3025621,37.82486926682959
3025622,0.08378703212188898
3025623,274.80065649395965
3025624,6.857664120678221
3025625,37.3190654677637
3025626,7.164864897889288
3025627,170.4993929890526
3025628,9.354741112359466
3025629,332.2257914306382
3025630,288.44146675039275
3025631,11.156083372323167
3025632,20.42700667865248
3025633,342.1899946624145
3025634,108.49234028804116
3025635,3305.652074719975
3025636,4.440894056719635
3025637,9.801163134433187
3025638,7.009780447881192
3025639,0.051279215227814395
3025640,3.3680971881010424
3025641,1876.682784831438
3025642,0.03059737615920293
3025643,386.3462487586397
3025644,6.371131372840373
3025645,760.3806847588496
3025646,458.114536279489
3025647,181.15769252715018
3025648,69.45917587570786
3025649,85.00752886957662
3025650,2428.1127440072414
3025651,13.671742029232204
3025652,1.1196318946376191
3025653,22.718310187429537
3025654,20.247010401524093
3025655,0.08459332010848516
3025656,157.08413346276916
3025657,4.561905558089388
3025658,8.828682292255671
3025659,6.051742488486527
3025660,60.1677054770288
3025661,3.8687542058072877
3025662,195.9974106666326
3025663,203.1356213864946
3025664,4.083995515588844
3025665,5.978434606580514
3025666,151.16141740942868
3025667,52.80717865829831
3025668,1489.4997390023289
3025669,0.4248574106104207
3025670,4.663904324017782
3025671,5.980879832038356
3025672,0.08077428191974348
3025673,1.3285286628075041
3025674,2530.466960704131
3025675,0.003276722924121394
3025676,214.29762043065836
3025677,4.108750284325267
3025678,883.6831360920951
3025679,219.26889512140463
3025680,188.89026471777308
3025681,61.29288314690145
3025682,30.057820899240994
3025683,3111.2799859759507
3025684,10.951922300878103
3025685,0.8099334439789099
3025686,19.20469132774594
3025687,9.743325264479713
3025688,0.13693263060849206
3025689,179.10197266299144
3025690,0.0041107054173893645
3025691,0.0043261157032115265
3025692,3.983394401435918
3025693,32.73453042333435
3025694,0.872133052484233
3025695,43.31109965238547
3025696,163.19426992254023
3025697,0.0802993952566207
3025698,2.395588600021929
3025699,53.015835900667675
3025700,75.7470370276404
3025701,839.052206067722
3025702,0.10265904079315874
3025703,2.471705218715636
3025704,5.860803577285097
3025705,0.03239947959898438
3025706,6.58882590518767
3025707,2772.5641540540505
3025708,0.02910650855999824
3025709,466.9942379412575
3025710,10.027714118671426
3025711,949.612328617734
3025712,780.8056429625462
3025713,279.7772715087267
3025714,142.3882014421327
3025715,129.4402187065357
3025716,3915.003726933145
3025717,28.897299634951153
3025718,1.0496071766028603
3025719,19.667740811413307
3025720,39.5504464745011
3025721,0.107412992884447
3025722,232.19238639342154
3025723,19.50055231048308
3025724,11.383266639517647
3025725,15.328652584226827
3025726,60.82933813896019
3025727,6.070486258025918
3025728,359.6099734097944
3025729,290.0417036304417
3025730,8.186728242084975
3025731,11.775487014627632
3025732,465.13437939401933
3025733,90.26356030906044
3025734,1915.6259554932865
3025735,0.06825315510677211
3025736,32.372587497460195
3025737,4.633513721171542
3025738,0.04445457005375072
3025739,4.906356909256721
3025740,3787.391480234801
3025741,0.1833707617191015
3025742,611.2413383510088
3025743,14.32539239504031
3025744,1015.9695673053491
3025745,1170.7754632344622
3025746,168.78466931753627
3025747,249.81888264937518
3025748,179.50122218995006
3025749,3720.020669118012
3025750,33.153895852004794
3025751,2.419093298991367
3025752,28.61521853509311
3025753,33.653725358311554
3025754,0.8266995412235791
3025755,210.10485864616274
3025756,11.463872958879504
3025757,34.07353753219642
3025758,10.473764943347716
3025759,103.28858467972194
3025760,12.63278780032125
3025761,394.97963372163497
3025762,221.01768654362968
3025763,6.437696530361839
3025764,11.692894951805009
3025765,535.4228382862312
3025766,125.71982881979568
3025767,4288.506849507399
3025768,0.42373558275345785
3025769,42.43607103398662
3025770,4.162007160090819
3025771,0.36123594051382235
3025772,8.476085032523294
3025773,3396.2748364964864
3025774,0.06262913074891506
3025775,655.839448545082
3025776,17.22619653793435
3025777,1021.6376651381026
3025778,1106.0799777860834
3025779,214.23922675321157
3025780,239.90672402585204
3025781,128.75105028282238
3025782,3247.63819954095
3025783,31.895569457028873
3025784,2.4083441345034244
3025785,33.494760498710654
3025786,36.149087381610386
3025787,0.26492863977814063
3025788,245.46292879972287
3025789,25.645847132312618
3025790,28.106627817501163
3025791,19.976287355791992
3025792,98.78374791952469
3025793,13.824281789637517
3025794,344.0683110017387
3025795,261.0315506707819
3025796,14.553819629166789
3025797,16.110484266013433
3025798,461.08851328374885
3025799,129.97437788980096
3025800,3190.8122465430743
3025801,0.7753270048081361
3025802,31.813528870407353
3025803,10.862025091747418
3025804,0.3297668998945139
3025805,7.121975009122411
3025806,2762.734661912358
3025807,0.0033177723945656194
3025808,462.8109876583606
3025809,12.236849198196941
3025810,1439.711950821113
3025811,698.5567110476858
3025812,494.0911805584234
3025813,159.71236604694974
3025814,87.02872786998635
3025815,5427.570385015593
3025816,10.799453743861001
3025817,1.4960021518224358
3025818,44.07520799420104
3025819,35.953449988859155
3025820,0.11720404798886531
3025821,328.350417551292
3025822,8.792341059428868
3025823,5.963854847385669
3025824,9.440329850345881
3025825,41.52830133156265
3025826,3.260520560927457
3025827,309.6652972378037
3025828,378.5992486840556
3025829,5.776940377316748
3025830,6.84769805519018
3025831,347.9654155114655
3025832,88.5802735212436
3025833,2036.941039614102
3025834,124.32358882156898
3025835,14.521338520458713
3025836,4.469322252226449
3025837,0.004232946165601952
3025838,3.5831967368024356
3025839,2369.089796815333
3025840,0.07208439363160156
3025841,369.8211927376259
3025842,12.009362931593701
3025843,786.0476161706791
3025844,774.3938101749786
3025845,128.83770733127375
3025846,146.77963050575602
3025847,130.12740027688187
3025848,2838.6564740851973
3025849,22.609650647850863
3025850,1.8864843812209835
3025851,27.85557796626741
3025852,27.067663911976922
3025853,0.13193532113934717
3025854,162.95300567819626
3025855,14.071583961469052
3025856,24.77217067596135
3025857,7.565343871030023
3025858,97.38946913411618
3025859,6.191157594966507
3025860,279.13394186780556
3025861,168.23508622599394
3025862,4.7067863904729474
3025863,9.039548793088676
3025864,288.7622741213788
3025865,74.55866415688884
3025866,3919.649240685758
3025867,0.07962614696890634
3025868,29.12595567038673
3025869,4.308298241161334
3025870,0.09731572115849607
3025871,2.609884946709613
3025872,1794.5063460919462
3025873,0.0032113862782002307
3025874,101.62873449783413
3025875,4.678632750039131
3025876,742.5498827551606
3025877,302.8856049033571
3025878,246.71228434056582
3025879,51.17504632491773
3025880,37.80722951264531
3025881,2994.529305930493
3025882,5.290991423485
3025883,0.4495629959740229
3025884,14.228771599859334
3025885,10.642384093293172
3025886,0.14652689027308088
3025887,154.7945819893137
3025888,5.3383624042145605
3025889,0.018823553407291693
3025890,2.9347701602762877
3025891,15.812432937330298
3025892,1.6050781023752079
3025893,183.01024291500033
3025894,167.64201958384118
3025895,1.9646258694267558
3025896,4.477716630985471
3025897,134.54044172449397
3025898,28.22372255217653
3025899,232.53750995761345
3025900,1.9329225278231703
3025901,2.8125930073981813
3025902,6.55389891589434
3025903,0.217039542082263
3025904,5.054229067208766
3025905,3856.906705383936
3025906,0.0034024804702639444
3025907,600.7268467121847
3025908,12.831180956610034
3025909,1737.1110554946122
3025910,633.9151864463958
3025911,408.13563428123143
3025912,202.37822589537927
3025913,72.666589132695
3025914,5966.56503171266
3025915,21.153675732555193
3025916,0.6543129548839386
3025917,26.963594022786964
3025918,17.366133648717845
3025919,0.19571597192335852
3025920,401.54814651128135
3025921,8.22646424197924
3025922,2.3473169586745035
3025923,9.10572882902575
3025924,35.21593704918897
3025925,2.0389044022642544
3025926,522.5694124054803
3025927,346.0510433407447
3025928,2.0365456929736303
3025929,13.168101953547994
3025930,397.95959451414024
3025931,79.56988284334967
3025932,1096.81860746068
3025933,37.67417445792819
3025934,8.289639972835745
3025935,4.973693182671607
3025936,0.06699445556616537
3025937,1.1185853400293813
3025938,1533.5984996004936
3025939,0.0032078489184138225
3025940,165.21429798839483
3025941,9.76268613787391
3025942,818.1537229640593
3025943,393.26168404518086
3025944,179.05625933784478
3025945,51.24063975731749
3025946,35.740379039007834
3025947,2502.1871691179367
3025948,7.062000815293443
3025949,0.5604348229183577
3025950,12.841637729399043
3025951,15.419844191455542
3025952,0.1493405389332328
3025953,152.32183739776
3025954,5.009417324966119
3025955,0.0065760101656451
3025956,6.9040379624294665
3025957,28.72517347006787
3025958,1.2760896840689033
3025959,134.3379816800655
3025960,163.8439058195353
3025961,1.1449110675027716
3025962,5.546384432653194
3025963,140.22712574670953
3025964,36.534505332639945
3025965,291.24388653027927
3025966,8.18081383360346
3025967,3.2625372578689475
3025968,4.628887618985089
3025969,0.0030941029521487657
3025970,2.2647300800436163
3025971,1334.4478781920584
3025972,0.003101831020312886
3025973,122.38911487631586
3025974,6.237283015080884
3025975,674.1077817485542
3025976,300.64465867361685
3025977,128.693557494288
3025978,36.38524072461902
3025979,28.84516370895293
3025980,2463.925748913154
3025981,9.093841414559844
3025982,0.2540321728550842
3025983,13.20077106314749
3025984,8.314803290278823
3025985,0.07814033238145471
3025986,128.26353457996075
3025987,1.6386555833534306
3025988,0.005264575474213279
3025989,2.4899603768930705
3025990,27.355744726492706
3025991,0.8693202767504334
3025992,127.28487064798782
3025993,167.97462436577518
3025994,0.43254931790166307
3025995,4.263091781788007
3025996,69.5781750758266
3025997,23.731707360454546
3025998,161.2635574356715
3025999,2.249154231919678
3026000,1.4262930051508207
3026001,3.488964383796054
3026002,0.0051380574683068635
3026003,2.2423060928973406
3026004,1265.4728589841259
3026005,0.0033459572751917254
3026006,152.68271685900842
3026007,8.236720999217258
3026008,944.867456980618
3026009,397.2109119646933
3026010,207.03327308914217
3026011,31.5813290654659
3026012,40.495234781490154
3026013,2554.0124713274836
3026014,5.676469286536113
3026015,0.24951161321371323
3026016,12.442106117876675
3026017,19.311407304986965
3026018,0.1153505463787557
3026019,165.55127220917922
3026020,1.015133984415137
3026021,0.004410617908062277
3026022,3.3482128068393737
3026023,17.210903768522304
3026024,1.6985807317814998
3026025,196.77692407970932
3026026,263.5895738627912
3026027,0.8326312619982935
3026028,5.018584743889571
3026029,62.58356229928348
3026030,80.82760368111765
3026031,293.11422005611485
3026032,5.7977933615486785
3026033,4.145661429916014
3026034,3.3489937253005815
3026035,0.9488569411850092
3026036,3.0198999228241026
3026037,1616.4207960312824
3026038,0.003084751532708071
3026039,151.14990972730226
3026040,3.7004440170120927
3026041,857.0075113844132
3026042,399.222849136732
3026043,236.82378655071966
3026044,81.97701005899604
3026045,54.66229575668824
3026046,2755.575794315845
3026047,7.183167091442543
3026048,1.0821892987557042
3026049,25.054430077650164
3026050,17.29317351253764
3026051,0.1403925749304841
3026052,200.7040461356933
3026053,6.939667259585544
3026054,0.004105488275784589
3026055,3.8268229628537886
3026056,21.386868329250092
3026057,1.652532880347549
3026058,121.15487222237856
3026059,179.92181292424112
3026060,0.7856748093166568
3026061,4.6914930921751195
3026062,112.03878478522705
3026063,38.42376347131354
3026064,528.8794628045869
3026065,7.4349255965564405
3026066,4.631305195130873
3026067,8.341638882272356
3026068,0.23980225789478857
3026069,0.9851612244354999
3026070,1469.5650372730674
3026071,0.0031836767398489454
3026072,155.34819877739514
3026073,5.183969333513005
3026074,823.9012293022882
3026075,250.78396647207032
3026076,163.38373659636088
3026077,130.1165608103831
3026078,38.02947628210906
3026079,2274.326620179429
3026080,9.131540428922689
3026081,0.24870851194543492
3026082,17.965340084073294
3026083,17.75736327500265
3026084,0.14973540878379837
3026085,151.31742046500867
3026086,0.004041272253225052
3026087,0.01910115880693571
3026088,2.8706987449503956
3026089,31.463871904627617
3026090,1.6258375940370133
3026091,63.868038117997216
3026092,145.61306202592277
3026093,0.7230749777980514
3026094,5.052812413543206
3026095,75.41455446641609
3026096,36.68508790896349
3026097,552.2665438479539
3026098,0.18335880983496516
3026099,2.4183918860534894
3026100,6.771423648720806
3026101,0.3866523054379531
3026102,2.107383246098094
3026103,2429.6606636718493
3026104,0.0032406385110817252
3026105,263.4962269638624
3026106,5.7156626119487655
3026107,943.3692068192873
3026108,687.4509730795872
3026109,400.592366697668
3026110,138.3180445675252
3026111,74.53068576409208
3026112,3745.5198971213204
3026113,12.387869410132508
3026114,0.9832822333550426
3026115,21.730962229486998
3026116,22.579116814741457
3026117,0.11705330721335278
3026118,228.92133341691633
3026119,0.8007825279337163
3026120,0.07016813034913319
3026121,6.237581023110517
3026122,27.34677348768932
3026123,3.19363756335097
3026124,225.24818701346578
3026125,230.12716046522058
3026126,1.9352145490451966
3026127,7.308852553545368
3026128,264.7630206201177
3026129,53.85449769512739
3026130,1059.2138131359782
3026131,19.50457906784837
3026132,11.129538666444098
3026133,3.2625250940074917
3026134,0.21372654285619921
3026135,3.4448173620745326
3026136,1803.2743947966442
3026137,0.0026587417589819507
3026138,505.10515513287487
3026139,7.010323063774239
3026140,506.40735879984146
3026141,526.343245846467
3026142,155.3426048597145
3026143,125.94149923679285
3026144,39.081442330202904
3026145,2380.6120836972973
3026146,11.480847218121262
3026147,0.9037233797987317
3026148,19.656551684756835
3026149,15.405372801617961
3026150,0.06538864560702053
3026151,152.29905479863527
3026152,7.0427051939323935
3026153,1.7608167308752065
3026154,5.426545387218205
3026155,41.869082262475715
3026156,1.8377453928539265
3026157,69.11005086900593
3026158,139.40086383424114
3026159,2.795342236737452
3026160,6.0251104256553925
3026161,132.67501587878013
3026162,41.36771200072572
3026163,1141.2546747317351
3026164,26.572137587348312
3026165,10.606001983111781
3026166,5.09647703983787
3026167,0.26271799495999276
3026168,2.971164555168734
3026169,2304.899099479547
3026170,0.003042306488195049
3026171,146.1823567476287
3026172,6.468090419504543
3026173,779.6198641956448
3026174,335.1673554954183
3026175,262.28049402088664
3026176,48.78705346295315
3026177,40.10298953523601
3026178,3064.752463548342
3026179,12.473622158294589
3026180,1.1453873146771212
3026181,12.542556648739785
3026182,13.054600078305587
3026183,0.13571114276916776
3026184,153.9006059511321
3026185,7.065392958961191
3026186,0.005255330561625924
3026187,3.836983985520151
3026188,30.459960328435116
3026189,2.3041171030132035
3026190,122.85060083229537
3026191,174.54109376892364
3026192,1.060129437820736
3026193,4.604068909925424
3026194,82.74345576323681
3026195,27.404991342951362
3026196,368.30394090403263
3026197,12.745167788600481
3026198,4.552083997926289
3026199,5.772602476924558
3026200,0.05120988983998842
3026201,5.959534790857124
3026202,2651.7350877792933
3026203,0.039580483133862525
3026204,563.2335992865693
3026205,10.036337541677964
3026206,873.5638167372491
3026207,763.9620364662558
3026208,201.68774171152435
3026209,146.88078886544048
3026210,106.12490155787687
3026211,3750.485630075818
3026212,26.53396557423865
3026213,1.184949623264537
3026214,19.378471227413606
3026215,32.258381998470966
3026216,0.13242740820196508
3026217,202.96463996417643
3026218,17.571368023880154
3026219,21.07217292839629
3026220,5.33557843999354
3026221,68.46588705458488
3026222,7.634260870507556
3026223,433.86337079896623
3026224,231.9858024654759
3026225,7.882742293508269
3026226,7.152009789682849
3026227,388.01908163981335
3026228,90.44402586351957
3026229,3132.19137763893
3026230,0.10715182965754504
3026231,29.739203036088462
3026232,5.598466048053485
3026233,0.2089332677399689
3026234,4.475917168976402
3026235,3039.6092652784682
3026236,0.003164633649430486
3026237,366.8169295685099
3026238,5.309586902235919
3026239,1122.4540982776984
3026240,688.2926153547203
3026241,467.8939189350509
3026242,71.1786279730724
3026243,63.54276099849021
3026244,4184.192745444905
3026245,9.579088471638602
3026246,0.5151604725556284
3026247,17.865397460039667
3026248,12.013199363645892
3026249,0.05834128246728376
3026250,249.33410403094732
3026251,1.9979204290038979
3026252,5.132557224688925
3026253,3.8376412567207074
3026254,33.50774715026837
3026255,1.2052241556162346
3026256,218.6981146909757
3026257,275.75570657721806
3026258,2.8955236474269173
3026259,5.146040356189014
3026260,230.5886116301152
3026261,54.69880049675907
3026262,759.9483123225151
3026263,90.92822446304474
3026264,9.255999888627805
3026265,8.099322460679264
3026266,0.391522872530195
3026267,3.2592565482076354
3026268,2553.7214616004067
3026269,0.003323558816962103
3026270,367.10443113314096
3026271,6.539220402724665
3026272,1234.0371173539831
3026273,643.0910903675147
3026274,242.76886636577933
3026275,197.31558395147587
3026276,74.08425511481995
3026277,3369.3365551085944
3026278,11.4297134892499
3026279,0.5814869326272315
3026280,29.381434122919657
3026281,28.683238823839243
3026282,0.19565923273778515
3026283,245.21552827161878
3026284,2.8939548941843385
3026285,2.6072199899968296
3026286,7.479845587671006
3026287,61.851562909636776
3026288,1.8390677100921466
3026289,101.84096115773295
3026290,227.9632816072245
3026291,2.2740134525531444
3026292,5.622415828894387
3026293,150.66837495961443
3026294,121.14282575559815
3026295,1033.60998174845
3026296,0.9973681607896187
3026297,4.30716138477065
3026298,3.6559022167698845
3026299,0.16416769331155817
3026300,1.7289809901804851
3026301,1669.857404432387
3026302,0.003358954850316994
3026303,116.4002545599804
3026304,6.253393055763885
3026305,580.8059954232745
3026306,365.01077592498086
3026307,128.73385662224177
3026308,43.05879903883495
3026309,50.8006977793566
3026310,2289.4997461343123
3026311,6.773846155578339
3026312,0.8637807878007078
3026313,26.849290077124127
3026314,16.94161180897987
3026315,0.0683812429338961
3026316,155.6881377503177
3026317,0.4889091506816681
3026318,0.006050393243161827
3026319,4.122795444492031
3026320,41.87725014955386
3026321,2.3029053151222874
3026322,84.44287645712684
3026323,142.5045775303179
3026324,0.9575459348589229
3026325,4.895178583572703
3026326,141.58831016151294
3026327,29.12583072250186
3026328,417.3593453859503
3026329,17.604922060488047
3026330,1.5664102682812575
3026331,2.089942457330418
3026332,0.003402268376227912
3026333,1.90846518976298
3026334,1347.884888340706
3026335,0.1611481299721999
3026336,266.81816675008434
3026337,9.477526029406384
3026338,529.6420081905736
3026339,454.7188012875249
3026340,121.53889792274823
3026341,42.59778148101452
3026342,62.18497195717349
3026343,2034.6998626158293
3026344,22.179767980028227
3026345,0.34223842748844496
3026346,9.067528388860794
3026347,14.794216459826115
3026348,0.25857681546294875
3026349,105.51813997150485
3026350,11.058771054557145
3026351,2.192753921577526
3026352,4.085474425785456
3026353,45.124492244978086
3026354,3.849028805140744
3026355,500.46380249954115
3026356,144.16468162839624
3026357,3.316267256199849
3026358,4.656540744862371
3026359,293.290425454647
3026360,31.964228548959937
3026361,1433.8333630000889
3026362,0.066725788586495
3026363,10.541883813272557
3026364,2.7141599305666357
3026365,0.10537722150461068
3026366,4.226493140857089
3026367,3561.7641147863083
3026368,0.05376657800340572
3026369,794.9997273224656
3026370,14.949723008367805
3026371,1220.1024419841629
3026372,1295.9105218270438
3026373,261.6185092610602
3026374,216.7552230826151
3026375,168.22759838604046
3026376,4116.184146022667
3026377,27.62035473156091
3026378,0.9934806019856991
3026379,20.98819170576487
3026380,38.17829190352276
3026381,0.11120307815345992
3026382,228.89797310749262
3026383,11.472966646162735
3026384,39.367116620231
3026385,8.984897333080408
3026386,75.35612572530958
3026387,11.156599894298598
3026388,371.68741530695564
3026389,272.4994383857285
3026390,15.791706964536129
3026391,9.389739682536474
3026392,485.8062976347387
3026393,111.49372660970243
3026394,5997.980018396172
3026395,0.1040275542273519
3026396,27.59121173448088
3026397,2.692609261277746
3026398,0.06868157649752077
3026399,3.583994068891986
3026400,1932.085960650606
3026401,0.030010650065127785
3026402,346.70273378561956
3026403,5.991199137944437
3026404,391.8105907366716
3026405,512.4729895957869
3026406,132.08500083020044
3026407,108.5296091733895
3026408,87.81501384143736
3026409,1591.4346857231294
3026410,15.796452841943777
3026411,1.00418824370812
3026412,19.33394441525441
3026413,15.378784795064664
3026414,0.07807329774257962
3026415,80.45159526651572
3026416,0.0037060950147568706
3026417,29.18511897244109
3026418,4.404787719336926
3026419,125.52403500898698
3026420,6.583253230818764
3026421,197.35752645127224
3026422,106.36941001445935
3026423,3.9496323865908898
3026424,5.0979268625338285
3026425,154.17349475768674
3026426,38.37935402348848
3026427,2314.2630800920765
3026428,0.799581518159177
3026429,5.0213512448876285
3026430,3.532584385385012
3026431,0.0302836888560647
3026432,0.6223021968086706
3026433,861.4922159736508
3026434,0.004925040225604248
3026435,200.90115285130727
3026436,4.656838161409456
3026437,317.5049153417689
3026438,215.49785052114396
3026439,71.18917467645532
3026440,29.75971211524396
3026441,43.27679856987699
3026442,1473.7765585738896
3026443,5.913271564236689
3026444,0.7516680832075774
3026445,8.625639191982252
3026446,7.747446721790228
3026447,0.265596707681684
3026448,57.54395124559452
3026449,0.33784117942412784
3026450,5.895466208720197
3026451,1.430756466725902
3026452,26.007511725139672
3026453,0.23705790799960652
3026454,217.21551465679846
3026455,129.5811142903859
3026456,1.876400398267727
3026457,1.4095319698420645
3026458,123.63238326954556
3026459,20.11408480511562
3026460,951.4464046079613
3026461,0.6195931227197751
3026462,2.4446983193716707
3026463,5.474645426477368
3026464,0.22125160828636417
3026465,3.8206440482547963
3026466,2963.567501422862
3026467,0.10556553136180712
3026468,597.9187772590618
3026469,13.77693332150936
3026470,780.8636710146077
3026471,860.6617170805782
3026472,264.4452720498496
3026473,201.87689366723686
3026474,104.05600976912092
3026475,3396.1209271458933
3026476,26.192652916821096
3026477,2.4684721668401903
3026478,19.83783618103311
3026479,25.845485950427356
3026480,0.20363103752897793
3026481,193.35237501158176
3026482,5.773630196644524
3026483,42.59253888970423
3026484,8.601320962726415
3026485,97.91608880263468
3026486,3.73634308289484
3026487,258.9740604996678
3026488,221.13800174628778
3026489,8.846937791390749
3026490,8.342296542026556
3026491,341.9754061115344
3026492,70.10811609946451
3026493,3932.901531014988
3026494,0.9232918546735662
3026495,18.40223794210799
3026496,5.433575478333024
3026497,0.03099969329930185
3026498,3.106588162147378
3026499,2835.1090333957704
3026500,0.003810566058326509
3026501,496.55398517053425
3026502,10.847355017579966
3026503,975.6509524901766
3026504,788.8526317119055
3026505,285.97815729106384
3026506,192.2203687180765
3026507,64.76514191706057
3026508,4096.535285267751
3026509,11.544149244653799
3026510,0.9599061075899075
3026511,28.494253736806783
3026512,15.807242387516931
3026513,0.6918311810040481
3026514,209.01909531749413
3026515,0.004645645767753809
3026516,5.16076441182123
3026517,5.22377272397866
3026518,53.121043212931724
3026519,0.9910107282263602
3026520,164.4144190267539
3026521,264.81812921650044
3026522,4.057498018435408
3026523,4.320624692947311
3026524,176.7740575136504
3026525,65.34252444041516
3026526,1180.1668429073861
3026527,2.491857699530292
3026528,4.523155422733777
3026529,5.108751754457843
3026530,0.46025815602185394
3026531,2.553520819170762
3026532,2700.9472867827344
3026533,0.0036990212482366806
3026534,505.60020518016165
3026535,9.483233447344286
3026536,796.6589843778805
3026537,721.2937911884349
3026538,227.96919847737368
3026539,170.49744489869613
3026540,62.77133895665361
3026541,3486.2959363460473
3026542,11.159508713181257
3026543,1.117024231270535
3026544,22.414453188651414
3026545,16.615276324765926
3026546,0.07121593279641515
3026547,205.33991145793473
3026548,0.004481445645118139
3026549,4.987294426419425
3026550,4.189203736707182
3026551,65.10299078281093
3026552,1.2840144653749854
3026553,101.74385957260793
3026554,198.19538309448862
3026555,3.5199857201491445
3026556,4.491781820690714
3026557,157.67604267424827
3026558,59.07882125539835
3026559,940.5753358725015
3026560,1.6758086966302717
3026561,5.5566398322557315
3026562,8.995628722764486
3026563,0.8892822121522688
3026564,12.96882207819785
3026565,7329.786599111858
3026566,0.08974917861728308
3026567,1194.0549577296697
3026568,34.19360530804007
3026569,1840.0904312680223
3026570,1943.6138233584493
3026571,319.57643565041906
3026572,415.86205800301957
3026573,299.4794730107416
3026574,7249.569474922275
3026575,67.50448432130067
3026576,2.6072325343443152
3026577,53.006988146415964
3026578,47.411870331332615
3026579,1.6257355487960787
3026580,427.0442409524537
3026581,35.17020120402883
3026582,54.67848540945694
3026583,34.8106717245713
3026584,175.7669227131086
3026585,21.2457298870638
3026586,637.024720380226
3026587,443.44936292560567
3026588,16.54126328222647
3026589,22.034505133843446
3026590,975.4681339304714
3026591,232.54997587558296
3026592,10124.109307610612
3026593,1.0133121194820773
3026594,80.09003610726056
3026595,3.0758482965611096
3026596,0.22534531565909485
3026597,0.6757270049789761
3026598,1429.4674513696177
3026599,0.003334162236068159
3026600,150.65075792009247
3026601,4.511897408203303
3026602,531.6227526588128
3026603,288.660855767355
3026604,105.88122013623763
3026605,109.75951608560479
3026606,45.8762917590462
3026607,1869.0573692047487
3026608,4.79624494759721
3026609,0.5333740321688436
3026610,11.504013613521174
3026611,7.286773077077642
3026612,0.14306138541835814
3026613,143.17976190432455
3026614,0.47209490221848116
3026615,0.004498212952634326
3026616,3.0303289984260346
3026617,36.90313713773315
3026618,0.7407294636752172
3026619,52.20527952626742
3026620,92.04258737327322
3026621,1.6723761196063092
3026622,4.0285982269174
3026623,95.28497495904975
3026624,19.74054231951503
3026625,459.15784683374494
3026626,0.33784222924415325
3026627,3.992286128490777
3026628,7.5307546047362415
3026629,0.3999141720348797
3026630,1.9978900134569963
3026631,3037.143653965772
3026632,0.0032301499221648296
3026633,444.22352210829337
3026634,8.348794210551375
3026635,1028.9023195249438
3026636,682.7866704299317
3026637,202.88410419101797
3026638,238.5341998191025
3026639,79.89551670818656
3026640,3695.9956779387703
3026641,11.575280625107565
3026642,0.5392228038912995
3026643,18.40797459386235
3026644,17.01559000156412
3026645,0.1194888881868548
3026646,215.5962829031629
3026647,1.0606728093966589
3026648,4.683576523165401
3026649,8.337780422552068
3026650,21.720132079561928
3026651,1.0414289748460475
3026652,258.7922278553249
3026653,231.02901924050596
3026654,3.3971311050265682
3026655,5.779274037775423
3026656,105.98906528336597
3026657,57.206667080284035
3026658,958.9726423666635
3026659,1.6229436378369062
3026660,5.599475152751928
3026661,1.52643529265091
3026662,0.04830929106304092
3026663,0.8246192337555435
3026664,1053.954065663911
3026665,0.0031849472790753766
3026666,104.42390404908124
3026667,3.3219829794098774
3026668,538.1693406971533
3026669,173.1002582466558
3026670,78.55704456222476
3026671,154.91693947514815
3026672,19.508712446697317
3026673,1678.3034829523167
3026674,1.4440460771668433
3026675,0.4082424748457397
3026676,9.272343179305727
3026677,3.498264284745452
3026678,0.2045917404753808
3026679,75.73561702878564
3026680,0.004095472482312407
3026681,0.0059845418869150626
3026682,1.353741955393295
3026683,26.365340356739445
3026684,0.1977699018861983
3026685,57.69959636645427
3026686,81.48352147954304
3026687,0.4135001521135689
3026688,1.3269704930259771
3026689,49.08774963659863
3026690,10.839533585739469
3026691,160.80310156043643
3026692,0.12615851069171752
3026693,1.7355407274034138
3026694,6.07886769632998
3026695,0.0817881219854151
3026696,1.7289965556684423
3026697,1895.8532113632054
3026698,0.0031627165649929768
3026699,205.49055733356502
3026700,7.468163263878491
3026701,817.7152608490921
3026702,424.1085842374373
3026703,159.07848721735746
3026704,138.45242760741763
3026705,55.02570836490751
3026706,2672.441020571916
3026707,3.381024494761136
3026708,0.5508494981108416
3026709,31.721350261993663
3026710,14.743431719831602
3026711,0.2262630585252584
3026712,183.90450151143344
3026713,0.004007366867200593
3026714,0.021264500611558296
3026715,11.284070680242102
3026716,38.11552361258035
3026717,1.4119566609509127
3026718,207.61558238193376
3026719,197.84745596462267
3026720,1.6788819468770173
3026721,3.703913223990906
3026722,191.4785741942507
3026723,29.790951293258722
3026724,1043.3932927490093
3026725,0.13413095581344478
3026726,0.9768779268171182
3026727,3.3065256674260013
3026728,0.3541842828705015
3026729,1.9955505233264235
3026730,2326.2694840402914
3026731,0.003228734608550201
3026732,617.0878617273864
3026733,8.087833392091477
3026734,798.8988834472631
3026735,644.9614396928084
3026736,204.2658128159673
3026737,100.45545474036072
3026738,79.56785961180955
3026739,3547.2667814329666
3026740,6.8217720651184965
3026741,2.6991240771014757
3026742,26.902319609847467
3026743,31.195982491942544
3026744,0.18520477367492105
3026745,189.50107850593236
3026746,2.1047359980431866
3026747,3.8725924911798733
3026748,4.698507775943286
3026749,29.459552411804488
3026750,2.056591114891912
3026751,156.27050389472953
3026752,257.49825118613467
3026753,2.874011885619388
3026754,5.535736660306735
3026755,121.54652603817844
3026756,28.32141918524484
3026757,567.423806591985
3026758,3.712958075222772
3026759,2.652206720700388
3026760,3.8876530749362286
3026761,0.05106291321469822
3026762,0.5049844704209293
3026763,1396.2282992269293
3026764,0.0033214422457833763
3026765,100.86376775683179
3026766,2.1235832760303257
3026767,434.93689330459557
3026768,176.2465126606802
3026769,83.18359190342419
3026770,119.84045365362752
3026771,39.027257422672186
3026772,1687.043184290154
3026773,4.509095541923544
3026774,0.6098785223207371
3026775,8.400503743030256
3026776,5.639982663116353
3026777,0.18050376608334717
3026778,72.250894902497
3026779,0.004278088836019982
3026780,0.005932582700952324
3026781,0.6080493526079083
3026782,34.31569070070247
3026783,0.5756647975723048
3026784,148.65852218229296
3026785,72.84066856286313
3026786,0.7318842981813455
3026787,1.090054638043874
3026788,37.02526003159531
3026789,17.420784923818527
3026790,294.7517630154961
3026791,0.16218690077520184
3026792,0.8983035193810259
3026793,5.858555147696541
3026794,0.03427721695035903
3026795,2.0237179586737364
3026796,3897.4996348682494
3026797,0.0036759448081161933
3026798,585.7857495936498
3026799,13.583492986963288
3026800,947.2774708474246
3026801,656.934260000571
3026802,212.74133575497285
3026803,139.10358690018873
3026804,95.05818393379101
3026805,4045.3591961679012
3026806,9.37670635453417
3026807,0.4622859988803948
3026808,55.95532932243221
3026809,19.904083316144362
3026810,0.11382408399241488
3026811,218.78278164308742
3026812,0.026127152381502056
3026813,29.76026407090828
3026814,8.854240285382879
3026815,81.97212114608254
3026816,2.8763263235371745
3026817,239.9620416393817
3026818,242.27209691504285
3026819,4.921308610764552
3026820,10.323576148838766
3026821,126.56984826195739
3026822,52.89084364271807
3026823,1618.999645051304
3026824,1.791003906661773
3026825,1.2505361571797926
3026826,3.7990199065910497
3026827,0.0337128016997394
3026828,6.694035136020303
3026829,2677.317063059834
3026830,0.057586916312206776
3026831,555.2110123643981
3026832,7.251329365369001
3026833,1017.2815763441621
3026834,878.1657967455766
3026835,154.46428444184608
3026836,122.7028461143826
3026837,121.21845447539008
3026838,3552.2545198428566
3026839,39.62384709857924
3026840,1.6119465185919115
3026841,27.979594947325264
3026842,28.125858581347085
3026843,0.23660803806302694
3026844,198.1525368357993
3026845,19.742875876828542
3026846,29.496801773498127
3026847,2.6214893571524582
3026848,85.96636307256426
3026849,8.762486964463085
3026850,214.88893241567652
3026851,257.0594063846581
3026852,10.753927607798817
3026853,11.423694319824445
3026854,233.79842482084575
3026855,87.39525677890032
3026856,4053.9661657203214
3026857,0.11338272568505364
3026858,13.692290542165317
3026859,4.90478725216251
3026860,0.020763455569855798
3026861,6.476588828042058
3026862,2242.2210901015824
3026863,0.03672190368678698
3026864,441.3279761411018
3026865,11.585325550277744
3026866,863.6474339981843
3026867,760.5123295968003
3026868,138.9331657158673
3026869,75.78539759403638
3026870,126.34738381450302
3026871,3338.969928784532
3026872,24.746346387004266
3026873,1.199772115816741
3026874,34.78074021483181
3026875,26.410538415816664
3026876,0.05392251296211286
3026877,264.86887383797296
3026878,19.012186910108124
3026879,20.179603090712554
3026880,9.854928114670555
3026881,87.457355134761
3026882,9.239086815022128
3026883,161.04165964029653
3026884,309.7304725732464
3026885,6.8128186751975415
3026886,9.036604660278247
3026887,119.8770638874493
3026888,86.07223811832858
3026889,3030.608083502104
3026890,1.8497048464513095
3026891,16.099239852383434
3026892,7.903183005492144
3026893,0.25496789923033275
3026894,3.993245816369183
3026895,2916.274850249534
3026896,0.003517302687433486
3026897,597.1823968738132
3026898,5.668195113390054
3026899,1457.6744062324144
3026900,603.9410661502455
3026901,160.94620557933888
3026902,292.2850204477767
3026903,58.578507006357036
3026904,4315.901114444596
3026905,25.12961996436632
3026906,1.4709900553573292
3026907,22.33094748617049
3026908,15.615064868130135
3026909,0.162578335631551
3026910,285.0666237929431
3026911,4.5892890083889375
3026912,11.551246668913027
3026913,6.463371604632972
3026914,43.59932868759763
3026915,3.535105929388588
3026916,141.79504494465428
3026917,257.3439536298136
3026918,5.4351869970517726
3026919,8.20375389614728
3026920,174.4688820946095
3026921,52.336174515838685
3026922,1253.5164602776374
3026923,12.326044653420247
3026924,11.787572947122664
3026925,3.981492718121209
3026926,0.024360684687165467
3026927,4.386978209462324
3026928,2194.536053215436
3026929,0.06864750611603897
3026930,356.1051731355233
3026931,6.626364851753228
3026932,761.2234188216253
3026933,731.469962258174
3026934,180.71903716782109
3026935,121.24666413517394
3026936,88.9380282187426
3026937,3012.8440112150415
3026938,21.81014675650097
3026939,1.171950420724622
3026940,15.604514429881092
3026941,10.86734488590528
3026942,0.2507680609570951
3026943,161.6140243580658
3026944,16.00567246133616
3026945,21.401736852878763
3026946,2.660559518434233
3026947,62.16866077687416
3026948,6.42768971448748
3026949,314.77713369131726
3026950,213.30183055266116
3026951,5.712902359277933
3026952,8.072386686054589
3026953,338.66834036464854
3026954,61.80049292081149
3026955,3031.707913846832
3026956,0.22757845576370983
3026957,25.378908592575144
3026958,3.205421671413117
3026959,0.316338921153414
3026960,2.775130649940998
3026961,4271.485357514702
3026962,0.003322321074984603
3026963,376.97178535782956
3026964,9.580782303902499
3026965,1633.6404511789638
3026966,667.4975120384443
3026967,238.5896995109606
3026968,150.86596465838454
3026969,62.567402540265604
3026970,4902.386126119604
3026971,9.697738908808303
3026972,1.6133457921804528
3026973,27.838179588197207
3026974,21.760231728296574
3026975,0.1771653500007892
3026976,320.27189338320375
3026977,0.0042137360448825335
3026978,0.150615256885226
3026979,7.747545484909789
3026980,36.59401898809487
3026981,1.965376153554515
3026982,121.3857054671323
3026983,287.0335280167322
3026984,2.8858270292378876
3026985,8.704353515347254
3026986,163.7694288662767
3026987,48.45863628914422
3026988,944.8223627406262
3026989,0.7499998353493244
3026990,4.378514924758836
3026991,6.13450692469717
3026992,0.06286065069156847
3026993,6.437669664980181
3026994,2292.321703227486
3026995,0.03353449620662918
3026996,432.24130254144455
3026997,9.888479200108371
3026998,909.072027602545
3026999,648.4211018339917
3027000,194.70842320068382
3027001,110.03107596057993
3027002,127.27525067926626
3027003,3277.2547297851843
3027004,26.368270955135003
3027005,1.1510795998867938
3027006,22.38846464610807
3027007,31.001650606922095
3027008,0.11352613506289545
3027009,205.2018337633979
3027010,12.751648871072192
3027011,19.775569984712014
3027012,7.6799810966787785
3027013,62.18694783639365
3027014,9.738498774294346
3027015,173.3375397975576
3027016,280.40125814685786
3027017,9.97342174372805
3027018,8.12890415495382
3027019,162.90343509156511
3027020,57.26993170916596
3027021,2732.0572244378995
3027022,0.5884764381948138
3027023,6.486201629774227
3027024,2.9622211638903004
3027025,0.024805075749695614
3027026,4.76838845340868
3027027,2341.2720113497944
3027028,0.09213867885286997
3027029,386.3911436383489
3027030,8.451763186944415
3027031,635.3131454895549
3027032,688.2419612369641
3027033,157.2659803371253
3027034,100.12988022423477
3027035,93.523021926695
3027036,2516.9042550508934
3027037,26.167077195223182
3027038,0.8683823550792406
3027039,21.163760437295707
3027040,19.810171929816544
3027041,0.10186836022580044
3027042,170.74641728423822
3027043,11.69863738619076
3027044,43.32961819125153
3027045,4.295797040175299
3027046,54.2900618316096
3027047,8.217649132847098
3027048,188.42399635653953
3027049,187.4686523531922
3027050,7.969219917119672
3027051,7.649644476215521
3027052,198.75339421680042
3027053,46.84743597626299
3027054,3026.261466082298
3027055,0.4080129787680069
3027056,13.390167537304354
3027057,6.423777891580307
3027058,0.07868197129739143
3027059,4.035247268834388
3027060,4160.331183364597
3027061,0.0038259356547959973
3027062,495.8079049554157
3027063,10.391655033768668
3027064,1122.2409710131235
3027065,673.4435564816924
3027066,258.2970522479951
3027067,187.53108782677361
3027068,63.6681214439569
3027069,4106.22101684908
3027070,8.876857518766384
3027071,0.5836750048905599
3027072,16.434524799101826
3027073,19.27195295289196
3027074,0.12193743916646721
3027075,209.6699168137621
3027076,0.0046656632695100024
3027077,5.785747137075195
3027078,2.281485447127785
3027079,57.56146071073376
3027080,2.856298527123513
3027081,179.07711782437957
3027082,253.21477501351347
3027083,2.6462469143409475
3027084,2.7473573880691067
3027085,197.59950096558103
3027086,105.48157672903491
3027087,1038.3676061414128
3027088,2.1233054689841278
3027089,0.8162670730277751
3027090,14.064715297563046
3027091,0.00325503886931862
3027092,13.530153814361503
3027093,8097.679796549554
3027094,0.08102153738617943
3027095,1417.946392865739
3027096,24.426819429410482
3027097,2267.1306686009348
3027098,2253.0772028074075
3027099,458.24478771758316
3027100,517.5583938322192
3027101,374.14938825478606
3027102,8747.5271597299
3027103,74.94335584235476
3027104,4.0141059079496175
3027105,106.29967818301013
3027106,97.89752542155186
3027107,1.4562651031370697
3027108,528.3539970046506
3027109,29.906850935276417
3027110,22.443950992846087
3027111,59.57258113143422
3027112,272.79545367788023
3027113,19.788215376024088
3027114,718.8825536538714
3027115,507.91587501933265
3027116,31.239556328942417
3027117,35.03226861505066
3027118,1018.4093677093155
3027119,310.1180677048645
3027120,11943.414245511778
3027121,300.9197407972681
3027122,88.66516184385151
3027123,13.780525838553459
3027124,0.0032212395801332907
3027125,12.54140800084513
3027126,7543.2246643314165
3027127,0.0918439844794692
3027128,1098.720704271278
3027129,25.541814708401816
3027130,2170.696875920295
3027131,1925.245852491264
3027132,541.0416317614067
3027133,314.58436424977964
3027134,299.6114638196407
3027135,8949.238392000083
3027136,78.22231231945553
3027137,1.456615356178579
3027138,63.53357547880724
3027139,75.5314268653241
3027140,0.9647921713903203
3027141,516.6017975261785
3027142,19.455194000379976
3027143,33.57847472763766
3027144,23.716932088158117
3027145,162.53296795399632
3027146,16.29359381296694
3027147,875.2004639831001
3027148,559.2210131168566
3027149,19.493325455189495
3027150,26.441535346920528
3027151,1046.9357731757339
3027152,223.36092739020398
3027153,7883.449324016923
3027154,288.2010176519349
3027155,72.88574549787162
3027156,10.786246776868378
3027157,0.0030734369764643396
3027158,16.798999718696074
3027159,4477.7934884330925
3027160,0.10690855191656004
3027161,725.7160041500157
3027162,13.646779199415684
3027163,1847.3816383952008
3027164,1205.1596190402834
3027165,592.272940541925
3027166,107.10760863942212
3027167,225.94635436567535
3027168,7337.138005932446
3027169,36.5234205291317
3027170,2.409761715818884
3027171,44.9576388353005
3027172,29.215471277606326
3027173,0.760848183476095
3027174,479.09476748226734
3027175,28.092619092579316
3027176,30.887310526373746
3027177,11.932959298287575
3027178,95.97895388533965
3027179,8.74049109336026
3027180,855.8756103033301
3027181,574.223496671295
3027182,18.575141550660117
3027183,31.948192276749218
3027184,641.594355126522
3027185,108.84675353203708
3027186,3290.322028322329
3027187,239.68392325959002
3027188,38.876562273316544
3027189,13.531850574974287
3027190,0.0031039379830853603
3027191,18.130530266056592
3027192,7090.216192595133
3027193,0.09578428473789764
3027194,993.890763669137
3027195,18.410722569368428
3027196,1954.2605224427382
3027197,1780.3276730704872
3027198,523.6957112416833
3027199,281.66799294049855
3027200,226.65954624408246
3027201,8529.46995673565
3027202,45.440798619889534
3027203,1.5082935335885448
3027204,68.70070754755992
3027205,59.00224272263509
3027206,1.158564192355147
3027207,498.20609960914277
3027208,22.00576998078055
3027209,31.392539638370458
3027210,25.79042474587603
3027211,155.98675185208546
3027212,11.722692746274841
3027213,682.3462289623702
3027214,594.2016351080338
3027215,18.4850441859343
3027216,23.558553178479357
3027217,870.485988573404
3027218,196.09405439424296
3027219,7290.215304915349
3027220,279.3868463205126
3027221,60.45965185096256
3027222,10.578338386038913
3027223,0.0030734369764643396
3027224,15.985776142743228
3027225,3552.355157679405
3027226,0.03339158480023113
3027227,631.498958165031
3027228,15.66765131578789
3027229,1665.4454542259773
3027230,917.4382458637192
3027231,485.3021659772559
3027232,82.026869237746
3027233,161.1721615275894
3027234,5999.9511876492315
3027235,31.3748303271519
3027236,0.49234524639092964
3027237,31.05662864327697
3027238,30.46055426779803
3027239,0.28174035825441224
3027240,433.5403377126489
3027241,24.22769503126932
3027242,12.873816048258519
3027243,12.664476921124752
3027244,84.8221314864384
3027245,4.937430841454046
3027246,647.5641168790776
3027247,579.1064532570682
3027248,14.047705577927971
3027249,17.313869644915336
3027250,603.2828864844678
3027251,77.19359367700461
3027252,2359.818566350425
3027253,317.46254630201224
3027254,21.219558733928867
3027255,10.080476639234647
3027256,0.003310938366520126
3027257,11.835864187929914
3027258,6470.054113950191
3027259,0.07827536769398738
3027260,1110.9995631788208
3027261,25.82484394786197
3027262,1642.9310745596454
3027263,2003.9441856790763
3027264,350.52031551999204
3027265,387.04995244360276
3027266,297.55485901087235
3027267,6743.857993464635
3027268,62.14996497174792
3027269,1.649375716550366
3027270,45.9781485152162
3027271,48.88668951814029
3027272,0.7481615117274311
3027273,385.9139287541366
3027274,16.227375486513296
3027275,34.77891658508887
3027276,13.679630011126358
3027277,194.3789714251605
3027278,15.786992948435357
3027279,615.4052990995181
3027280,436.0715454295659
3027281,15.684948702185453
3027282,26.974708075580985
3027283,773.4620312262264
3027284,213.4811235288533
3027285,10400.61620056472
3027286,215.86178111593344
3027287,72.22134513537578
3027288,5.418081266584816
3027289,0.3307289906835756
3027290,6.36652842041121
3027291,1732.6842428619548
3027292,0.03950194569382895
3027293,344.51368097152294
3027294,20.926653659925034
3027295,813.0806079438976
3027296,500.4216097377612
3027297,205.25233011891652
3027298,74.99249346812411
3027299,89.05072097996535
3027300,2664.591417171989
3027301,23.315440190525173
3027302,1.1524200399007323
3027303,27.265434861506854
3027304,23.13965780697161
3027305,0.1348870397514073
3027306,169.3726498235307
3027307,10.524241242250934
3027308,7.596560997362561
3027309,11.676088417751803
3027310,53.36638624812893
3027311,6.678229191111114
3027312,213.60969153466678
3027313,237.8568323333463
3027314,3.317443219641753
3027315,6.402728737175185
3027316,203.29357816702637
3027317,57.66610201756395
3027318,1993.901572949242
3027319,0.7419903668534334
3027320,10.426007611330437
3027321,9.56969937839172
3027322,0.0031382273913046267
3027323,11.294061522069327
3027324,3658.9116274547514
3027325,0.07133709917540271
3027326,536.6943657244412
3027327,33.170437985544964
3027328,1361.075762142254
3027329,908.5597584789549
3027330,378.8463808658136
3027331,83.53609782487521
3027332,139.27229962425335
3027333,5399.83388998217
3027334,52.820521743993154
3027335,1.6382228299551571
3027336,53.86078486865261
3027337,39.507999181754556
3027338,0.26353240447718146
3027339,289.739042471645
3027340,14.072582811996432
3027341,10.534461919746736
3027342,4.147664360155008
3027343,109.81998555649004
3027344,8.237360368272295
3027345,508.27926475554693
3027346,429.7670225119298
3027347,9.710557932760164
3027348,19.508327807440025
3027349,342.53173880983474
3027350,84.14910461825116
3027351,2550.190649212048
3027352,263.09395949918587
3027353,18.751812087768066
3027354,6.45574258613854
3027355,0.0029462990425253334
3027356,6.097364982390828
3027357,4716.892745333644
3027358,0.05276194073687089
3027359,849.8244368555839
3027360,10.137008368228791
3027361,1435.2172425739843
3027362,1510.6556532966351
3027363,244.1475205196781
3027364,313.8640291624851
3027365,246.67844192464082
3027366,5247.831916915798
3027367,38.8460401045624
3027368,1.7584876280295434
3027369,32.3074704581089
3027370,46.06568568824237
3027371,0.6100681005345681
3027372,278.55373080615186
3027373,2.7289921161587793
3027374,50.30581827131846
3027375,5.115597635544306
3027376,115.60272241862782
3027377,9.767195659775412
3027378,539.9986928697253
3027379,281.6564951996925
3027380,17.177438963440526
3027381,10.27210285421804
3027382,731.1775572787991
3027383,132.88416422731345
3027384,7865.314040370916
3027385,3.2542096410628103
3027386,49.76882011576095
3027387,7.892522501773298
3027388,0.003870359225148997
3027389,6.84171615243466
3027390,4040.0428394486353
3027391,0.0038839941400256412
3027392,796.2640660574505
3027393,10.044873060383743
3027394,1351.027680790046
3027395,976.1716561462268
3027396,291.95637585642606
3027397,202.31666698070072
3027398,252.6838708494015
3027399,5146.932980364332
3027400,34.701523723054954
3027401,2.743010908717909
3027402,42.10326312984711
3027403,38.270601033538625
3027404,0.13273227025451256
3027405,285.0611395261383
3027406,7.587185924421144
3027407,57.91109150653813
3027408,8.036837922153264
3027409,189.23964399938524
3027410,9.489720649221587
3027411,363.24341187276787
3027412,303.5670096511476
3027413,11.197672586869233
3027414,22.216013634128288
3027415,384.3222861072872
3027416,116.25917631401958
3027417,6972.406062904293
3027418,4.470255124896117
3027419,8.024682596968011
3027420,7.178066871915056
3027421,0.05936177738289931
3027422,4.199033498826432
3027423,2048.23730442307
3027424,0.030809876049071105
3027425,427.6032454584215
3027426,6.648033106420005
3027427,831.2121149139571
3027428,495.6618081098736
3027429,205.52606551248363
3027430,78.71373057574345
3027431,96.25905385163483
3027432,2639.9294891464256
3027433,14.17322486361359
3027434,1.2338494790433898
3027435,22.591015602535656
3027436,21.650531533807168
3027437,0.11089181189970164
3027438,172.50718695658986
3027439,4.86425729114946
3027440,10.153968931508022
3027441,5.864962317730169
3027442,70.62775000274674
3027443,4.0269508769289075
3027444,229.98982896707963
3027445,195.76260868884958
3027446,4.133731054725792
3027447,6.387542056514421
3027448,163.83313510931734
3027449,62.890807863299074
3027450,2891.353556664185
3027451,0.41463704734745543
3027452,4.740450328689201
3027453,5.986215671403523
3027454,0.08572036153197504
3027455,0.6889040592549133
3027456,2782.7211834637837
3027457,0.0033108427016612547
3027458,199.0494373578518
3027459,4.332193987113047
3027460,858.7808878891176
3027461,241.80045886829342
3027462,170.78930896936998
3027463,56.159736861023816
3027464,26.852780312815284
3027465,3107.4427470726387
3027466,10.402813503157331
3027467,0.8168366150825903
3027468,17.0698155615804
3027469,9.643037331170605
3027470,0.15286191277638966
3027471,175.55118221209824
3027472,0.004183903643337093
3027473,0.004379848251268877
3027474,4.011937108036343
3027475,39.458315967285536
3027476,0.9029017751571635
3027477,40.45951106001853
3027478,143.66991247669935
3027479,0.09877588037903155
3027480,2.073055201747766
3027481,50.59677124807768
3027482,70.1196901672421
3027483,523.7610321680086
3027484,0.12874623738759938
3027485,2.383125921062155
3027486,5.955076690407071
3027487,0.009510986018605314
3027488,5.50847666375222
3027489,2870.573657025896
3027490,0.03286296919453193
3027491,499.6446450390444
3027492,10.930800470635198
3027493,1106.139525672541
3027494,853.8790778044349
3027495,282.179162553312
3027496,150.34805969029586
3027497,135.62981595749963
3027498,4436.934481322511
3027499,29.99682748493027
3027500,0.9779888992665345
3027501,23.546454389557784
3027502,45.08003327161858
3027503,0.11807009132988314
3027504,236.67366248173252
3027505,18.93630545393892
3027506,19.036518975143295
3027507,13.76594893557898
3027508,68.80061696737778
3027509,6.222339629586676
3027510,380.65252163981904
3027511,283.2039341195212
3027512,8.396265576885025
3027513,12.775950180140242
3027514,476.910123870684
3027515,94.33643879878082
3027516,3588.457259984617
3027517,0.09374655077209477
3027518,33.84922902520766
3027519,4.777894427242474
3027520,0.04449394962607287
3027521,5.152468835227512
3027522,4344.985252148935
3027523,0.19115616155185053
3027524,676.2287859970019
3027525,15.216010791968557
3027526,1111.071946603519
3027527,1361.7614585948922
3027528,171.57815259218663
3027529,273.1951183312939
3027530,189.53523507896875
3027531,4336.3211398896965
3027532,35.76091440351573
3027533,2.53834974325082
3027534,32.22923761593328
3027535,33.60321520618716
3027536,0.8342345244338761
3027537,221.5225640516557
3027538,11.926848189864025
3027539,47.97516930599131
3027540,9.776596627263062
3027541,117.44712418282943
3027542,12.196553110922874
3027543,422.6151688425721
3027544,233.41244696081728
3027545,6.471370841394169
3027546,12.758041642613826
3027547,611.186261457076
3027548,146.2527176631587
3027549,6912.901931722574
3027550,0.41441919858218695
3027551,46.80358730165893
3027552,4.444991872261163
3027553,0.3623087840004593
3027554,9.148072098958798
3027555,4231.522521368621
3027556,0.06321593172617028
3027557,784.2817172535397
3027558,18.616860251344708
3027559,1218.0238565943243
3027560,1342.745393036424
3027561,244.5566288038601
3027562,279.3562023949411
3027563,154.68999042035705
3027564,4609.897923727061
3027565,35.61115529207176
3027566,2.831386109488233
3027567,38.22637596071115
3027568,40.561577758545
3027569,0.33334154557386825
3027570,286.00547186991764
3027571,26.20238022628569
3027572,40.572321272589384
3027573,23.12715228813187
3027574,125.0245630714376
3027575,13.915607524022112
3027576,361.33494928563755
3027577,303.99647853974005
3027578,14.60170943959373
3027579,16.57385288083492
3027580,510.5065655123899
3027581,143.84201785900726
3027582,6627.923251297786
3027583,0.837687574053631
3027584,38.230868454893304
3027585,11.536154268914004
3027586,0.2935085911342935
3027587,6.854427574792286
3027588,2698.475869044797
3027589,0.003492142659366653
3027590,417.301078879301
3027591,13.266361659451526
3027592,1438.3987213533258
3027593,741.1147252184217
3027594,448.94185685839307
3027595,139.4346850076885
3027596,85.44205832268156
3027597,5320.442413829976
3027598,9.873651225477486
3027599,1.4884340309804847
3027600,43.22298977718711
3027601,35.25770405352154
3027602,0.11564212064093018
3027603,318.4648609245749
3027604,8.704020042164192
3027605,5.040784337608437
3027606,12.266789263957932
3027607,43.19095943578452
3027608,3.2895411779370356
3027609,289.2861673679901
3027610,362.8055096650207
3027611,5.945330968577525
3027612,6.801730977089396
3027613,338.6648507765413
3027614,89.87461725823209
3027615,1171.1834428756915
3027616,121.75070370921347
3027617,14.420188326217703
3027618,4.268694357654091
3027619,0.0037786225990882345
3027620,4.233529465662419
3027621,1960.0507039504796
3027622,0.05785872330521834
3027623,365.9685518413347
3027624,11.954985453187376
3027625,716.5258166419156
3027626,639.5911040745921
3027627,115.1585288020075
3027628,114.7403713521244
3027629,108.40587689673266
3027630,2485.257352434822
3027631,20.130898687804034
3027632,1.8051101274458017
3027633,31.038083775243514
3027634,28.11105581110661
3027635,0.1290094350279681
3027636,139.04534266491544
3027637,13.2041037085996
3027638,14.972945472461737
3027639,7.473562150141476
3027640,92.20007308008363
3027641,5.808777549510531
3027642,259.9557552093621
3027643,167.45290544755244
3027644,4.355673833787453
3027645,7.6461632152829235
3027646,244.87282777321334
3027647,62.09466356189247
3027648,2069.7426049742553
3027649,0.07039875987489252
3027650,22.23854570516125
3027651,1.9484559570204025
3027652,0.0762846584163988
3027653,1.9123737756238801
3027654,1277.935330781225
3027655,0.0029917670906693043
3027656,87.55169646212815
3027657,3.4160209013748393
3027658,759.2680401573755
3027659,238.3748627516716
3027660,233.22682216134095
3027661,39.675138245597815
3027662,30.630949686212773
3027663,2414.120385857819
3027664,4.433922384833644
3027665,0.4566728736862993
3027666,9.696159492176044
3027667,7.4796032174533105
3027668,0.13312260806162265
3027669,143.70146649763242
3027670,3.5839919188112948
3027671,0.028983431261950073
3027672,2.1337490893498203
3027673,14.236868414562366
3027674,0.33823154819985846
3027675,216.54190545934205
3027676,158.25570937029025
3027677,0.5645470282997465
3027678,3.38388662563231
3027679,129.68615581128847
3027680,23.807183007223465
3027681,201.588074445826
3027682,6.110612398909874
3027683,2.258735092308271
3027684,6.572118189130844
3027685,0.19763708766339505
3027686,5.039909109850752
3027687,4071.1540878394308
3027688,0.00317005876367216
3027689,694.717318047246
3027690,13.33967935486526
3027691,1647.9351089231125
3027692,530.2093758933432
3027693,446.04699037904527
3027694,190.18417788150148
3027695,71.29243663742287
3027696,6120.667451866293
3027697,22.424321497862778
3027698,0.7033057929962705
3027699,27.643433642773225
3027700,15.783640499986074
3027701,0.19805170744539738
3027702,399.2922403901599
3027703,7.233162275645735
3027704,2.4003827837426517
3027705,9.42378129136503
3027706,39.42250638124709
3027707,2.13292168029683
3027708,790.5245139231145
3027709,362.5254734461571
3027710,1.9723936054131042
3027711,13.15915348254283
3027712,424.17121237029124
3027713,78.41262073450883
3027714,1171.2412184298048
3027715,40.591408051363345
3027716,8.777577906052581
3027717,5.109550754729838
3027718,0.060954620966265846
3027719,1.0706824910804438
3027720,1554.1439303986353
3027721,0.0029718564510413945
3027722,161.92231021308436
3027723,10.025655156823225
3027724,799.9133090950102
3027725,324.7746928058709
3027726,184.25856181313912
3027727,55.556331863006484
3027728,36.504264375995724
3027729,2599.461128993512
3027730,7.124977678825987
3027731,0.6060312808516309
3027732,12.995845737764725
3027733,14.945058911457462
3027734,0.12639827977155904
3027735,143.2959980471703
3027736,5.047260940454368
3027737,0.017365582419029326
3027738,5.8381822882891585
3027739,32.552767514428396
3027740,1.5093203386398606
3027741,266.03847508817245
3027742,163.81807815725264
3027743,1.1205933235568963
3027744,6.159100648600925
3027745,169.3548524124152
3027746,32.19538045741524
3027747,315.48424293595167
3027748,2.1991557135297883
3027749,3.344319973861745
3027750,4.454469804577284
3027751,0.002871661002422333
3027752,2.4998273103445503
3027753,1361.550663312988
3027754,0.0028794492031598454
3027755,110.05437585530849
3027756,6.277428902858503
3027757,707.1118142356102
3027758,236.07940763329592
3027759,134.11091605604926
3027760,38.48932431456946
3027761,28.48710389101218
3027762,2585.0203575728287
3027763,10.192402853936912
3027764,0.2411717931677855
3027765,13.380408741402233
3027766,8.397680039839925
3027767,0.06586567865028552
3027768,120.83287989419173
3027769,1.6878759250681656
3027770,0.004943637651959192
3027771,2.5727595359572817
3027772,31.889970194664034
3027773,0.873696516158005
3027774,171.02568924637734
3027775,153.56886482964345
3027776,0.4250361015846378
3027777,4.265952729252031
3027778,98.59608467267824
3027779,21.139828059541607
3027780,171.02860420755752
3027781,16.75130415312904
3027782,1.6368699709104153
3027783,3.596730654567231
3027784,0.02290040218959417
3027785,2.4590613962150596
3027786,1319.9498934240573
3027787,0.0031137810225172263
3027788,163.50983459618843
3027789,8.453372037174312
3027790,990.6680564917277
3027791,341.6590798045188
3027792,238.14764345756936
3027793,32.57638878217567
3027794,41.19601349024429
3027795,2644.7347110692563
3027796,5.90746050593455
3027797,0.257803734668147
3027798,15.267117649837441
3027799,19.437048897465807
3027800,0.11898840596734012
3027801,170.0878208152444
3027802,1.0541747015090317
3027803,0.004165548092690335
3027804,3.3426761921691357
3027805,19.933608048901952
3027806,1.6909462920721665
3027807,356.2254939285284
3027808,224.82737266303624
3027809,0.8332468252779754
3027810,4.963440698200724
3027811,72.77452506168464
3027812,81.57361404131021
3027813,326.6496438960703
3027814,6.323283404166375
3027815,5.066361110815863
3027816,3.2497372876386055
3027817,0.8134359550582919
3027818,3.4756710987054835
3027819,1670.1614635971152
3027820,0.0028841264979851855
3027821,145.28866365300792
3027822,4.076597959293062
3027823,825.9222746874137
3027824,309.70211501032435
3027825,265.2510427127898
3027826,83.48882565787011
3027827,59.57700024621425
3027828,2626.8667168166485
3027829,7.381479653763276
3027830,1.121142016024185
3027831,20.275254937215074
3027832,15.858662666460392
3027833,0.13839847656148377
3027834,197.00583313293288
3027835,6.883828782057502
3027836,0.003865371616729101
3027837,4.972684196503729
3027838,24.099640902846872
3027839,1.4737606853132823
3027840,154.38584556220445
3027841,183.10127040797556
3027842,0.7620820319457149
3027843,4.6879268360694555
3027844,107.53407600473885
3027845,38.33017992157742
3027846,534.0952332340196
3027847,14.274978025487101
3027848,4.830097896134456
3027849,4.564984631881346
3027850,0.22285939978654604
3027851,1.716450324763517
3027852,1291.3177310307085
3027853,0.002998868682982942
3027854,141.88345551490852
3027855,4.646952853636305
3027856,781.2627891165203
3027857,217.01510495808859
3027858,151.48304945174394
3027859,112.33453868861633
3027860,30.58193504895306
3027861,2041.2620634054283
3027862,4.916391156632466
3027863,0.28645036870365137
3027864,11.9125802171272
3027865,11.846302555926815
3027866,0.1501673986965996
3027867,137.6692787403819
3027868,0.003802084425601676
3027869,0.019002560670726608
3027870,2.9361202727922953
3027871,27.158978996680638
3027872,1.0620548461439103
3027873,63.85832133936114
3027874,135.96436165448873
3027875,0.7199962246528586
3027876,2.975675849954903
3027877,64.39114768197892
3027878,30.97633366292941
3027879,436.6333924496752
3027880,0.1793328702547186
3027881,1.688718182832977
3027882,6.440219647789132
3027883,0.4214569528550025
3027884,2.858930008174953
3027885,2504.7334238474177
3027886,0.0030574357285006863
3027887,258.0649474710365
3027888,6.247442293243749
3027889,990.2398076042869
3027890,556.2969241935823
3027891,417.55099815705034
3027892,148.04325408840796
3027893,77.66854663527647
3027894,3751.100432894802
3027895,12.518633711306657
3027896,1.0218393144530538
3027897,20.482027176141635
3027898,23.111448062279095
3027899,0.11274890507992301
3027900,217.73907205931667
3027901,1.1952760216016796
3027902,0.04694220039371324
3027903,13.946528978164046
3027904,32.52932965477892
3027905,3.2056573631926444
3027906,310.2856469284823
3027907,223.1611131437198
3027908,2.1303584055868856
3027909,7.635348006962836
3027910,283.46863263571385
3027911,54.47743752135194
3027912,1122.9136144702736
3027913,24.34200290575248
3027914,11.71367776493016
3027915,3.2637034083130003
3027916,0.20272237138969038
3027917,3.4816007706970393
3027918,1830.586958966951
3027919,0.002442573834631847
3027920,523.8177422621172
3027921,7.270894914972171
3027922,550.0824769296814
3027923,460.51470664844953
3027924,172.6968855310912
3027925,133.3178151159321
3027926,42.977334768152204
3027927,2511.602822688984
3027928,11.657381718687681
3027929,0.9142666569686635
3027930,15.18289750485814
3027931,13.60197725387776
3027932,0.0638057601474496
3027933,151.36481971969866
3027934,6.640900457695832
3027935,1.787988515998261
3027936,5.597198735029465
3027937,49.05658877480652
3027938,1.8008981970013394
3027939,187.52789803982202
3027940,153.0408065395057
3027941,2.672922653250444
3027942,5.7640002968075885
3027943,167.0626634970955
3027944,41.04008669695972
3027945,1224.1204615790552
3027946,35.97999866519744
3027947,11.557100191830964
3027948,5.256437319812599
3027949,0.29840071176286737
3027950,2.3401593768819553
3027951,2363.7558534801296
3027952,0.002868903970308647
3027953,147.13879275669828
3027954,6.622756309476818
3027955,805.4702281003383
3027956,283.27372630417193
3027957,274.75522289163564
3027958,51.84972455689274
3027959,39.288358104762864
3027960,3143.245179970706
3027961,13.116250762420837
3027962,1.2332814325670465
3027963,15.458475726210626
3027964,12.0564158395302
3027965,0.13417008823143733
3027966,155.39927159467175
3027967,6.664561485421562
3027968,0.018673039405319246
3027969,3.8468632353669507
3027970,35.434967500192684
3027971,2.20342981768848
3027972,158.02386368200743
3027973,164.45883213933683
3027974,1.0437814638464715
3027975,4.649933662259933
3027976,170.43790842196523
3027977,27.143041557518785
3027978,390.50941145752245
3027979,8.900557812403294
3027980,5.019748505848137
3027981,5.4814164108156795
3027982,0.04985112931803227
3027983,6.384379624186692
3027984,2369.1860487370145
3027985,0.038972958604801856
3027986,534.1561951691514
3027987,10.344524857967825
3027988,799.8079485581455
3027989,730.9997479668546
3027990,191.13256508967373
3027991,125.68717799876313
3027992,88.55195202660187
3027993,3278.708170719692
3027994,25.62927041139931
3027995,1.215255107106194
3027996,17.4284796750693
3027997,30.669350089030896
3027998,0.12189172865442402
3027999,195.99287074644974
3028000,17.20580448693173
3028001,12.465171456382853
3028002,12.682776971430094
3028003,74.93741587721831
3028004,7.758246461346049
3028005,397.78486810061156
3028006,236.7870256639215
3028007,7.912995165290683
3028008,6.883984860753903
3028009,346.3648604892491
3028010,84.45808385202906
3028011,1733.4743978013398
3028012,0.09107160899021902
3028013,25.730819508211937
3028014,5.809296181729769
3028015,0.22155990517999485
3028016,4.469094347560919
3028017,3180.1050490893285
3028018,0.002989453169240613
3028019,381.356533850377
3028020,6.001112329973519
3028021,1302.872180947142
3028022,570.1843090167899
3028023,496.48883923899854
3028024,73.68236337033792
3028025,66.17456461541256
3028026,4821.512661477974
3028027,11.368055490360312
3028028,0.5218153713809293
3028029,17.31119233274832
3028030,11.649799135159913
3028031,0.05625664430545649
3028032,259.0254226246391
3028033,1.9000866085455572
3028034,5.237769701459106
3028035,4.011983637189665
3028036,38.073875181100746
3028037,1.181734504333562
3028038,548.4398445729207
3028039,296.34881174990454
3028040,2.8568119261090694
3028041,5.0855340838272225
3028042,256.07134687832877
3028043,54.94227980851011
3028044,809.2084993638373
3028045,57.296028370841704
3028046,9.549770280873725
3028047,8.65921981294715
3028048,0.39277138457271543
3028049,4.076700537313223
3028050,2627.2201176497324
3028051,0.003133225172247661
3028052,357.3762907483887
3028053,6.844793202001349
3028054,1270.0780624456177
3028055,472.52268942611585
3028056,254.03244728284912
3028057,198.57005576051745
3028058,74.50262780036246
3028059,3254.5758367775898
3028060,11.94779043199262
3028061,0.5867968291463879
3028062,31.53090678148258
3028063,25.2574457990494
3028064,0.18718451033710404
3028065,258.0691705216641
3028066,2.9469008937708665
3028067,2.5411672521761273
3028068,7.204076919134162
3028069,67.30552370378132
3028070,1.8536927832398353
3028071,129.5001254395302
3028072,240.38942172426545
3028073,2.108621603282991
3028074,5.4413155827667286
3028075,151.44355697756447
3028076,120.26576321687448
3028077,1079.744991848855
3028078,0.8141044836207265
3028079,4.366462603882489
3028080,3.886667116683557
3028081,0.16319757727683112
3028082,1.748628488828715
3028083,1784.6976574132896
3028084,0.00319621653641774
3028085,121.0635752057312
3028086,7.070831965434745
3028087,609.2228052676383
3028088,278.375101803913
3028089,133.08330545778128
3028090,44.76949621844715
3028091,49.77717031326158
3028092,2477.012819606324
3028093,7.022650953528673
3028094,0.8508347591543449
3028095,27.379060022355354
3028096,16.921577223931365
3028097,0.0674152568841424
3028098,160.371373502923
3028099,0.49748213791302504
3028100,0.0058804499903796666
3028101,4.042361788864801
3028102,55.57685547914434
3028103,2.3499357908723617
3028104,114.05668405694425
3028105,143.02552412990173
3028106,0.9500929744705668
3028107,5.0227383629644375
3028108,144.60367105860715
3028109,29.141528526071426
3028110,428.41841151449285
3028111,12.40644749661728
3028112,1.795686856886364
3028113,2.153175245434101
3028114,0.0031951571201389055
3028115,1.8808980830317619
3028116,1376.3935303813234
3028117,0.15176822949580568
3028118,236.95161746356527
3028119,9.974287040827855
3028120,490.9555917865533
3028121,437.654621878402
3028122,118.08992647986722
3028123,40.262506595903986
3028124,58.35750520516457
3028125,2058.861792234829
3028126,22.777854393550708
3028127,0.2765280510671298
3028128,9.970009562427045
3028129,15.288042863280683
3028130,0.2488478409211293
3028131,102.39717094651124
3028132,10.276281547521432
3028133,1.3149977573449092
3028134,9.296535738102842
3028135,50.29025548442174
3028136,3.9029387250291965
3028137,715.3315671363347
3028138,145.67423995818882
3028139,3.2264427801944136
3028140,4.3473843730333535
3028141,257.0425016766004
3028142,32.178978943052726
3028143,1022.0131035685865
3028144,0.06904115175807439
3028145,7.594994171917214
3028146,2.8907261687483103
3028147,0.1358612963719632
3028148,5.292431758216365
3028149,3116.2916560274107
3028150,0.03674085313400721
3028151,701.2808682533326
3028152,15.903680908987003
3028153,1067.7414447770016
3028154,1118.6494332215618
3028155,250.87022313354174
3028156,182.5853734786465
3028157,152.4506282575246
3028158,3616.092275712208
3028159,32.35175656789196
3028160,0.9198081707126765
3028161,19.78820162019202
3028162,34.01918293531772
3028163,0.10579093943083238
3028164,210.4529029634867
3028165,9.794842490742102
3028166,27.747794871308166
3028167,9.098369688181114
3028168,82.62378655634099
3028169,11.41504400630127
3028170,328.2827397602661
3028171,244.17854249773922
3028172,15.115092287039822
3028173,9.455292978905153
3028174,434.25788008639876
3028175,98.46632710775819
3028176,2838.0073981513506
3028177,0.10351718472471501
3028178,23.919194473725454
3028179,2.9673978134182484
3028180,0.07011534557577553
3028181,2.980777329279655
3028182,1974.4094190827568
3028183,0.03041133985213572
3028184,352.11955904620567
3028185,6.549837093347653
3028186,413.2767428671012
3028187,510.8838577758581
3028188,127.46307928314917
3028189,112.85336715868094
3028190,86.90978177769549
3028191,1624.810656887159
3028192,16.218381945319226
3028193,0.985102087205523
3028194,24.19019775032639
3028195,16.006916170875712
3028196,0.08013558968661216
3028197,71.76900544911702
3028198,0.0035132094262076067
3028199,16.54074544149372
3028200,4.898053533187991
3028201,136.9692511492101
3028202,6.748348606606276
3028203,165.8908298959095
3028204,105.01663904650977
3028205,4.049001295348881
3028206,5.239849573351955
3028207,148.84695732008316
3028208,36.77238245233692
3028209,963.0526491170377
3028210,0.6366478534611635
3028211,4.5600350196233155
3028212,3.620376322819619
3028213,0.05593616906315998
3028214,1.813543308040384
3028215,853.2765033376771
3028216,0.0032998696022275243
3028217,187.75806949412188
3028218,4.829836098652131
3028219,310.81644459620856
3028220,198.5698744060665
3028221,66.11888063652344
3028222,27.957209853240617
3028223,40.80641906572207
3028224,1403.6426074570634
3028225,5.733430481289001
3028226,0.6059089807717007
3028227,9.67284024841219
3028228,8.294617001842203
3028229,0.2562264139854345
3028230,57.33317847857456
3028231,0.35234382589507296
3028232,3.5377811768131058
3028233,1.4425153793662462
3028234,24.118121883847767
3028235,0.2888467852820403
3028236,253.89766062637244
3028237,119.10046983230849
3028238,1.903744937433949
3028239,1.3645882240640108
3028240,123.57369850094899
3028241,20.244330133697396
3028242,416.2258507789756
3028243,0.6387469018984869
3028244,2.376460243876906
3028245,5.655992011639991
3028246,0.14407995681569344
3028247,2.9168726147775343
3028248,2601.710840914248
3028249,0.0910137309405249
3028250,549.6862772779223
3028251,14.371205461191575
3028252,731.4528595112695
3028253,816.959789026354
3028254,248.43613935089533
3028255,179.86831603869527
3028256,103.2544868045559
3028257,3183.648704902005
3028258,25.81019175483403
3028259,2.4926009896833032
3028260,15.92703426922904
3028261,25.068834752414382
3028262,0.19481262309946207
3028263,177.53562418900026
3028264,5.227662562356863
3028265,27.400429956540954
3028266,8.286429582809054
3028267,108.43230146671131
3028268,3.647189607854096
3028269,229.13909531652607
3028270,204.81789787261852
3028271,8.941311035837877
3028272,8.029219510819715
3028273,294.189439585027
3028274,67.90142686802625
3028275,2043.2665822523704
3028276,0.9073929413870319
3028277,16.54396567803498
3028278,5.984610250980748
3028279,0.03145215835784532
3028280,2.4416306241735906
3028281,2893.186049454473
3028282,0.0035887427856528286
3028283,554.3287914814055
3028284,12.153335979736722
3028285,1062.2330424132633
3028286,704.4102986100379
3028287,337.2619448555218
3028288,212.82083213600134
3028289,66.28036468113066
3028290,4264.066145312024
3028291,11.847077228850331
3028292,0.9589085936309532
3028293,31.84236205425865
3028294,16.309403046837005
3028295,0.692711950724668
3028296,215.38724111163606
3028297,0.004377664716681765
3028298,5.285006812344164
3028299,5.344675935418504
3028300,57.17654112599709
3028301,0.99757396548136
3028302,291.4271524646757
3028303,278.0005608410283
3028304,4.092418675029024
3028305,4.117418755601883
3028306,202.91468848527705
3028307,67.3855769068876
3028308,1266.6631463201584
3028309,2.401485556497614
3028310,4.801205038765267
3028311,5.060538061081157
3028312,0.348991248194105
3028313,2.652629496352246
3028314,2836.3398850475446
3028315,0.003485093852893195
3028316,529.6648346505804
3028317,10.32233392843911
3028318,849.7101627777377
3028319,580.489419771274
3028320,242.46140563355476
3028321,178.7410130156569
3028322,65.63365620756164
3028323,3611.897897921814
3028324,11.454975768336013
3028325,1.1431005843318662
3028326,23.9731814309466
3028327,17.66288829343565
3028328,0.06934662494422943
3028329,213.97960611329984
3028330,0.0042187625173870915
3028331,4.745669566096185
3028332,4.354142174085849
3028333,75.46820858727371
3028334,1.178763134379142
3028335,151.88364506071852
3028336,200.36628998373172
3028337,3.4527889306976407
3028338,4.268507519845151
3028339,164.7461577697466
3028340,60.2432483735137
3028341,1050.156619645318
3028342,1.6650355298572768
3028343,5.211158812374738
3028344,8.87425114500553
3028345,0.9136371016088042
3028346,11.410585692022455
3028347,6923.327696708141
3028348,0.07123443967521934
3028349,1006.3048699062141
3028350,39.29597740335238
3028351,1574.726287750593
3028352,1680.6783648403573
3028353,300.10219160751126
3028354,356.3482983598868
3028355,283.1828791649533
3028356,6920.149942703461
3028357,60.95041037821227
3028358,2.6792342747020528
3028359,52.56341596654526
3028360,44.71909273598583
3028361,1.1160104599616685
3028362,381.91640663084104
3028363,30.06692437609478
3028364,35.75054024803993
3028365,32.06357720601899
3028366,192.95369312874664
3028367,21.653916457004158
3028368,557.832134846982
3028369,408.1600538570005
3028370,14.91326437037078
3028371,21.310966879776103
3028372,849.7849519068737
3028373,220.8938760491909
3028374,5848.048747864539
3028375,0.9352925304778437
3028376,69.4834574553054
3028377,3.355645312120356
3028378,0.2265659155581914
3028379,0.6867087320288764
3028380,1555.4655447630919
3028381,0.003163202315973574
3028382,165.32050322146722
3028383,4.676544113928959
3028384,644.8017096979745
3028385,244.0856470836428
3028386,117.63275465684742
3028387,136.9085939840167
3028388,59.75586657981583
3028389,1977.3269389247475
3028390,5.054942862469945
3028391,0.5494794569700299
3028392,13.91266930512217
3028393,8.452333211416704
3028394,0.1446704913463144
3028395,156.15355083866683
3028396,0.5924968503818305
3028397,0.004285852193333975
3028398,3.122189048250916
3028399,39.124457212681925
3028400,0.6861053988193812
3028401,131.4671243443661
3028402,107.46367050316218
3028403,1.807044860661131
3028404,4.352227601202396
3028405,113.86557195213362
3028406,22.402102801725356
3028407,495.27421500540896
3028408,0.3837364045311119
3028409,4.150872765843378
3028410,7.820522730243657
3028411,0.4366267106310611
3028412,2.0186815861305103
3028413,3143.2334544131036
3028414,0.0030392108661193257
3028415,479.76761428025367
3028416,9.015578479115085
3028417,1127.299313563784
3028418,567.4320098584112
3028419,229.92050065611863
3028420,265.1960612579926
3028421,82.56331805842242
3028422,3955.110884255413
3028423,11.930101545267217
3028424,0.5265930089786117
3028425,20.651079067323504
3028426,17.51968946532204
3028427,0.11754841146000661
3028428,223.06570082638737
3028429,1.0077795935940055
3028430,4.793536691403982
3028431,8.227456477778896
3028432,25.23235941469908
3028433,1.0191466206209345
3028434,540.4988904677934
3028435,237.48061681625532
3028436,3.4148013223658604
3028437,5.816035245170564
3028438,150.12679619658073
3028439,61.941539525473445
3028440,1113.3326451233804
3028441,1.7837698444594527
3028442,5.052873850390253
3028443,1.6956534296354409
3028444,0.05304067212921608
3028445,0.8698203623541156
3028446,1238.0709459147117
3028447,0.003026441142734113
3028448,116.96764055772292
3028449,3.461282080275331
3028450,701.9830507114153
3028451,139.6703928058827
3028452,95.83011827399486
3028453,182.69056234826886
3028454,22.367554399943405
3028455,1744.0851785427462
3028456,1.6131122186044848
3028457,0.40433381385648137
3028458,8.49035081906168
3028459,3.6195959197143717
3028460,0.20467397120524772
3028461,80.03344872473627
3028462,0.00387886206999569
3028463,0.005826333941299845
3028464,1.409481074778305
3028465,43.32157525829001
3028466,0.2605703192493555
3028467,102.69709576611896
3028468,88.84616602371997
3028469,0.4368014755603777
3028470,1.359299384801039
3028471,62.66361768259923
3028472,11.22357966609618
3028473,182.82747101014647
3028474,0.14169406128827033
3028475,1.766659599854461
3028476,17.388783675530412
3028477,0.0674824860675023
3028478,2.543489857967126
3028479,2416.0703773375412
3028480,0.002982169354974024
3028481,244.48530851281555
3028482,13.63224536722589
3028483,1119.8193809626237
3028484,427.7640198873148
3028485,191.59255083140425
3028486,200.9950621920927
3028487,71.09952570268192
3028488,4069.5077872575325
3028489,4.327459836212519
3028490,0.5594983397640528
3028491,45.17102273621987
3028492,23.00868064114977
3028493,0.21795199789642514
3028494,203.83840351411283
3028495,0.003770153363213853
3028496,0.0069659226164127406
3028497,30.17480336213999
3028498,69.23098509054921
3028499,2.3833309173870596
3028500,382.7535244173776
3028501,231.3216166445142
3028502,3.0236533830260863
3028503,4.424411319718536
3028504,263.7447702698926
3028505,36.65956048748549
3028506,1709.8161705506786
3028507,0.13890919476235078
3028508,2.0714261295465013
3028509,3.432987763963751
3028510,0.3588563439934411
3028511,1.9557685748053448
3028512,2376.0054556731066
3028513,0.003039541901063447
3028514,637.6531033368145
3028515,8.744673947278484
3028516,846.0552461846839
3028517,545.1656302499686
3028518,220.99385183313206
3028519,103.0656495413514
3028520,78.96913876631329
3028521,3717.643692390732
3028522,7.080130798537971
3028523,2.787896662472841
3028524,23.023922493971565
3028525,33.306226747861665
3028526,0.2112985807547702
3028527,200.2482141183771
3028528,2.0407463535733785
3028529,3.7300694064725226
3028530,4.867955407859029
3028531,37.16627697788281
3028532,2.0761695077522617
3028533,233.25131077966952
3028534,264.6925606472764
3028535,2.888310797226022
3028536,5.478627414977592
3028537,135.02803349106918
3028538,28.90920424071499
3028539,585.5391671849939
3028540,3.7118506313890367
3028541,2.740514858729972
3028542,4.042699133276908
3028543,0.05762321739317444
3028544,1.1672898947167978
3028545,1524.4705317002547
3028546,0.00315050700763743
3028547,112.38394710308387
3028548,2.1983459720737524
3028549,470.73903670416473
3028550,154.65409808959907
3028551,97.69529463227909
3028552,191.71578706447715
3028553,45.1297020528867
3028554,1860.3153823336847
3028555,4.825970737495314
3028556,0.5646342756643765
3028557,10.125824958462667
3028558,6.10417581266374
3028559,0.22098961627497438
3028560,83.24905792987863
3028561,0.004044601895150741
3028562,0.021487902164404472
3028563,0.6223146668503183
3028564,46.40585195640331
3028565,0.6773561305014708
3028566,296.5302794506891
3028567,79.05083942057706
3028568,0.6771108450361032
3028569,1.1123787869929496
3028570,63.913265949015134
3028571,18.444091028553594
3028572,331.0313668685729
3028573,0.2146494409815662
3028574,0.9062336734872132
3028575,4.727408066897908
3028576,0.06523519523441448
3028577,1.07342294548068
3028578,3520.027853548849
3028579,0.0035330132902976013
3028580,526.4571075327005
3028581,9.380659381026243
3028582,959.4383380546271
3028583,565.3585777109892
3028584,220.57394923070424
3028585,137.53136383585087
3028586,84.18785504207507
3028587,3697.117715656388
3028588,7.764704117350441
3028589,0.46833880974215025
3028590,35.384195660414385
3028591,11.586927172145451
3028592,0.1307518659566593
3028593,196.86649344539066
3028594,0.052619514333438394
3028595,17.014954658806555
3028596,3.8087776908632898
3028597,80.15740741847478
3028598,1.0326417646193502
3028599,401.8177223454328
3028600,221.41477418196362
3028601,3.4878448287362787
3028602,3.53085122234549
3028603,130.37027462829428
3028604,43.92887863879988
3028605,1271.307439078083
3028606,2.1498062113111502
3028607,1.4358173692555305
3028608,3.8300233716843266
3028609,0.03393992803792829
3028610,6.845552476036705
3028611,2365.844123037966
3028612,0.06721581270335457
3028613,478.41375532304255
3028614,7.4286927023312295
3028615,857.5182659782456
3028616,828.5861590158726
3028617,147.755799575712
3028618,104.89755744680626
3028619,120.68233981702731
3028620,3181.5487458196967
3028621,37.96062577475092
3028622,1.4230610709362732
3028623,27.432159900764255
3028624,26.52018997702406
3028625,0.20392661228994843
3028626,177.76512388025503
3028627,19.04857385038657
3028628,17.444980566874396
3028629,2.618162302075437
3028630,95.18244552084724
3028631,8.568470369224544
3028632,201.50220395098057
3028633,248.89175319954256
3028634,10.694510349421495
3028635,10.466609253870717
3028636,213.0452810532161
3028637,86.58120461528488
3028638,2073.784611907179
3028639,0.09139507695021334
3028640,13.163790244005908
3028641,5.0860645166393565
3028642,0.01952519725338437
3028643,6.202810250182843
3028644,2147.022722883944
3028645,0.03729717890194356
3028646,401.0413501900309
3028647,11.63206250074667
3028648,822.170775350356
3028649,695.4350456346224
3028650,136.21332002636146
3028651,65.72549307730394
3028652,105.21176954388768
3028653,3130.6279486507556
3028654,23.76973346763283
3028655,1.2201487403432056
3028656,35.689510042329644
3028657,26.56216414591181
3028658,0.05771331928299733
3028659,229.80737138255574
3028660,17.607969795283168
3028661,12.402354971687405
3028662,9.968716197970966
3028663,89.45508977042456
3028664,9.288772745313702
3028665,129.7443015674335
3028666,289.07967483155494
3028667,6.22133828786475
3028668,8.627241273388481
3028669,110.34314651411196
3028670,72.97607699621844
3028671,1573.6925464631024
3028672,1.6884729679151476
3028673,14.392301798038416
3028674,8.176040454959129
3028675,0.24463064438751442
3028676,4.0742870674899105
3028677,2950.5480772918513
3028678,0.0033946771580842163
3028679,607.2066274081587
3028680,5.989711713196758
3028681,1410.8329498800285
3028682,524.3112762122897
3028683,173.02599475906962
3028684,255.52112355935438
3028685,62.789686388721734
3028686,4562.011026449528
3028687,25.421976782946942
3028688,1.6370734276406702
3028689,23.235157346239205
3028690,17.355534640700633
3028691,0.1713851367614742
3028692,276.98663557718186
3028693,4.655674859481495
3028694,11.665270359127998
3028695,11.780129812680396
3028696,50.264961465896455
3028697,3.5971888478998686
3028698,201.2014555472087
3028699,264.7505236312214
3028700,5.602323601094129
3028701,8.276365528087366
3028702,195.64615869646832
3028703,56.240272927906304
3028704,1252.9029770456648
3028705,13.441916504771015
3028706,12.483843802087616
3028707,4.064965204211142
3028708,0.09424398646577789
3028709,5.07283870425451
3028710,2042.2241612637188
3028711,0.06486418358614855
3028712,309.3285313928876
3028713,7.013707939606514
3028714,728.5722717603015
3028715,624.4837360199737
3028716,162.65643994563865
3028717,103.82715604592437
3028718,81.52588609011855
3028719,2700.0585273960824
3028720,21.55635919758349
3028721,1.18325748663344
3028722,14.509304541248241
3028723,10.964012822556063
3028724,0.23013987948106324
3028725,152.11622013097661
3028726,14.947673494548951
3028727,13.632558323355275
3028728,2.4317637425863348
3028729,70.87740583436664
3028730,6.268863735683469
3028731,275.6697739598483
3028732,185.4654063000108
3028733,5.709038105080014
3028734,7.458441659478585
3028735,286.84068900128466
3028736,60.62242358047867
3028737,1697.3723300697006
3028738,0.12678933089495048
3028739,21.81274730543995
3028740,3.25583094656456
3028741,0.20691785658469322
3028742,2.7800595619978266
3028743,4696.031811166355
3028744,0.003188543314372824
3028745,387.1416547219039
3028746,9.257239175026688
3028747,1656.6344738068021
3028748,504.69854920321285
3028749,246.55214351297172
3028750,149.9527280224472
3028751,65.48428433737519
3028752,4976.191772226833
3028753,9.722038150547455
3028754,1.624884905909134
3028755,29.40301199028614
3028756,22.022074734049394
3028757,0.18548096791775193
3028758,323.35779983907486
3028759,0.004037291924712538
3028760,0.21662466375511552
3028761,7.855705341685506
3028762,43.520992248770334
3028763,1.9021276531068654
3028764,165.38783962738586
3028765,267.7542773981015
3028766,2.916304490709539
3028767,8.778100658070725
3028768,167.17961668846132
3028769,45.337851152395956
3028770,1019.5847307311702
3028771,1.108451803066052
3028772,4.6853917692150855
3028773,6.004145827429763
3028774,0.02406479563537184
3028775,6.597410775940067
3028776,2249.0318435345584
3028777,0.03529685308135769
3028778,436.1594279787688
3028779,10.927733584637755
3028780,863.7656102681007
3028781,582.6724696546253
3028782,181.03642859490049
3028783,100.33898813261322
3028784,125.71225026372616
3028785,3303.4552247024058
3028786,26.34510528491949
3028787,1.0815276270666097
3028788,23.76101543322303
3028789,28.659876902641887
3028790,0.10985120401107357
3028791,190.14796707068984
3028792,11.555094714970497
3028793,14.174966005129257
3028794,7.718315538119129
3028795,71.10322213192752
3028796,9.7968815655328
3028797,173.00615295101386
3028798,278.56334484520664
3028799,10.113089933276504
3028800,7.009475992999819
3028801,152.574098023185
3028802,51.70634906852376
3028803,1620.969091189921
3028804,0.6186628564304746
3028805,6.282665786919551
3028806,3.0385943663459054
3028807,0.07576092366127823
3028808,3.584155534648832
3028809,2440.329016869047
3028810,0.07501150724480067
3028811,375.0273600429641
3028812,8.685138645177567
3028813,602.9126968550752
3028814,687.4839069019082
3028815,150.90726836436875
3028816,95.80538989286106
3028817,92.48894396124922
3028818,2538.185883594885
3028819,24.338379344008445
3028820,0.8489374775886802
3028821,21.84338346042694
3028822,17.101276352068304
3028823,0.08649212440139697
3028824,163.83403031935703
3028825,10.94268489198735
3028826,26.68630331942294
3028827,4.588099158748831
3028828,57.92508679038877
3028829,8.378970938261931
3028830,191.31854600212338
3028831,186.36262181098527
3028832,7.486852894068685
3028833,7.12662768172631
3028834,191.0639916207906
3028835,44.95869322090805
3028836,1846.8048263191122
3028837,0.3826625348728024
3028838,11.86591718256615
3028839,6.758994979313632
3028840,0.09755533182876942
3028841,3.1199918184485016
3028842,4505.793359421604
3028843,0.0036743210114383393
3028844,509.8573806038789
3028845,10.738141452748012
3028846,1226.9186042190265
3028847,585.9025355143898
3028848,270.39609668688917
3028849,193.0051765571542
3028850,62.48011583944863
3028851,4310.458184982281
3028852,9.046961291925944
3028853,0.5559730225428728
3028854,19.900872941539433
3028855,17.51801707014978
3028856,0.14263916261198947
3028857,223.19728620470795
3028858,0.004476585553811708
3028859,5.98410212910214
3028860,2.294239832936456
3028861,71.73451241290901
3028862,2.8040617998453192
3028863,267.9957504184149
3028864,264.36279123963084
3028865,2.6568714321450866
3028866,2.7738839598123706
3028867,237.89626585392344
3028868,109.42011080619562
3028869,1135.9991049411763
3028870,2.0356222051380106
3028871,0.8364802022020592
3028872,14.547754284770633
3028873,0.0031459529721472195
3028874,13.030293904297565
3028875,7969.799495834763
3028876,0.0682229661261281
3028877,1234.153667361532
3028878,27.973374097817008
3028879,1997.8116289441975
3028880,2024.3921616950088
3028881,432.2222335723807
3028882,437.70288013990705
3028883,348.4264431117093
3028884,7702.053953288276
3028885,67.41753689451394
3028886,3.9202570058185433
3028887,105.84974907595098
3028888,98.8695687830772
3028889,1.1017813023899992
3028890,499.33028429153353
3028891,27.127336648183675
3028892,20.06724326039086
3028893,61.67636336386738
3028894,290.31921723089454
3028895,20.753642761277213
3028896,694.1721490422885
3028897,461.93340725078275
3028898,29.706879901157038
3028899,29.687348481447685
3028900,894.879167998301
3028901,298.83732601801955
3028902,6975.341466780037
3028903,250.88622095423318
3028904,72.19005545835284
3028905,14.07516450543365
3028906,0.0031176444788469956
3028907,12.094755608919906
3028908,6613.855764933764
3028909,0.0802870866375016
3028910,999.573402652128
3028911,26.82377605905231
3028912,1986.498477801677
3028913,1780.2732104893876
3028914,529.3377216332581
3028915,267.21764128146964
3028916,276.648698102892
3028917,8135.072256985293
3028918,76.33521931628253
3028919,1.4681506181211346
3028920,64.9374206344167
3028921,75.63135431237602
3028922,0.9790372403168187
3028923,478.03372322110334
3028924,19.122183180509303
3028925,25.884197657008933
3028926,25.00228568192324
3028927,205.87673647470635
3028928,15.098938896839542
3028929,829.8992135023263
3028930,526.0344336077097
3028931,18.744751539954198
3028932,22.236335379336857
3028933,916.6646416714348
3028934,211.14057488620466
3028935,4521.700735506062
3028936,284.8716984652241
3028937,64.49581743796045
3028938,11.145978028125802
3028939,0.0029706630749264957
3028940,16.831440079616968
3028941,4481.395586185314
3028942,0.11836660119197487
3028943,714.3163724671892
3028944,14.059726545091479
3028945,1792.009897605718
3028946,1181.1670387716683
3028947,588.8724124273722
3028948,99.01102572293544
3028949,200.44837078339583
3028950,7473.1638673893785
3028951,36.92738763263925
3028952,2.475318031196754
3028953,38.294096864487976
3028954,30.53061030087376
3028955,0.6753843849483305
3028956,477.57190892778937
3028957,26.49843002927505
3028958,17.515197708485616
3028959,14.153354898447937
3028960,110.03479085066878
3028961,8.826502917141763
3028962,760.0853912852708
3028963,552.1249526318977
3028964,18.62796065517053
3028965,26.72939009252337
3028966,566.2526816399511
3028967,111.8924717600191
3028968,2042.3750847379345
3028969,230.21077318631632
3028970,38.123349845443556
3028971,13.736261390467117
3028972,0.002998920049961953
3028973,17.50903146431953
3028974,6459.610605740691
3028975,0.08873424187198724
3028976,943.9953222949849
3028977,20.38107797751228
3028978,1861.5624541782952
3028979,1676.932237931878
3028980,508.4515589583606
3028981,244.89014396701626
3028982,229.5979510085848
3028983,7629.332337515942
3028984,42.695383886608845
3028985,1.517815800027786
3028986,66.17625791340208
3028987,59.30144121749043
3028988,1.077067660697397
3028989,489.9435536135979
3028990,25.209963962466947
3028991,24.87261639883526
3028992,16.10367094092226
3028993,162.88792038574377
3028994,12.09297116768627
3028995,648.4279781227873
3028996,565.2864824164226
3028997,17.69910398858154
3028998,22.170064878848272
3028999,805.1530782801055
3029000,186.2171205172871
3029001,4189.0258470098925
3029002,265.20838641423575
3029003,55.00641875599371
3029004,11.082967379451606
3029005,0.0029706630749264957
3029006,15.323080854863466
3029007,3479.417438822049
3029008,0.03364788602172263
3029009,604.9883979169898
3029010,16.19758130314679
3029011,1696.2928355673794
3029012,944.2257042135743
3029013,469.6235849252996
3029014,72.04531158112826
3029015,153.3804082732278
3029016,5844.40541699674
3029017,31.902801084580886
3029018,0.5585777098394714
3029019,31.78221765583839
3029020,28.57495589147443
3029021,0.24117044252304098
3029022,412.5726572275309
3029023,25.108141610824084
3029024,9.427928551104824
3029025,6.71600832971136
3029026,92.61161066542121
3029027,5.006997371570965
3029028,640.9405330190002
3029029,563.927172896516
3029030,13.941913640841213
3029031,17.05415104217944
3029032,585.4577070957411
3029033,79.09448021601216
3029034,1512.8837481817193
3029035,321.367326692672
3029036,20.737089079640175
3029037,10.280593774257643
3029038,0.00317846907324217
3029039,10.596999864406094
3029040,5232.905301524657
3029041,0.06520098483686003
3029042,981.4186211196335
3029043,27.04019440773213
3029044,1494.7492738351066
3029045,1751.477257018789
3029046,336.9973250873391
3029047,346.9410059682347
3029048,267.38574281846337
3029049,6617.313418471493
3029050,59.86586453591454
3029051,1.4669427241232773
3029052,47.5641229896639
3029053,47.41919376546991
3029054,0.7470814312417395
3029055,337.4171841587135
3029056,15.447135545290534
3029057,22.462422671650025
3029058,11.369031216143497
3029059,203.15919860459596
3029060,15.891972818621332
3029061,582.5572560486004
3029062,420.59406766430243
3029063,14.91555266171723
3029064,26.286969028958353
3029065,719.5965706733493
3029066,195.8004411158972
3029067,5614.3756128635605
3029068,216.52471275465433
3029069,62.32521976644621
3029070,5.1961013210778235
3029071,0.280140801318837
3029072,5.681904684358734
3029073,1586.5609957484255
3029074,0.038001869658231
3029075,311.14626042865217
3029076,23.134581715948457
3029077,804.353599093163
3029078,481.92613309265977
3029079,197.05746593338662
3029080,70.707054071474
3029081,92.31302055397867
3029082,2622.2276531776006
3029083,23.776687540039173
3029084,1.1055747093582888
3029085,24.534622996757598
3029086,22.7664362344359
3029087,0.13294358934099382
3029088,145.33667600333035
3029089,9.871160245652366
3029090,6.197364562894105
3029091,11.9438721478665
3029092,56.7751217072741
3029093,6.820875824895117
3029094,199.64586357236416
3029095,213.92600703142347
3029096,2.876970930092206
3029097,6.204262708794529
3029098,182.84152428842958
3029099,57.14491501426935
3029100,1259.8510796119747
3029101,0.6908818644325025
3029102,10.602258090790212
3029103,9.839743702079424
3029104,0.003013202429455812
3029105,10.722597961780535
3029106,3499.8926206165042
3029107,0.06692302539404653
3029108,501.14302664284133
3029109,31.194061838211024
3029110,1299.1909430373728
3029111,879.2657847023238
3029112,386.47450007469354
3029113,79.69927465876331
3029114,140.26155370116948
3029115,5219.7251518876665
3029116,53.081293061083265
3029117,1.394736850286639
3029118,52.725043747763145
3029119,38.077533870130694
3029120,0.19463605149177335
3029121,274.8471347064423
3029122,15.653634446595207
3029123,8.442093532032093
3029124,4.264730298688728
3029125,111.91080674555454
3029126,8.532960001374452
3029127,493.43475046654146
3029128,420.2704285709711
3029129,9.245247097770102
3029130,18.122656540920968
3029131,324.1844054738661
3029132,79.67080793562369
3029133,1769.8174563865136
3029134,246.27601001021458
3029135,16.835072111241566
3029136,6.480623510786824
3029137,0.002759755275608097
3029138,4.475062283964758
3029139,3865.9292366138898
3029140,0.05490251471385863
3029141,720.9265992128303
3029142,10.237739553688137
3029143,1179.9015595355327
3029144,1302.8307497116366
3029145,218.24380921417375
3029146,251.29745402551703
3029147,206.47225760025333
3029148,4423.9999424159705
3029149,35.96083886087957
3029150,1.6561789212572977
3029151,33.632075160485044
3029152,38.40675533259107
3029153,0.4889974030581248
3029154,206.41227642814803
3029155,2.6550515242485946
3029156,35.34746348121125
3029157,4.9194976840107385
3029158,121.21106964651077
3029159,9.156066108856031
3029160,476.8260169702737
3029161,249.40080512612803
3029162,16.521800426237263
3029163,9.25475769663205
3029164,559.8669992493535
3029165,110.80270741014432
3029166,4128.462816120833
3029167,2.9370096652178055
3029168,41.854843005056814
3029169,8.801930605164227
3029170,0.0037978766045155916
3029171,7.050910610105361
3029172,3949.238293585382
3029173,0.0038119606756080015
3029174,814.5042710003627
3029175,10.969696933253731
3029176,1366.146259901984
3029177,1000.0872783343584
3029178,294.7688827214716
3029179,180.45783200680575
3029180,264.9721309796972
3029181,5283.476099050719
3029182,30.708653175829344
3029183,3.1063387329151277
3029184,53.23988816416555
3029185,40.87922541199659
3029186,0.15515751523630414
3029187,296.5592575237166
3029188,7.712922035861633
3029189,55.13778317725313
3029190,8.018004025482783
3029191,254.11939818914448
3029192,10.680957814701985
3029193,351.82192439761155
3029194,314.11701666285103
3029195,13.220612379941638
3029196,23.160425324562674
3029197,357.7939489669021
3029198,110.40224617838585
3029199,3543.220539786527
3029200,4.765218177310895
3029201,8.515394386272197
3029202,7.370861882175263
3029203,0.029291199620297408
3029204,3.511090723172704
3029205,2033.5585848801625
3029206,0.03361889864669023
3029207,407.4373579354399
3029208,7.026364134128299
3029209,877.1896824947811
3029210,455.9285213319081
3029211,194.7966286665386
3029212,69.7372192270264
3029213,95.05874229386909
3029214,2672.5241182107175
3029215,14.59635081144283
3029216,1.2386469562038356
3029217,22.809173668934662
3029218,20.08300676219013
3029219,0.10523399854661135
3029220,148.75716003933718
3029221,4.6623920339668325
3029222,8.025479866078163
3029223,5.8221734435073955
3029224,85.50170888347488
3029225,3.5362324074221254
3029226,212.88938059876082
3029227,188.06758756680676
3029228,4.159768259896378
3029229,6.119186214424088
3029230,154.4492805648862
3029231,54.67757699279858
3029232,1534.7128824651138
3029233,0.40663372699065614
3029234,4.036403867594594
3029235,6.044040067914216
3029236,0.08785458164735044
3029237,0.6205230179321364
3029238,2824.384032469753
3029239,0.0031949550456860753
3029240,191.97278717561463
3029241,4.481641704679671
3029242,909.4193492460378
3029243,205.59316372491548
3029244,177.15058545545355
3029245,57.124543304069334
3029246,29.66728171893089
3029247,3227.2275896711803
3029248,11.942335254321538
3029249,0.7630209530162348
3029250,17.76655314508398
3029251,10.993021535041212
3029252,0.127103130649011
3029253,175.8731287438859
3029254,0.004030353154458952
3029255,0.004251521867577479
3029256,4.220312945247014
3029257,37.9809531488713
3029258,0.8931114367932063
3029259,57.081068486982005
3029260,159.3116866543255
3029261,0.07392796001625138
3029262,2.0950029608870153
3029263,51.30635271255533
3029264,74.28768046815242
3029265,503.6039076631355
3029266,0.10187272253013166
3029267,2.5237297871932727
3029268,6.044643450175428
3029269,0.01178093219365128
3029270,6.153515346463557
3029271,2661.521848802371
3029272,0.022397380842146063
3029273,449.9914813312856
3029274,11.201039456917478
3029275,981.1780716281929
3029276,810.8809968916589
3029277,276.74409732021593
3029278,126.032283167172
3029279,124.3219474130147
3029280,4078.525181016693
3029281,27.540612675184466
3029282,0.9418193482754676
3029283,22.53334097967993
3029284,45.778218700569724
3029285,0.10078369294790836
3029286,210.6674074519063
3029287,18.121180737677598
3029288,12.215952380292228
3029289,10.4692792234558
3029290,75.81791353415578
3029291,6.1603808174883055
3029292,351.4099019024054
3029293,271.74971431100175
3029294,7.984806299308333
3029295,11.777160294266864
3029296,402.4994050199012
3029297,87.7490943744477
3029298,1879.1681294169264
3029299,0.07039494259327138
3029300,30.273106496728566
3029301,4.695604052601162
3029302,0.03893983899560337
3029303,5.592293890734288
3029304,3670.8415333792836
3029305,0.16477793005219227
3029306,578.2832069672382
3029307,16.712473194852876
3029308,907.5448327217167
3029309,1171.2451210306378
3029310,161.13524510576195
3029311,226.40572320829335
3029312,180.40792048988382
3029313,3463.2125568617494
3029314,35.944277718549955
3029315,2.4672822289836858
3029316,29.411258586833704
3029317,33.32017838627766
3029318,0.8446358250890125
3029319,181.17645461028377
3029320,10.937947951236131
3029321,31.461102785439
3029322,8.500574250455422
3029323,131.47221825833833
3029324,12.841308504520033
3029325,410.1845241776131
3029326,207.6944765764243
3029327,6.324781776079465
3029328,11.70415441880515
3029329,516.951008493254
3029330,128.6928535507109
3029331,4041.7597966906014
3029332,0.37516367287350755
3029333,40.58932803390067
3029334,4.140562716958331
3029335,0.3672958677178778
3029336,8.44278835751846
3029337,3588.4669815693173
3029338,0.06493626344772496
3029339,681.2034008750933
3029340,19.062627127762426
3029341,1052.8108553583425
3029342,1251.1118706213829
3029343,232.149578986389
3029344,233.93015011777422
3029345,138.15177223076452
3029346,4161.124136081216
3029347,33.18126593041231
3029348,2.495873445935348
3029349,36.20961800647065
3029350,41.56942830494831
3029351,0.28365203657118204
3029352,252.70943899831323
3029353,24.35110225541316
3029354,28.922015409646882
3029355,23.525121945989696
3029356,134.41018340013858
3029357,16.536648023273795
3029358,361.50058665413803
3029359,263.63208899094093
3029360,14.709087869975276
3029361,16.366644693774138
3029362,446.44134211238975
3029363,136.65949716466534
3029364,3232.616073465153
3029365,0.8210368466724124
3029366,31.894878250060938
3029367,11.330468675006815
3029368,0.2943137514903254
3029369,7.0534733410037305
3029370,2700.8945233705717
3029371,0.003286744579453673
3029372,439.2373004544671
3029373,14.064730079988307
3029374,1482.6013562676058
3029375,681.5768998033867
3029376,537.9107510597012
3029377,162.28210906709364
3029378,82.73043223990712
3029379,5446.86747996037
3029380,11.09393637205317
3029381,1.5451398940975165
3029382,44.899086850091635
3029383,36.10955031459839
3029384,0.10836748848087577
3029385,316.55274061979566
3029386,8.981395566299431
3029387,5.223693078693977
3029388,9.154744348616669
3029389,49.423218925155176
3029390,3.3444730034533245
3029391,477.42654618011034
3029392,389.4281964796266
3029393,5.7117518575359005
3029394,7.0772360184073975
3029395,395.70170441364223
3029396,93.65757536349655
3029397,1224.9259433866916
3029398,137.6276221476467
3029399,15.889837222979446
